	TF	target	importance	count	shuffled_occurences	pvalue	p_adj
14	NKX3-1	NR1H4	89.80173475258927	0.0	1000	0.000999000999000999	0.0037530037530037526
154	NR1H4	SPDEF	87.94095368556557	0.0	1000	0.000999000999000999	0.0037530037530037526
112	NKX3-1	SPDEF	84.84329854588623	0.0	1000	0.000999000999000999	0.0037530037530037526
175	NR1H4	BCL2L1	83.43412239052307	0.0	1000	0.000999000999000999	0.0037530037530037526
155	NR1H4	SPINT2	81.84523248473441	0.0	1000	0.000999000999000999	0.0037530037530037526
163	NR1H4	VEGFA	81.28980317777042	0.0	1000	0.000999000999000999	0.0037530037530037526
127	NR1H4	AHR	79.12233250054963	0.0	1000	0.000999000999000999	0.0037530037530037526
144	NR1H4	MED1	78.19727060014571	0.0	1000	0.000999000999000999	0.0037530037530037526
90	NKX3-1	BGLAP	77.65581629247377	0.0	1000	0.000999000999000999	0.0037530037530037526
132	NR1H4	BGLAP	77.04697282521614	0.0	1000	0.000999000999000999	0.0037530037530037526
147	NR1H4	PTGFR	75.25016726587151	0.0	1000	0.000999000999000999	0.0037530037530037526
136	NR1H4	EDN1	73.62597565702335	0.0	1000	0.000999000999000999	0.0037530037530037526
183	NR1H4	CYP7A1	73.42464416679135	0.0	1000	0.000999000999000999	0.0037530037530037526
84	NKX3-1	ABL2	73.00619389716184	0.0	1000	0.000999000999000999	0.0037530037530037526
131	NR1H4	ATP8B1	72.9712942439369	0.0	1000	0.000999000999000999	0.0037530037530037526
142	NR1H4	KCNH2	71.9558969316395	0.0	1000	0.000999000999000999	0.0037530037530037526
171	NR1H4	APOA1	71.05248610449323	0.0	1000	0.000999000999000999	0.0037530037530037526
141	NR1H4	JUN	67.1747973750297	0.0	1000	0.000999000999000999	0.0037530037530037526
156	NR1H4	SREBF1	66.18121866133328	0.0	1000	0.000999000999000999	0.0037530037530037526
85	NKX3-1	AHR	64.51927351089263	0.0	1000	0.000999000999000999	0.0037530037530037526
149	NR1H4	SCARB1	63.52769333647314	0.0	1000	0.000999000999000999	0.0037530037530037526
102	NKX3-1	MED1	63.323092455787545	0.0	1000	0.000999000999000999	0.0037530037530037526
197	NR1H4	LGALS9	63.00274076913101	0.0	1000	0.000999000999000999	0.0037530037530037526
92	NKX3-1	CASP9	61.750451527709046	0.0	1000	0.000999000999000999	0.0037530037530037526
135	NR1H4	CCND1	61.66375699343897	0.0	1000	0.000999000999000999	0.0037530037530037526
2	NR1H4	NKX3-1	60.69265329000416	0.0	1000	0.000999000999000999	0.0037530037530037526
89	NKX3-1	ATP8B1	59.99557221125351	0.0	1000	0.000999000999000999	0.0037530037530037526
176	NR1H4	C3	59.31675244892556	0.0	1000	0.000999000999000999	0.0037530037530037526
205	NR1H4	NISCH	59.171779860500095	0.0	1000	0.000999000999000999	0.0037530037530037526
173	NR1H4	AR	59.103561270234984	0.0	1000	0.000999000999000999	0.0037530037530037526
152	NR1H4	SLC2A4	58.90766250715338	0.0	1000	0.000999000999000999	0.0037530037530037526
91	NKX3-1	CASP3	57.12143973911791	0.0	1000	0.000999000999000999	0.0037530037530037526
213	NR1H4	SHISA5	57.02268244046687	0.0	1000	0.000999000999000999	0.0037530037530037526
134	NR1H4	CASP9	55.83988241127452	0.0	1000	0.000999000999000999	0.0037530037530037526
162	NR1H4	ULBP1	55.834553037178495	0.0	1000	0.000999000999000999	0.0037530037530037526
121	NKX3-1	VEGFA	54.84946152794552	0.0	1000	0.000999000999000999	0.0037530037530037526
139	NR1H4	GTF2I	54.77691684558583	0.0	1000	0.000999000999000999	0.0037530037530037526
157	NKX3-1	SHISA5	54.473663409036746	0.0	1000	0.000999000999000999	0.0037530037530037526
99	NKX3-1	JUN	54.3181540966325	0.0	1000	0.000999000999000999	0.0037530037530037526
129	NR1H4	APOA5	54.08970413406113	0.0	1000	0.000999000999000999	0.0037530037530037526
100	NKX3-1	KCNH2	53.281075056367655	0.0	1000	0.000999000999000999	0.0037530037530037526
185	NR1H4	EGFR	52.45646894212601	0.0	1000	0.000999000999000999	0.0037530037530037526
151	NR1H4	SLC22A7	52.33383107959879	0.0	1000	0.000999000999000999	0.0037530037530037526
190	NR1H4	GRHL1	51.352647073736165	0.0	1000	0.000999000999000999	0.0037530037530037526
133	NR1H4	CASP3	51.31412546217116	0.0	1000	0.000999000999000999	0.0037530037530037526
159	NKX3-1	SLC1A5	51.047802660178455	0.0	1000	0.000999000999000999	0.0037530037530037526
93	NKX3-1	CCND1	51.03174062960888	0.0	1000	0.000999000999000999	0.0037530037530037526
161	NR1H4	UGT2B7	50.86198137882987	0.0	1000	0.000999000999000999	0.0037530037530037526
158	NR1H4	TLR9	50.49240458642469	0.0	1000	0.000999000999000999	0.0037530037530037526
134	NKX3-1	GRHL1	49.97865829685033	0.0	1000	0.000999000999000999	0.0037530037530037526
4	HDAC3	NR1H4	48.94102513790006	0.0	1000	0.000999000999000999	0.0037530037530037526
148	NR1H4	RAB3B	48.17901578332479	0.0	1000	0.000999000999000999	0.0037530037530037526
164	NR1H4	VEGFC	47.73690707501666	0.0	1000	0.000999000999000999	0.0037530037530037526
150	NR1H4	SELENOH	47.58377829414129	0.0	1000	0.000999000999000999	0.0037530037530037526
109	NKX3-1	SLC22A7	47.56752179474031	0.0	1000	0.000999000999000999	0.0037530037530037526
87	NKX3-1	APOA5	46.8306291579092	0.0	1000	0.000999000999000999	0.0037530037530037526
221	NR1H4	TNF	45.03162749769438	0.0	1000	0.000999000999000999	0.0037530037530037526
194	NR1H4	INS	44.29821177784737	0.0	1000	0.000999000999000999	0.0037530037530037526
23	NKX3-1	MAP4K4	44.20455972141134	0.0	1000	0.000999000999000999	0.0037530037530037526
204	NR1H4	NELFE	44.0850779745422	0.0	1000	0.000999000999000999	0.0037530037530037526
88	NKX3-1	APOC3	43.67453210135092	0.0	1000	0.000999000999000999	0.0037530037530037526
13	NR1H4	HDAC3	43.52336874779714	0.0	1000	0.000999000999000999	0.0037530037530037526
160	NR1H4	TP73	43.06606982517942	0.0	1000	0.000999000999000999	0.0037530037530037526
222	NR1H4	UGT2B4	43.02305553099366	0.0	1000	0.000999000999000999	0.0037530037530037526
110	NKX3-1	SLC2A4	43.02304976149476	0.0	1000	0.000999000999000999	0.0037530037530037526
206	NR1H4	NR0B1	42.89431213546808	0.0	1000	0.000999000999000999	0.0037530037530037526
37	NKX3-1	CARM1	42.24164500213401	0.0	1000	0.000999000999000999	0.0037530037530037526
108	NKX3-1	SELENOH	42.233356897323816	0.0	1000	0.000999000999000999	0.0037530037530037526
212	NR1H4	RNF10	41.7091670622043	0.0	1000	0.000999000999000999	0.0037530037530037526
122	NKX3-1	VEGFC	41.65690383624935	0.0	1000	0.000999000999000999	0.0037530037530037526
37	HDAC3	VEGFA	41.58161430252604	0.0	1000	0.000999000999000999	0.0037530037530037526
166	NKX3-1	UGT2B4	41.541853310530364	0.0	1000	0.000999000999000999	0.0037530037530037526
189	NR1H4	GCM1	41.51928621526681	0.0	1000	0.000999000999000999	0.0037530037530037526
200	NR1H4	MAPK1	41.04136933057381	0.0	1000	0.000999000999000999	0.0037530037530037526
207	NR1H4	PCK2	40.855459916224135	0.0	1000	0.000999000999000999	0.0037530037530037526
30	HDAC3	LSS	39.98615185162282	0.0	1000	0.000999000999000999	0.0037530037530037526
127	NKX3-1	CYP7A1	39.63077290429323	0.0	1000	0.000999000999000999	0.0037530037530037526
28	HDAC3	SPDEF	39.11563952739923	0.0	1000	0.000999000999000999	0.0037530037530037526
130	NR1H4	APOC3	39.10782821041975	0.0	1000	0.000999000999000999	0.0037530037530037526
170	NR1H4	ACTG2	38.96279112821157	0.0	1000	0.000999000999000999	0.0037530037530037526
174	NR1H4	BCL2	38.824128307863965	0.0	1000	0.000999000999000999	0.0037530037530037526
117	NKX3-1	TP53	38.78329001517712	0.0	1000	0.000999000999000999	0.0037530037530037526
126	NR1H4	ABL2	38.71596779104984	0.0	1000	0.000999000999000999	0.0037530037530037526
186	NR1H4	FGF19	38.581888107295015	0.0	1000	0.000999000999000999	0.0037530037530037526
138	NKX3-1	INS	38.54573581781298	0.0	1000	0.000999000999000999	0.0037530037530037526
214	NR1H4	SLC10A2	38.201217140750074	0.0	1000	0.000999000999000999	0.0037530037530037526
203	NR1H4	NBN	37.77494446801592	0.0	1000	0.000999000999000999	0.0037530037530037526
209	NR1H4	PML	37.52746978481932	0.0	1000	0.000999000999000999	0.0037530037530037526
181	NR1H4	CLIC4	37.48970337318611	0.0	1000	0.000999000999000999	0.0037530037530037526
116	NKX3-1	TLR9	36.12680830394169	0.0	1000	0.000999000999000999	0.0037530037530037526
220	NR1H4	TIMP1	36.070887425327896	0.0	1000	0.000999000999000999	0.0037530037530037526
184	NR1H4	DDAH1	34.95103517366521	0.0	1000	0.000999000999000999	0.0037530037530037526
22	HDAC3	GRHL1	34.70925369125433	0.0	1000	0.000999000999000999	0.0037530037530037526
150	NKX3-1	NR0B1	34.69757404544194	0.0	1000	0.000999000999000999	0.0037530037530037526
115	NKX3-1	APOA1	34.48824613174487	0.0	1000	0.000999000999000999	0.0037530037530037526
128	NR1H4	ALOX5	34.33102905572225	0.0	1000	0.000999000999000999	0.0037530037530037526
153	NR1H4	SMAD7	34.181886645816405	0.0	1000	0.000999000999000999	0.0037530037530037526
216	NR1H4	SLC51A	33.705628418638	0.0	1000	0.000999000999000999	0.0037530037530037526
55	NR1H4	CD44	33.541013752794505	0.0	1000	0.000999000999000999	0.0037530037530037526
149	NKX3-1	NISCH	33.38772973835632	0.0	1000	0.000999000999000999	0.0037530037530037526
178	NR1H4	CBX5	33.30778286556728	0.0	1000	0.000999000999000999	0.0037530037530037526
37	HDAC3	NISCH	33.15940226481041	0.0	1000	0.000999000999000999	0.0037530037530037526
208	NR1H4	PLTP	33.13045942781054	0.0	1000	0.000999000999000999	0.0037530037530037526
219	NR1H4	TBPL1	32.74426322446011	0.0	1000	0.000999000999000999	0.0037530037530037526
137	NR1H4	FABP6	32.55453077346659	0.0	1000	0.000999000999000999	0.0037530037530037526
195	NR1H4	KLK3	32.288497652556885	0.0	1000	0.000999000999000999	0.0037530037530037526
5	HDAC3	ATP8B1	32.155392658176346	0.0	1000	0.000999000999000999	0.0037530037530037526
159	NR1H4	TP53	32.13853196355817	0.0	1000	0.000999000999000999	0.0037530037530037526
143	NR1H4	KNG1	31.99195361793738	0.0	1000	0.000999000999000999	0.0037530037530037526
144	NKX3-1	MAPK1	31.941866137210038	0.0	1000	0.000999000999000999	0.0037530037530037526
145	NR1H4	NR0B2	31.93089127407916	0.0	1000	0.000999000999000999	0.0037530037530037526
215	NR1H4	SLC1A5	31.921381523590135	0.0	1000	0.000999000999000999	0.0037530037530037526
7	HDAC3	CASP3	31.011631118514835	0.0	1000	0.000999000999000999	0.0037530037530037526
180	NR1H4	CHD1	30.935539777711156	0.0	1000	0.000999000999000999	0.0037530037530037526
151	NKX3-1	PCK2	30.8394707124154	0.0	1000	0.000999000999000999	0.0037530037530037526
6	HDAC3	BGLAP	30.836135817850778	0.0	1000	0.000999000999000999	0.0037530037530037526
218	NR1H4	SQSTM1	30.4660766719015	0.0	1000	0.000999000999000999	0.0037530037530037526
15	HDAC3	JUN	30.074826772805686	0.0	1000	0.000999000999000999	0.0037530037530037526
163	NKX3-1	TBPL1	30.05292022895359	0.0	1000	0.000999000999000999	0.0037530037530037526
17	HDAC3	EGFR	29.782496081444194	0.0	1000	0.000999000999000999	0.0037530037530037526
148	NKX3-1	NELFE	29.761471852789544	0.0	1000	0.000999000999000999	0.0037530037530037526
82	MEOX2	INS	29.72833791921834	0.0	1000	0.000999000999000999	0.0037530037530037526
269	ZNF667	SHISA5	29.693829172329522	0.0	1000	0.000999000999000999	0.0037530037530037526
21	HDAC3	PTGFR	29.168739614736083	0.0	1000	0.000999000999000999	0.0037530037530037526
1	HDAC3	AHR	29.10428285255648	0.0	1000	0.000999000999000999	0.0037530037530037526
198	NR1H4	LSS	29.083804156718795	0.0	1000	0.000999000999000999	0.0037530037530037526
169	NR1H4	ABCC2	29.011026356976902	0.0	1000	0.000999000999000999	0.0037530037530037526
147	NKX3-1	NBN	28.62442534875613	0.0	1000	0.000999000999000999	0.0037530037530037526
120	NKX3-1	C3	28.55609796245853	0.0	1000	0.000999000999000999	0.0037530037530037526
210	NR1H4	PON1	28.48934066801373	0.0	1000	0.000999000999000999	0.0037530037530037526
2	HDAC3	ALOX5	28.358673073670797	0.0	1000	0.000999000999000999	0.0037530037530037526
8	HDAC3	CASP9	28.34209406607015	0.0	1000	0.000999000999000999	0.0037530037530037526
94	NKX3-1	EDN1	28.150203183396933	0.0	1000	0.000999000999000999	0.0037530037530037526
0	HDAC3	NKX3-1	28.107389119750678	1.0	1000	0.001998001998001998	0.006708267577832795
32	HDAC3	TLR9	28.008540993319684	0.0	1000	0.000999000999000999	0.0037530037530037526
117	NKX3-1	AR	27.925394267913003	0.0	1000	0.000999000999000999	0.0037530037530037526
182	NR1H4	CXCR4	27.91402541586552	0.0	1000	0.000999000999000999	0.0037530037530037526
193	NR1H4	IGFBP6	27.848149685916695	0.0	1000	0.000999000999000999	0.0037530037530037526
8	HDAC3	C3	27.84082063365404	0.0	1000	0.000999000999000999	0.0037530037530037526
123	NKX3-1	CDKN2A	27.839333854612914	0.0	1000	0.000999000999000999	0.0037530037530037526
105	NKX3-1	PTGFR	27.649714315816087	0.0	1000	0.000999000999000999	0.0037530037530037526
54	NR1H4	CARM1	27.647552800846555	1.0	1000	0.001998001998001998	0.006708267577832795
18	HDAC3	MED1	27.527230659652353	0.0	1000	0.000999000999000999	0.0037530037530037526
7	HDAC3	BCL2L1	27.423590193545714	0.0	1000	0.000999000999000999	0.0037530037530037526
129	NKX3-1	EGFR	27.31537668192445	0.0	1000	0.000999000999000999	0.0037530037530037526
141	NKX3-1	LGALS9	26.95933675974093	0.0	1000	0.000999000999000999	0.0037530037530037526
27	HDAC3	SMAD7	26.90032887368466	0.0	1000	0.000999000999000999	0.0037530037530037526
45	HDAC3	SHISA5	26.898776987815662	0.0	1000	0.000999000999000999	0.0037530037530037526
16	HDAC3	DDAH1	26.784798388337936	0.0	1000	0.000999000999000999	0.0037530037530037526
114	NKX3-1	SREBF1	26.774371724772934	0.0	1000	0.000999000999000999	0.0037530037530037526
231	ZNF667	BCL2L1	26.76625633810227	0.0	1000	0.000999000999000999	0.0037530037530037526
53	HDAC3	TNF	26.479533145629585	0.0	1000	0.000999000999000999	0.0037530037530037526
124	NKX3-1	CHD1	26.350114459936673	0.0	1000	0.000999000999000999	0.0037530037530037526
10	HDAC3	EDN1	26.259737580572835	0.0	1000	0.000999000999000999	0.0037530037530037526
122	NKX3-1	CBX5	26.226105894139934	0.0	1000	0.000999000999000999	0.0037530037530037526
125	NKX3-1	CLIC4	25.94356069274149	1.0	1000	0.001998001998001998	0.006708267577832795
114	NKX3-1	ACTG2	25.872259126840483	1.0	1000	0.001998001998001998	0.006708267577832795
268	ZNF667	RNF10	25.82259364366072	0.0	1000	0.000999000999000999	0.0037530037530037526
165	NKX3-1	TNF	25.73370260678561	1.0	1000	0.001998001998001998	0.006708267577832795
138	NR1H4	FOS	25.721178424500785	1.0	1000	0.001998001998001998	0.006708267577832795
20	HDAC3	NR5A2	25.66211790663873	1.0	1000	0.001998001998001998	0.006708267577832795
106	NKX3-1	RAB3B	25.58007814075841	0.0	1000	0.000999000999000999	0.0037530037530037526
38	NKX3-1	CD44	25.522113568691854	2.0	1000	0.002997002997002997	0.009424964176095398
0	HDAC3	ABL2	25.514501739254726	1.0	1000	0.001998001998001998	0.006708267577832795
15	HDAC3	CYP7A1	25.44042008702042	0.0	1000	0.000999000999000999	0.0037530037530037526
119	NKX3-1	BCL2L1	25.208121641512843	1.0	1000	0.001998001998001998	0.006708267577832795
128	NKX3-1	DDAH1	24.469435369580157	1.0	1000	0.001998001998001998	0.006708267577832795
118	NKX3-1	BCL2	24.459693563356538	1.0	1000	0.001998001998001998	0.006708267577832795
1	HDAC3	ABCC3	24.457529908104927	3.0	1000	0.003996003996003996	0.011198478940414425
51	HDAC3	TBPL1	24.434232903429297	0.0	1000	0.000999000999000999	0.0037530037530037526
161	NKX3-1	SLC51B	24.306905969057055	1.0	1000	0.001998001998001998	0.006708267577832795
241	ZNF667	EGFR	24.264195152158045	0.0	1000	0.000999000999000999	0.0037530037530037526
63	NR1H4	SULT2A1	23.77636256119102	2.0	1000	0.002997002997002997	0.009424964176095398
29	HDAC3	LGALS9	23.611715263846918	0.0	1000	0.000999000999000999	0.0037530037530037526
29	HDAC3	SPINT2	23.60222876344842	2.0	1000	0.002997002997002997	0.009424964176095398
85	MEOX2	LGALS9	23.546996020061798	3.0	1000	0.003996003996003996	0.011198478940414425
47	HDAC3	SLC1A5	23.546112813769064	0.0	1000	0.000999000999000999	0.0037530037530037526
9	HDAC3	CCND1	23.403253555984037	2.0	1000	0.002997002997002997	0.009424964176095398
202	ZNF667	TP73	23.356399432896964	0.0	976	0.000999000999000999	0.0037530037530037526
184	ZNF667	KCNH2	23.28934760681877	0.0	976	0.000999000999000999	0.0037530037530037526
126	NKX3-1	CXCR4	23.19374483090735	2.0	1000	0.002997002997002997	0.009424964176095398
73	MEOX2	EGFR	23.181463142347308	3.0	1000	0.003996003996003996	0.011198478940414425
113	NKX3-1	SPINT2	23.132265750119853	1.0	1000	0.001998001998001998	0.006708267577832795
86	NKX3-1	ALOX5	23.053421208914184	1.0	1000	0.001998001998001998	0.006708267577832795
118	NKX3-1	TP73	22.956514496513734	1.0	1000	0.001998001998001998	0.006708267577832795
191	NR1H4	HGF	22.895916090588365	1.0	1000	0.001998001998001998	0.006708267577832795
5	HDAC3	AR	22.773393666122615	0.0	1000	0.000999000999000999	0.0037530037530037526
83	MEOX2	KLK3	22.639549704562892	3.0	1000	0.003996003996003996	0.011198478940414425
140	NR1H4	ICAM1	22.580697760757538	4.0	1000	0.004995004995004995	0.01244275437823825
107	NKX3-1	SCARB1	22.396217117074332	2.0	1000	0.002997002997002997	0.009424964176095398
3	HDAC3	APOA1	22.326554396106015	0.0	1000	0.000999000999000999	0.0037530037530037526
36	HDAC3	ULBP1	22.273036513086268	3.0	1000	0.003996003996003996	0.011198478940414425
58	MEOX2	KCNH2	22.268445882896494	2.0	1000	0.002997002997002997	0.009424964176095398
120	NKX3-1	ULBP1	22.20921981849643	2.0	1000	0.002997002997002997	0.009424964176095398
16	HDAC3	KCNH2	22.20523452227757	3.0	1000	0.003996003996003996	0.011198478940414425
27	HDAC3	KLK3	22.179314949898078	0.0	1000	0.000999000999000999	0.0037530037530037526
32	HDAC3	MAPK1	22.165326952803092	0.0	1000	0.000999000999000999	0.0037530037530037526
8	NKX3-1	HDAC3	22.000847092318658	1.0	1000	0.001998001998001998	0.006708267577832795
133	NKX3-1	GCM1	21.995352937982748	2.0	1000	0.002997002997002997	0.009424964176095398
23	HDAC3	SCARB1	21.9316032517926	3.0	1000	0.003996003996003996	0.011198478940414425
92	MEOX2	NELFE	21.893001361030247	3.0	1000	0.003996003996003996	0.011198478940414425
59	MEOX2	APOA1	21.891754588389592	3.0	1000	0.003996003996003996	0.011198478940414425
23	ZNF667	NR1H4	21.81550105946166	1.0	1000	0.001998001998001998	0.006708267577832795
14	HDAC3	CXCR4	21.7112146214837	0.0	1000	0.000999000999000999	0.0037530037530037526
211	NR1H4	PPARG	21.62817660312545	2.0	1000	0.002997002997002997	0.009424964176095398
3	ZNF667	NKX3-1	21.520734957032353	2.0	1000	0.002997002997002997	0.009424964176095398
97	NKX3-1	GTF2I	21.350300898282935	2.0	1000	0.002997002997002997	0.009424964176095398
44	MEOX2	ALOX5	21.31077063763659	4.0	1000	0.004995004995004995	0.01244275437823825
146	NR1H4	NR5A2	21.278566393675106	4.0	1000	0.004995004995004995	0.01244275437823825
250	ZNF667	INS	21.230551291529675	0.0	1000	0.000999000999000999	0.0037530037530037526
156	NKX3-1	RNF10	21.21256745400523	3.0	1000	0.003996003996003996	0.011198478940414425
26	HDAC3	INS	21.197163193591617	0.0	1000	0.000999000999000999	0.0037530037530037526
162	NKX3-1	SQSTM1	21.107187253109764	3.0	1000	0.003996003996003996	0.011198478940414425
104	MEOX2	SLC51A	21.008592327956165	3.0	1000	0.003996003996003996	0.011198478940414425
252	ZNF667	KRAS	20.970874985394627	0.0	1000	0.000999000999000999	0.0037530037530037526
71	MEOX2	CYP7A1	20.7603396533302	3.0	1000	0.003996003996003996	0.011198478940414425
239	ZNF667	CYP7A1	20.743823188564782	0.0	1000	0.000999000999000999	0.0037530037530037526
217	NR1H4	SLC51B	20.67081509459658	2.0	1000	0.002997002997002997	0.009424964176095398
25	HDAC3	SLC22A7	20.658752733836934	3.0	1000	0.003996003996003996	0.011198478940414425
101	NKX3-1	KNG1	20.625463008980862	4.0	1000	0.004995004995004995	0.01244275437823825
26	HDAC3	SLC2A4	20.486130623193667	4.0	1000	0.004995004995004995	0.01244275437823825
48	MEOX2	BGLAP	20.428784341030276	4.0	1000	0.004995004995004995	0.01244275437823825
29	MEOX2	SULT2A1	20.41778972529005	8.0	1000	0.008991008991008992	0.020222495950651294
68	MEOX2	CHD1	20.3538735666309	3.0	1000	0.003996003996003996	0.011198478940414425
158	NKX3-1	SLC10A2	20.34531170738109	3.0	1000	0.003996003996003996	0.011198478940414425
23	MEOX2	LEP	20.302342717746598	9.0	1000	0.00999000999000999	0.021902387832987202
139	NKX3-1	KLK3	20.292309026233273	3.0	1000	0.003996003996003996	0.011198478940414425
6	HDAC3	BCL2	20.233138759526554	0.0	1000	0.000999000999000999	0.0037530037530037526
63	MEOX2	BCL2L1	20.167909436316116	3.0	1000	0.003996003996003996	0.011198478940414425
230	ZNF667	BCL2	20.15751345548492	0.0	1000	0.000999000999000999	0.0037530037530037526
52	NR1H4	ABCC3	20.125039185857762	5.0	1000	0.005994005994005994	0.014565853726692887
196	ZNF667	SPDEF	19.98271470045568	0.0	976	0.000999000999000999	0.0037530037530037526
22	NKX3-1	DR1	19.94056127380402	11.0	1000	0.011988011988011988	0.025095386541169672
39	HDAC3	PCK2	19.887738827513154	0.0	1000	0.000999000999000999	0.0037530037530037526
36	HDAC3	NELFE	19.88034955488128	0.0	1000	0.000999000999000999	0.0037530037530037526
4	HDAC3	APOC3	19.87139317964606	4.0	1000	0.004995004995004995	0.01244275437823825
56	NR1H4	FASN	19.57040443741271	6.0	1000	0.006993006993006993	0.016701511546872373
5	HDAC3	FASN	19.37939883691579	8.0	1000	0.008991008991008992	0.020222495950651294
232	ZNF667	C3	19.341544463859847	0.0	1000	0.000999000999000999	0.0037530037530037526
62	MEOX2	BCL2	19.32552591376803	3.0	1000	0.003996003996003996	0.011198478940414425
3	HDAC3	APOA5	19.176267738478007	4.0	1000	0.004995004995004995	0.01244275437823825
70	MEOX2	SPDEF	19.117393540693296	4.0	1000	0.004995004995004995	0.01244275437823825
52	MEOX2	EDN1	19.098224864240454	4.0	1000	0.004995004995004995	0.01244275437823825
111	NKX3-1	SMAD7	19.071003457912457	8.0	1000	0.008991008991008992	0.020222495950651294
38	HDAC3	VEGFC	19.068294771909287	4.0	1000	0.004995004995004995	0.01244275437823825
34	HDAC3	TP73	19.04036650638244	4.0	1000	0.004995004995004995	0.01244275437823825
174	ZNF667	BGLAP	19.032290723429004	3.0	976	0.003996003996003996	0.011198478940414425
71	MEOX2	SPINT2	18.933290154869688	4.0	1000	0.004995004995004995	0.01244275437823825
30	HDAC3	SREBF1	18.928076097443224	4.0	1000	0.004995004995004995	0.01244275437823825
101	MEOX2	SHISA5	18.911047990351186	3.0	1000	0.003996003996003996	0.011198478940414425
253	ZNF667	LGALS9	18.879211187219347	0.0	1000	0.000999000999000999	0.0037530037530037526
46	HDAC3	SLC10A2	18.851966337053998	0.0	1000	0.000999000999000999	0.0037530037530037526
261	ZNF667	NISCH	18.793622185795893	0.0	1000	0.000999000999000999	0.0037530037530037526
54	HDAC3	UGT2B4	18.781870403952027	0.0	1000	0.000999000999000999	0.0037530037530037526
1	MEOX2	NKX3-1	18.679222633212813	14.0	1000	0.014985014985014986	0.029419732809563316
172	NR1H4	APOC2	18.671479622058172	2.0	1000	0.002997002997002997	0.009424964176095398
35	HDAC3	NBN	18.542441586481722	0.0	1000	0.000999000999000999	0.0037530037530037526
154	NKX3-1	PON1	18.529980972766353	4.0	1000	0.004995004995004995	0.01244275437823825
9	MEOX2	NR1H4	18.441739050049	8.0	1000	0.008991008991008992	0.020222495950651294
34	HDAC3	MYF5	18.39655572821712	0.0	1000	0.000999000999000999	0.0037530037530037526
40	NKX3-1	LEP	18.372620670268034	12.0	1000	0.012987012987012988	0.026863017934446506
152	NKX3-1	PLTP	18.37071386327803	4.0	1000	0.004995004995004995	0.01244275437823825
199	NR1H4	MAP3K5	18.29290778041809	4.0	1000	0.004995004995004995	0.01244275437823825
21	HDAC3	GCM1	18.144585431713	0.0	1000	0.000999000999000999	0.0037530037530037526
22	HDAC3	RAB3B	18.125355474014995	4.0	1000	0.004995004995004995	0.01244275437823825
200	ZNF667	TLR9	18.1240662981196	4.0	976	0.004995004995004995	0.01244275437823825
196	NR1H4	KRAS	18.010229064907644	5.0	1000	0.005994005994005994	0.014565853726692887
259	ZNF667	NBN	17.979539718751457	0.0	1000	0.000999000999000999	0.0037530037530037526
1	HDAC3	ABCC2	17.817304198278954	1.0	1000	0.001998001998001998	0.006708267577832795
14	HDAC3	ICAM1	17.795159102984673	4.0	1000	0.004995004995004995	0.01244275437823825
160	NKX3-1	SLC51A	17.43971251568582	5.0	1000	0.005994005994005994	0.014565853726692887
12	HDAC3	CHD1	17.43721862787578	1.0	1000	0.001998001998001998	0.006708267577832795
41	HDAC3	PML	17.433091936945466	1.0	1000	0.001998001998001998	0.006708267577832795
63	MEOX2	PTGFR	17.375221807713558	9.0	1000	0.00999000999000999	0.021902387832987202
103	NKX3-1	NR0B2	17.35155792173356	10.0	1000	0.01098901098901099	0.023284642187081213
12	NKX3-1	MCL1	17.34825062229379	9.0	1000	0.00999000999000999	0.021902387832987202
202	NR1H4	MYF5	17.303915396622017	7.0	1000	0.007992007992007992	0.018701836883655065
57	NR1H4	LEP	17.27294219318634	11.0	1000	0.011988011988011988	0.025095386541169672
183	ZNF667	JUN	17.23067574894926	4.0	976	0.004995004995004995	0.01244275437823825
57	MEOX2	ABCC2	17.21318099994815	4.0	1000	0.004995004995004995	0.01244275437823825
109	MEOX2	TNF	17.125071940019215	5.0	1000	0.005994005994005994	0.014565853726692887
35	HDAC3	UGT2B7	17.100459927460303	4.0	1000	0.004995004995004995	0.01244275437823825
12	HDAC3	SULT2A1	17.060087738338883	13.0	1000	0.013986013986013986	0.028012333487837812
272	ZNF667	SLC51A	16.962727355249392	1.0	1000	0.001998001998001998	0.006708267577832795
13	HDAC3	GTF2I	16.940626278546844	5.0	1000	0.005994005994005994	0.014565853726692887
44	HDAC3	RNF10	16.890312970497938	3.0	1000	0.003996003996003996	0.011198478940414425
132	NKX3-1	GATA2	16.82693646013868	7.0	1000	0.007992007992007992	0.018701836883655065
2	HDAC3	ACTG2	16.802425895459766	3.0	1000	0.003996003996003996	0.011198478940414425
98	NKX3-1	ICAM1	16.719709326410513	10.0	1000	0.01098901098901099	0.023284642187081213
33	HDAC3	TP53	16.64062251209916	6.0	1000	0.006993006993006993	0.016701511546872373
93	MEOX2	NISCH	16.487465950537285	6.0	1000	0.006993006993006993	0.016701511546872373
21	MEOX2	CD44	16.376939699886417	17.0	1000	0.017982017982017984	0.034053140320170296
79	MEOX2	VEGFA	16.336893465553278	12.0	1000	0.012987012987012988	0.026863017934446506
153	NKX3-1	PML	16.305744025429007	9.0	1000	0.00999000999000999	0.021902387832987202
227	ZNF667	APOA1	16.24095877926629	3.0	1000	0.003996003996003996	0.011198478940414425
188	NR1H4	GATA2	16.2375979365405	8.0	1000	0.008991008991008992	0.020222495950651294
179	NR1H4	CDKN2A	16.19844915709109	8.0	1000	0.008991008991008992	0.020222495950651294
192	ZNF667	SELENOH	16.142513680997	5.0	976	0.005994005994005994	0.014565853726692887
3	HDAC3	CARM1	16.119276189232547	17.0	1000	0.017982017982017984	0.034053140320170296
4	HDAC3	CD44	16.11203338235276	17.0	1000	0.017982017982017984	0.034053140320170296
119	NKX3-1	UGT2B7	16.054533417400187	10.0	1000	0.01098901098901099	0.023284642187081213
173	ZNF667	ATP8B1	16.03013675721899	5.0	976	0.005994005994005994	0.014565853726692887
170	ZNF667	ALOX5	15.946106024056167	6.0	976	0.006993006993006993	0.016701511546872373
64	MEOX2	C3	15.94478449110202	9.0	1000	0.00999000999000999	0.021902387832987202
205	ZNF667	VEGFA	15.942227526204766	6.0	976	0.006993006993006993	0.016701511546872373
108	MEOX2	TIMP1	15.739629750710797	9.0	1000	0.00999000999000999	0.021902387832987202
186	ZNF667	MED1	15.71783694918952	7.0	976	0.007992007992007992	0.018701836883655065
40	HDAC3	PLTP	15.63643314690892	7.0	1000	0.007992007992007992	0.018701836883655065
225	ZNF667	ABCC2	15.635426157872331	3.0	1000	0.003996003996003996	0.011198478940414425
76	MEOX2	TP73	15.580649739027443	13.0	1000	0.013986013986013986	0.028012333487837812
195	ZNF667	SMAD7	15.55865836348398	7.0	976	0.007992007992007992	0.018701836883655065
226	ZNF667	ACTG2	15.531192574059949	3.0	1000	0.003996003996003996	0.011198478940414425
197	ZNF667	SPINT2	15.486982846827642	7.0	976	0.007992007992007992	0.018701836883655065
110	MEOX2	UGT2B4	15.3512213339752	10.0	1000	0.01098901098901099	0.023284642187081213
78	MEOX2	GRHL1	15.338409516452987	10.0	1000	0.01098901098901099	0.023284642187081213
262	ZNF667	NR0B1	15.299008001782976	3.0	1000	0.003996003996003996	0.011198478940414425
25	HDAC3	IGFBP6	15.26095379793152	8.0	1000	0.008991008991008992	0.020222495950651294
60	MEOX2	MED1	15.234569335224874	13.0	1000	0.013986013986013986	0.028012333487837812
157	NR1H4	TAL1	15.234207612595187	20.0	1000	0.02097902097902098	0.03867485299846043
43	MEOX2	AHR	15.21915440073482	13.0	1000	0.013986013986013986	0.028012333487837812
95	MEOX2	PCK2	15.217650068088776	10.0	1000	0.01098901098901099	0.023284642187081213
32	NR1H4	MAP4K4	15.196103607992304	11.0	1000	0.011988011988011988	0.025095386541169672
203	ZNF667	UGT2B7	15.186842821372755	8.0	976	0.008991008991008992	0.020222495950651294
11	HDAC3	FABP6	15.1558925631892	9.0	1000	0.00999000999000999	0.021902387832987202
6	HDAC3	LEP	15.154729512283817	19.0	1000	0.01998001998001998	0.03702963702963703
78	MEOX2	ULBP1	15.140442879715474	13.0	1000	0.013986013986013986	0.028012333487837812
69	MEOX2	CLIC4	15.103047246913718	10.0	1000	0.01098901098901099	0.023284642187081213
86	MEOX2	LSS	15.020165757407211	10.0	1000	0.01098901098901099	0.023284642187081213
168	ZNF667	ABL2	14.99882698273332	8.0	976	0.008991008991008992	0.020222495950651294
236	ZNF667	CHD1	14.923253567845483	4.0	1000	0.004995004995004995	0.01244275437823825
48	HDAC3	SLC51A	14.883339382470613	12.0	1000	0.012987012987012988	0.026863017934446506
237	ZNF667	CLIC4	14.880379177968585	4.0	1000	0.004995004995004995	0.01244275437823825
31	HDAC3	TAL1	14.8750919400847	9.0	1000	0.00999000999000999	0.021902387832987202
256	ZNF667	MAPK1	14.842796871397365	4.0	1000	0.004995004995004995	0.01244275437823825
25	MEOX2	MMP2	14.811973974582912	25.0	1000	0.025974025974025976	0.045470901894075696
172	ZNF667	APOC3	14.770233139820999	8.0	976	0.008991008991008992	0.020222495950651294
42	MEOX2	ABL2	14.764509589800287	14.0	1000	0.014985014985014986	0.029419732809563316
177	ZNF667	CCND1	14.758379152739757	8.0	976	0.008991008991008992	0.020222495950651294
5	HDAC3	MAP4K4	14.700192475423412	14.0	1000	0.014985014985014986	0.029419732809563316
38	HDAC3	NR0B1	14.69631049173248	12.0	1000	0.012987012987012988	0.026863017934446506
61	MEOX2	AR	14.684853656065526	11.0	1000	0.011988011988011988	0.025095386541169672
137	NKX3-1	IGFBP6	14.672785162859238	14.0	1000	0.014985014985014986	0.029419732809563316
251	ZNF667	KLK3	14.600328666748846	4.0	1000	0.004995004995004995	0.01244275437823825
66	MEOX2	CBX5	14.592655011829706	13.0	1000	0.013986013986013986	0.028012333487837812
13	HDAC3	CLIC4	14.583309509190087	14.0	1000	0.014985014985014986	0.029419732809563316
193	ZNF667	SLC22A7	14.578844092636993	8.0	976	0.008991008991008992	0.020222495950651294
96	NKX3-1	FOS	14.543140138707436	13.0	1000	0.013986013986013986	0.028012333487837812
16	MEOX2	VARS1	14.527946442849379	13.0	1000	0.013986013986013986	0.028012333487837812
50	MEOX2	CASP9	14.52417334341295	16.0	1000	0.016983016983016984	0.0326055160309304
72	MEOX2	SREBF1	14.468065405149055	16.0	1000	0.016983016983016984	0.0326055160309304
72	ZNF667	CD44	14.447899596274471	22.0	1000	0.022977022977022976	0.0413705465518937
7	HDAC3	MBD1	14.426128065595409	21.0	1000	0.02197802197802198	0.04009114245334718
55	HDAC3	WNT2	14.38758589373277	14.0	1000	0.014985014985014986	0.029419732809563316
260	ZNF667	NELFE	14.380099256756711	4.0	1000	0.004995004995004995	0.01244275437823825
100	MEOX2	RNF10	14.365358869631823	13.0	1000	0.013986013986013986	0.028012333487837812
10	HDAC3	CBX5	14.325398892593801	15.0	1000	0.015984015984015984	0.031204750305873906
113	NKX3-1	ABCC2	14.323062286923657	16.0	1000	0.016983016983016984	0.0326055160309304
245	ZNF667	GCM1	14.281443917670789	4.0	1000	0.004995004995004995	0.01244275437823825
265	ZNF667	PML	14.25202368897782	4.0	1000	0.004995004995004995	0.01244275437823825
80	MEOX2	VEGFC	14.223326839919624	18.0	1000	0.01898101898101898	0.03555743447926736
142	NKX3-1	LSS	14.200750348357492	16.0	1000	0.016983016983016984	0.0326055160309304
35	NKX3-1	ABCC3	14.160944370527082	23.0	1000	0.023976023976023976	0.04261722931799659
169	ZNF667	AHR	14.034956735266436	10.0	976	0.01098901098901099	0.023284642187081213
258	ZNF667	MYF5	13.974426356891993	4.0	1000	0.004995004995004995	0.01244275437823825
47	MEOX2	ATP8B1	13.847604129414265	22.0	1000	0.022977022977022976	0.0413705465518937
60	MEOX2	APOC2	13.83679699028133	17.0	1000	0.017982017982017984	0.034053140320170296
192	NR1H4	IFNA1	13.823127792338804	14.0	1000	0.014985014985014986	0.029419732809563316
24	HDAC3	SELENOH	13.810569733205497	13.0	1000	0.013986013986013986	0.028012333487837812
55	MEOX2	GTF2I	13.671201441031279	22.0	1000	0.022977022977022976	0.0413705465518937
189	ZNF667	PTGFR	13.556156995862748	16.0	976	0.016983016983016984	0.0326055160309304
234	ZNF667	CBX5	13.548057335869288	10.0	1000	0.01098901098901099	0.023284642187081213
176	ZNF667	CASP9	13.543398651533364	16.0	976	0.016983016983016984	0.0326055160309304
264	ZNF667	PLTP	13.541665985720275	10.0	1000	0.01098901098901099	0.023284642187081213
190	ZNF667	RAB3B	13.465782483947075	17.0	976	0.017982017982017984	0.034053140320170296
240	ZNF667	DDAH1	13.438153595455525	13.0	1000	0.013986013986013986	0.028012333487837812
164	NKX3-1	TIMP1	13.356429200958345	27.0	1000	0.027972027972027972	0.04764843000137118
96	MEOX2	PLTP	13.320727576282229	19.0	1000	0.01998001998001998	0.03702963702963703
278	ZNF667	UGT2B4	13.301999420548743	15.0	1000	0.015984015984015984	0.031204750305873906
69	MEOX2	SMAD7	13.288122659102498	26.0	1000	0.026973026973026972	0.04651675867556761
81	MEOX2	IGFBP6	13.2708425013439	20.0	1000	0.02097902097902098	0.03867485299846043
24	MEOX2	MBD1	13.250120303969265	37.0	1000	0.03796203796203796	0.06065199168647444
57	MEOX2	JUN	13.201546006582863	27.0	1000	0.027972027972027972	0.04764843000137118
84	MEOX2	KRAS	13.13740617666381	21.0	1000	0.02197802197802198	0.04009114245334718
107	MEOX2	TBPL1	13.102228504413784	21.0	1000	0.02197802197802198	0.04009114245334718
91	MEOX2	NBN	13.07864887799477	21.0	1000	0.02197802197802198	0.04009114245334718
185	ZNF667	KNG1	13.074172875016366	19.0	976	0.01998001998001998	0.03702963702963703
58	NR1H4	MBD1	13.056607161964976	31.0	1000	0.03196803196803197	0.05328005328005328
11	HDAC3	CDKN2A	13.025193164445277	23.0	1000	0.023976023976023976	0.04261722931799659
9	MEOX2	ACHE	13.015940630781484	26.0	1000	0.026973026973026972	0.04651675867556761
49	HDAC3	SLC51B	13.001196128080446	23.0	1000	0.023976023976023976	0.04261722931799659
67	MEOX2	SLC22A7	12.861050299186966	32.0	1000	0.03296703296703297	0.05391079508726568
106	MEOX2	SQSTM1	12.823975504570642	22.0	1000	0.022977022977022976	0.0413705465518937
10	NR1H4	PDLIM7	12.821538503968744	42.0	1000	0.04295704295704296	0.06709021315762889
62	MEOX2	NR5A2	12.816604567768454	32.0	1000	0.03296703296703297	0.05391079508726568
77	MEOX2	UGT2B7	12.79618245493688	32.0	1000	0.03296703296703297	0.05391079508726568
223	NR1H4	WNT2	12.73459547778057	26.0	1000	0.026973026973026972	0.04651675867556761
73	MEOX2	TAL1	12.73047697332132	32.0	1000	0.03296703296703297	0.05391079508726568
254	ZNF667	LSS	12.70912788589368	18.0	1000	0.01898101898101898	0.03555743447926736
242	ZNF667	FGF19	12.708373367682	18.0	1000	0.01898101898101898	0.03555743447926736
64	MEOX2	RAB3B	12.649768117954723	32.0	1000	0.03296703296703297	0.05391079508726568
2	NKX3-1	gene137	12.642893211224942	28.0	1000	0.028971028971028972	0.0489899395008884
277	ZNF667	TNF	12.630064809871213	19.0	1000	0.01998001998001998	0.03702963702963703
46	MEOX2	APOC3	12.576013368762291	32.0	1000	0.03296703296703297	0.05391079508726568
204	ZNF667	ULBP1	12.542747751523322	23.0	976	0.023976023976023976	0.04261722931799659
229	ZNF667	AR	12.51279713966388	22.0	1000	0.022977022977022976	0.0413705465518937
17	NR1H4	MCL1	12.50041487144289	23.0	800	0.023976023976023976	0.04261722931799659
9	HDAC3	CASP8	12.476434214758376	26.0	1000	0.026973026973026972	0.04651675867556761
94	MEOX2	NR0B1	12.412795325574546	25.0	1000	0.025974025974025976	0.045470901894075696
4	MEOX2	HDAC3	12.38606030923373	18.0	800	0.01898101898101898	0.03555743447926736
46	NKX3-1	SULT2A1	12.380059210785642	38.0	1000	0.03896103896103896	0.06182173990393168
67	MEOX2	CDKN2A	12.375402348490237	26.0	1000	0.026973026973026972	0.04651675867556761
206	ZNF667	VEGFC	12.314567476905076	25.0	976	0.025974025974025976	0.045470901894075696
50	HDAC3	SQSTM1	12.309697332215862	28.0	1000	0.028971028971028972	0.0489899395008884
181	ZNF667	GTF2I	12.260954536553127	25.0	976	0.025974025974025976	0.045470901894075696
75	MEOX2	TP53	12.217519452840158	35.0	1000	0.03596403596403597	0.05799305103249419
263	ZNF667	PCK2	12.199680475758523	24.0	1000	0.024975024975024976	0.04416702889985333
52	HDAC3	TIMP1	12.19476716773665	30.0	1000	0.030969030969030968	0.05198907372820416
51	MEOX2	CCND1	12.14286966822835	35.0	1000	0.03596403596403597	0.05799305103249419
17	HDAC3	KNG1	12.132506314604928	24.0	1000	0.024975024975024976	0.04416702889985333
39	NKX3-1	FASN	12.109366584497051	41.0	1000	0.04195804195804196	0.06612435183863756
13	HDAC3	TFAP2A	12.100533230395378	37.0	1000	0.03796203796203796	0.06065199168647444
171	ZNF667	APOA5	12.037469902444105	26.0	976	0.026973026973026972	0.04651675867556761
88	MEOX2	MAPK1	12.008640708015689	28.0	1000	0.028971028971028972	0.0489899395008884
175	ZNF667	CASP3	11.969689717181469	27.0	976	0.027972027972027972	0.04764843000137118
271	ZNF667	SLC1A5	11.898822617586767	27.0	1000	0.027972027972027972	0.04764843000137118
178	ZNF667	EDN1	11.865858714766432	29.0	976	0.029970029970029972	0.050433827673537115
155	NKX3-1	PPARG	11.863271136624158	39.0	1000	0.03996003996003996	0.06326247784106553
71	ZNF667	CARM1	11.858753265505777	44.0	1000	0.04495504495504495	0.06974052732981305
270	ZNF667	SLC10A2	11.835158603365338	27.0	1000	0.027972027972027972	0.04764843000137118
102	MEOX2	SLC10A2	11.766346211449505	31.0	1000	0.03196803196803197	0.05328005328005328
194	ZNF667	SLC2A4	11.760099626258768	29.0	976	0.029970029970029972	0.050433827673537115
23	HDAC3	HGF	11.730680053834151	34.0	1000	0.03496503496503497	0.05664498671491679
65	MEOX2	SCARB1	11.717811814698182	42.0	1000	0.04295704295704296	0.06709021315762889
43	HDAC3	PPARG	11.713020796378899	34.0	1000	0.03496503496503497	0.05664498671491679
198	ZNF667	SREBF1	11.648268111301524	32.0	976	0.03296703296703297	0.05391079508726568
31	NR1H4	DR1	11.641039132999403	38.0	1000	0.03896103896103896	0.06182173990393168
140	NKX3-1	KRAS	11.597176320355404	43.0	1000	0.04395604395604396	0.06849652589562903
103	MEOX2	SLC1A5	11.585880384875578	33.0	1000	0.03396603396603397	0.05528429416017238
49	MEOX2	CASP3	11.58311396301462	42.0	1000	0.04295704295704296	0.06709021315762889
61	MEOX2	NR0B2	11.555222081838714	42.0	1000	0.04295704295704296	0.06709021315762889
177	NR1H4	CASP8	11.517399326826023	37.0	1000	0.03796203796203796	0.06065199168647444
187	NR1H4	GAS2	11.507720379522851	37.0	1000	0.03796203796203796	0.06065199168647444
2	HDAC3	MCL1	11.485628015671773	31.0	1000	0.03196803196803197	0.05328005328005328
19	HDAC3	NR0B2	11.375358011691771	32.0	1000	0.03296703296703297	0.05391079508726568
80	ZNF667	SULT2A1	11.365700764394402	48.0	1000	0.04895104895104895	0.0749360771387203
274	ZNF667	SQSTM1	11.293063238202233	33.0	1000	0.03396603396603397	0.05528429416017238
66	MEOX2	SELENOH	11.229781394332385	47.0	1000	0.04795204795204795	0.07405927405927407
18	ZNF667	HDAC3	11.089723850650467	38.0	1000	0.03896103896103896	0.06182173990393168
27	NR1H4	ACHE	11.070990456392295	53.0	1000	0.053946053946053944	0.08115261362014609
56	MEOX2	ICAM1	11.060878229949472	49.0	1000	0.04995004995004995	0.0762973290445818
22	MEOX2	FASN	11.036975354895604	68.0	1000	0.06893106893106893	0.09959894575279189
12	HDAC3	FOS	10.934273278238592	41.0	1000	0.04195804195804196	0.06612435183863756
45	MEOX2	APOA5	10.86592906710755	52.0	1000	0.052947052947052944	0.07982256355358307
130	NKX3-1	FGF19	10.861603574471065	52.0	1000	0.052947052947052944	0.07982256355358307
58	MEOX2	ACTG2	10.831331275428225	44.0	1000	0.04495504495504495	0.06974052732981305
33	NR1H4	MYC	10.700402646953565	59.0	1000	0.059940059940059943	0.0890135505520121
275	ZNF667	TBPL1	10.666355138743212	47.0	1000	0.04795204795204795	0.07405927405927407
7	MEOX2	MCL1	10.664175278502283	48.0	1000	0.04895104895104895	0.0749360771387203
20	HDAC3	GATA2	10.656666085648014	50.0	1000	0.05094905094905095	0.07731351617814501
246	ZNF667	GRHL1	10.621031421706173	48.0	1000	0.04895104895104895	0.0749360771387203
143	NKX3-1	MAP3K5	10.614334168400308	55.0	1000	0.055944055944055944	0.08379551482999759
4	HDAC3	APOC2	10.589807026991116	52.0	1000	0.052947052947052944	0.07982256355358307
41	ZNF667	MAP4K4	10.447943428866513	48.0	1000	0.04895104895104895	0.0749360771387203
47	NKX3-1	TFAP2A	10.388903822339898	70.0	1000	0.07092907092907093	0.10206149957702754
53	MEOX2	FABP6	10.373344424642868	67.0	1000	0.06793206793206794	0.09877152136566363
72	MEOX2	DDAH1	10.356577472961153	56.0	1000	0.056943056943056944	0.08510843994714963
28	HDAC3	KRAS	10.284313452678521	58.0	1000	0.058941058941058944	0.08790565657518448
266	ZNF667	PON1	10.255277112712893	50.0	1000	0.05094905094905095	0.07731351617814501
74	MEOX2	TLR9	10.248179818194336	67.0	1000	0.06793206793206794	0.09877152136566363
90	MEOX2	MYF5	10.247782229226525	60.0	1000	0.060939060939060936	0.0897301850691681
201	ZNF667	TP53	10.220036056325382	54.0	976	0.054945054945054944	0.08247691833005008
59	MEOX2	KNG1	10.175904183460458	69.0	1000	0.06993006993006994	0.10083277718132491
77	MEOX2	GCM1	10.059331497366648	60.0	1000	0.060939060939060936	0.0897301850691681
42	HDAC3	PON1	10.05108996824024	62.0	1000	0.06293706293706294	0.09228113658493407
8	NKX3-1	PRAM1	10.033426926485433	105.0	1000	0.10589410589410589	0.14631491768668706
64	NR1H4	TFAP2A	10.02826202858466	68.0	1000	0.06893106893106893	0.09959894575279189
105	MEOX2	SLC51B	10.009349692614684	60.0	1000	0.060939060939060936	0.0897301850691681
21	ZNF667	MCL1	10.001531212089255	50.0	1000	0.05094905094905095	0.07731351617814501
135	NKX3-1	HGF	9.979893059297932	67.0	1000	0.06793206793206794	0.09877152136566363
95	NKX3-1	FABP6	9.916646844133574	64.0	1000	0.06493506493506493	0.09501025290498974
73	ZNF667	FASN	9.903854786278846	74.0	1000	0.07492507492507493	0.10692592828116443
182	ZNF667	ICAM1	9.843555579897798	62.0	976	0.06293706293706294	0.09228113658493407
244	ZNF667	GATA2	9.838738085115473	59.0	1000	0.059940059940059943	0.0890135505520121
167	NKX3-1	WNT2	9.837886983626776	72.0	1000	0.07292707292707293	0.10428871539982651
41	HDAC3	gene140	9.776326627378163	60.0	1000	0.060939060939060936	0.0897301850691681
66	NR1H4	TWIST1	9.734512123711951	76.0	1000	0.07692307692307693	0.10955233291298865
116	NKX3-1	APOC2	9.66202368007215	77.0	1000	0.07792207792207792	0.1107481475579635
15	MEOX2	MYC	9.652988265114406	83.0	1000	0.08391608391608392	0.11853999658877709
34	NR1H4	VARS1	9.640380464702899	86.0	1000	0.08691308691308691	0.12227650891618502
18	MEOX2	ABCC3	9.621367028087803	96.0	1000	0.0969030969030969	0.13496523516563597
165	NR1H4	ZNF667	9.599373370874188	80.0	1000	0.08091908091908091	0.1147729821199209
7	NKX3-1	PDLIM7	9.563141261992712	120.0	1000	0.12087912087912088	0.16344550391242998
97	MEOX2	PML	9.481670563828397	72.0	1000	0.07292707292707293	0.10428871539982651
191	ZNF667	SCARB1	9.426674479961763	68.0	976	0.06893106893106893	0.09959894575279189
115	NKX3-1	TAL1	9.39044558276964	71.0	1000	0.07192807192807193	0.10328514460745868
1	HDAC3	PDLIM7	9.3416993340378	100.0	1000	0.1008991008991009	0.1396909863045321
20	MEOX2	CARM1	9.132772742281112	109.0	1000	0.10989010989010989	0.1506383163187897
146	NKX3-1	MYF5	9.077320289042344	94.0	1000	0.09490509490509491	0.13244787341172884
60	NR1H4	PPARA	9.014900111573068	100.0	1000	0.1008991008991009	0.1396909863045321
80	MEOX2	IFNA1	9.000550307421722	85.0	1000	0.08591408591408592	0.12111620630890409
25	NKX3-1	VARS1	8.985411970102414	115.0	1000	0.11588411588411589	0.15823076726809537
249	ZNF667	IGFBP6	8.947268851948639	81.0	1000	0.08191808191808192	0.11595329314270252
68	MEOX2	SLC2A4	8.823057481899422	118.0	1000	0.11888111888111888	0.1613718312937063
54	MEOX2	FOS	8.674454262246128	120.0	1000	0.12087912087912088	0.16344550391242998
233	ZNF667	CASP8	8.673667565428145	88.0	1000	0.08891108891108891	0.12483476119839756
24	NKX3-1	MYC	8.65564428740563	128.0	1000	0.12887112887112886	0.17191062296628515
243	ZNF667	GAS2	8.64602737750795	90.0	1000	0.09090909090909091	0.12738269794721407
276	ZNF667	TIMP1	8.63828645526632	92.0	1000	0.09290709290709291	0.12992038142943577
15	HDAC3	TWIST1	8.467165739120139	116.0	1000	0.11688311688311688	0.15897018832439574
75	MEOX2	GAS2	8.430795002389162	108.0	1000	0.1088911088911089	0.14956387486031755
70	MEOX2	CXCR4	8.398421999267958	108.0	1000	0.1088911088911089	0.14956387486031755
41	NKX3-1	MBD1	8.386903735928572	134.0	1000	0.13486513486513488	0.178876467044406
19	HDAC3	GAS2	8.278672683419735	123.0	1000	0.12387612387612387	0.1665259305491414
51	NR1H4	ABCB11	8.275290706283759	144.0	1000	0.14485514485514486	0.1892374542750483
104	NKX3-1	NR5A2	8.272971821046596	116.0	1000	0.11688311688311688	0.15897018832439574
76	ZNF667	MMP2	8.26932305550824	122.0	1000	0.12287712287712288	0.1658244667953406
30	MEOX2	TFAP2A	8.26118492820958	146.0	1000	0.14685314685314685	0.19148768679725528
18	HDAC3	FGF19	8.232630526695566	123.0	1000	0.12387612387612387	0.1665259305491414
1	MEOX2	gene137	8.218662952642303	135.0	1000	0.13586413586413587	0.179516301189305
44	NKX3-1	SEPTIN9	8.153729008782758	144.0	1000	0.14485514485514486	0.1892374542750483
279	ZNF667	WNT2	8.119454180735719	124.0	1000	0.12487512487512488	0.16754481040195326
0	HDAC3	MEOX2	8.088081623937638	98.0	800	0.0989010989010989	0.13747252747252747
65	MEOX2	CASP8	8.085357030884317	130.0	1000	0.13086913086913088	0.17424146734491563
208	ZNF667	gene140	8.06874577860513	107.0	976	0.10789210789210789	0.14877979163693447
201	NR1H4	MDM2	8.063342842233672	141.0	1000	0.14185814185814186	0.18637317314065896
179	ZNF667	FABP6	7.999585394567763	110.0	976	0.1108891108891109	0.15170852769277968
74	ZNF667	LEP	7.897364906515205	135.0	1000	0.13586413586413587	0.179516301189305
6	HDAC3	MYC	7.880251778442789	132.0	1000	0.13286713286713286	0.1765633983607215
0	HDAC3	ABCB11	7.857870497257166	144.0	1000	0.14485514485514486	0.1892374542750483
79	MEOX2	HGF	7.855117750669573	149.0	1000	0.14985014985014986	0.1950296894117119
44	ZNF667	gene134	7.822262652309515	137.0	1000	0.13786213786213786	0.18181059926790477
187	ZNF667	NR0B2	7.7869707106567985	125.0	976	0.1258741258741259	0.16823561054330285
238	ZNF667	CXCR4	7.782593132475482	140.0	1000	0.14085914085914086	0.18541117972936155
10	NKX3-1	gene136	7.768552740882938	175.0	1000	0.17582417582417584	0.224628312863607
31	HDAC3	MAP3K5	7.723943585573829	151.0	1000	0.15184815184815184	0.1965260065818725
24	HDAC3	IFNA1	7.716929611922723	151.0	1000	0.15184815184815184	0.1965260065818725
6	MEOX2	B3GNT9	7.6996164896058765	166.0	1000	0.16683316683316685	0.21392813828238186
98	MEOX2	PON1	7.674311278266787	158.0	1000	0.15884115884115885	0.20443445443445443
69	ZNF667	ABCC3	7.6351195074224245	154.0	1000	0.15484515484515485	0.2000323096977372
4	ZNF667	TRIM28	7.617685819171537	125.0	1000	0.1258741258741259	0.16823561054330285
74	MEOX2	FGF19	7.615504423856357	161.0	1000	0.16183816183816183	0.20790669589190847
235	ZNF667	CDKN2A	7.561621475360485	150.0	1000	0.15084915084915085	0.19596291558908382
12	NKX3-1	gene139	7.549128726962718	199.0	1000	0.1998001998001998	0.2502002502002502
18	NKX3-1	ACHE	7.452286261639534	199.0	1000	0.1998001998001998	0.2502002502002502
20	NKX3-1	CDH1	7.443703063049412	199.0	1000	0.1998001998001998	0.2502002502002502
76	MEOX2	GATA2	7.440061432557332	184.0	1000	0.1848151848151848	0.2348200245823646
84	ZNF667	VIPR1	7.410117986056602	168.0	1000	0.16883116883116883	0.21609145918538183
40	ZNF667	DR1	7.409767318603793	155.0	1000	0.15584415584415584	0.20094932896417125
17	NR1H4	gene139	7.369113761440094	216.0	1000	0.21678321678321677	0.26808600652017023
82	MEOX2	gene135	7.238111597821289	219.0	1000	0.21978021978021978	0.27130950754396577
7	HDAC3	VARS1	7.227051411244243	190.0	1000	0.19080919080919082	0.24155261860179894
81	ZNF667	TFAP2A	7.22111599047048	184.0	1000	0.1848151848151848	0.2348200245823646
59	NR1H4	MMP2	7.155635978991543	238.0	1000	0.23876123876123875	0.2926614831376736
29	NR1H4	CDH1	7.154773530398042	244.0	1000	0.24475524475524477	0.29895412144972777
131	NKX3-1	GAS2	7.136784557160299	209.0	1000	0.2097902097902098	0.2608304039431052
82	ZNF667	TRIM17	7.093863614374528	196.0	1000	0.1968031968031968	0.24868767596040325
0	HDAC3	TRIM28	7.086376699194311	207.0	1000	0.2077922077922078	0.25927393970481943
0	HDAC3	gene137	7.07072997613312	207.0	1000	0.2077922077922078	0.25927393970481943
273	ZNF667	SLC51B	7.01173311565122	185.0	1000	0.18581418581418582	0.23565850208185973
188	ZNF667	NR5A2	6.969739310871113	180.0	976	0.18081918081918083	0.23058592783363427
4	HDAC3	DR1	6.94455915345499	213.0	1000	0.2137862137862138	0.2653239617525332
87	MEOX2	MAP3K5	6.877177464808724	240.0	1000	0.24075924075924077	0.29459097240787385
0	HDAC3	ABCB1	6.866312858862543	215.0	1000	0.21578421578421578	0.26732625663106946
248	ZNF667	IFNA1	6.844244756979324	199.0	1000	0.1998001998001998	0.2502002502002502
9	NR1H4	HNF4A	6.823774043888676	302.0	1000	0.3026973026973027	0.36023052290175583
37	ZNF667	ATP6V0E2	6.7822381638519085	208.0	1000	0.2087912087912088	0.2600535665051794
199	ZNF667	TAL1	6.769777891229161	198.0	976	0.19880119880119881	0.2502002502002502
3	MEOX2	HNF4A	6.748493171523679	256.0	1000	0.25674325674325676	0.3124983597838239
28	NR1H4	ATP6V0E2	6.721110958512401	279.0	1000	0.27972027972027974	0.3357609575226156
49	NKX3-1	TWIST1	6.698810248312414	274.0	1000	0.27472527472527475	0.3320592451027234
81	MEOX2	ZNF667	6.626154414468411	276.0	1000	0.27672327672327673	0.333893537018537
43	ZNF667	VARS1	6.619209711101066	220.0	1000	0.22077922077922077	0.27205950078290503
26	NKX3-1	gene134	6.608797194205489	278.0	1000	0.2787212787212787	0.335140637908804
247	ZNF667	HGF	6.538393045609975	233.0	1000	0.23376623376623376	0.28755315480979193
12	ZNF667	HNF4A	6.4706256155948765	247.0	1000	0.24775224775224775	0.30208388103124945
31	MEOX2	TRIM17	6.409498130438094	300.0	1000	0.3006993006993007	0.3584665763053413
70	ZNF667	BAX	6.397481879101189	262.0	1000	0.2627372627372627	0.31867783176683695
8	HDAC3	MMP2	6.383114011233394	288.0	1000	0.2887112887112887	0.34595576836956143
39	ZNF667	CDKN1A	6.378991747736763	237.0	1000	0.23776223776223776	0.29195186439002696
67	NR1H4	VIPR1	6.312090242350272	355.0	1000	0.35564435564435565	0.4154165162568524
38	ZNF667	CDH1	6.292531661113071	257.0	1000	0.25774225774225773	0.31316585512389705
121	NKX3-1	CASP8	6.247141862103137	313.0	1000	0.31368631368631367	0.3726700649777573
228	ZNF667	APOC2	6.23989268059723	274.0	1000	0.27472527472527475	0.3320592451027234
3	HDAC3	gene139	6.202113653893788	277.0	800	0.2777222777222777	0.33451816814035185
168	NR1H4	ABCB1	6.139199710471623	353.0	1000	0.35364635364635366	0.41377814105086835
13	NKX3-1	NKX3-2	6.091798561955353	383.0	1000	0.3836163836163836	0.4458417836344257
13	MEOX2	DR1	6.064073121137798	338.0	1000	0.3386613386613387	0.3989315768976786
123	NKX3-1	ZNF667	6.062472492916661	334.0	1000	0.33466533466533466	0.39489373105671915
36	NKX3-1	BAX	6.04019379309389	377.0	1000	0.3776223776223776	0.44034824236166514
4	MEOX2	PDLIM7	6.010999428114163	345.0	1000	0.34565434565434566	0.4064801526730461
15	NR1H4	APOE	6.002092896055883	300.0	800	0.3006993006993007	0.3584665763053413
111	MEOX2	WNT2	5.920477464124164	400.0	1000	0.4005994005994006	0.46402763902763905
2	HDAC3	PRAM1	5.9163742177208185	332.0	1000	0.33266733266733267	0.39320373504046974
267	ZNF667	PPARG	5.911112786806811	326.0	1000	0.32667332667332666	0.3874367952866246
75	ZNF667	MBD1	5.880240732541782	350.0	1000	0.35064935064935066	0.4116575991575992
89	MEOX2	MDM2	5.85630859018005	405.0	1000	0.40559440559440557	0.4674761391179301
45	NKX3-1	SLCO1B3	5.840979912115894	407.0	1000	0.4075924075924076	0.46900119747801866
9	NKX3-1	MEOX2	5.808503338671639	495.0	1000	0.4955044955044955	0.556341881059167
11	NKX3-1	gene138	5.802868426221576	497.0	1000	0.4975024975024975	0.5576842512326383
36	ZNF667	ACHE	5.790607803178052	329.0	1000	0.32967032967032966	0.3903251773779883
6	MEOX2	gene138	5.78349322306823	353.0	800	0.35364635364635366	0.41377814105086835
19	NKX3-1	ATP6V0E2	5.7194122573506085	402.0	1000	0.4025974025974026	0.46479268240065585
39	HDAC3	ZNF667	5.711999721740737	401.0	1000	0.4015984015984016	0.46441079718949935
83	ZNF667	TWIST1	5.705225471253707	380.0	1000	0.3806193806193806	0.4430996139538853
4	ZNF667	gene137	5.6754797518106335	298.0	1000	0.2987012987012987	0.35731050360998723
83	MEOX2	gene140	5.672743985678151	426.0	1000	0.42657342657342656	0.49003063052649826
0	HDAC3	ACHE	5.6701748480086325	396.0	1000	0.3966033966033966	0.460165877528148
14	NR1H4	MEOX2	5.649748311497608	551.0	1000	0.5514485514485514	0.6045059041904468
22	ZNF667	gene139	5.6286935582283855	475.0	1000	0.4755244755244755	0.5382565317418737
40	HDAC3	gene135	5.484623711386341	448.0	1000	0.4485514485514486	0.5135803241239815
125	NKX3-1	gene140	5.4555900009152385	469.0	1000	0.4695304695304695	0.5323387868249205
19	ZNF667	MEOX2	5.453666725893114	530.0	1000	0.5304695304695305	0.5870642096756746
14	MEOX2	MAP4K4	5.451200766306441	452.0	1000	0.45254745254745254	0.5173034202639466
8	MEOX2	NKX3-2	5.446596726341961	540.0	1000	0.5404595404595405	0.596221239078382
32	MEOX2	TWIST1	5.39428641760178	468.0	1000	0.46853146853146854	0.5323387868249205
3	NR1H4	gene137	5.392234108189001	513.0	1000	0.5134865134865135	0.5709970029970031
1	HDAC3	B3GNT9	5.388206965301103	507.0	1000	0.5074925074925075	0.5679666549231767
0	HDAC3	APOE	5.351656585735918	514.0	1000	0.5144855144855145	0.5711939817371128
6	NKX3-1	HNF4A	5.341187325592981	486.0	1000	0.4865134865134865	0.5480176225719176
9	HDAC3	PPARA	5.294872717792353	485.0	1000	0.4855144855144855	0.5477801419359861
2	HDAC3	CDH1	5.287223367966721	465.0	1000	0.46553446553446554	0.5304040222073009
5	MEOX2	APOE	5.267732457203231	582.0	1000	0.5824175824175825	0.6334588728954926
7	MEOX2	gene139	5.250950299475013	469.0	800	0.4695304695304695	0.5323387868249205
12	MEOX2	CDKN1A	5.24330580430779	490.0	1000	0.4905094905094905	0.5516247506538768
50	NKX3-1	VIPR1	5.2313525884032295	530.0	1000	0.5304695304695305	0.5870642096756746
62	NR1H4	SLCO1B3	5.225922165771902	550.0	1000	0.5504495504495505	0.6043640403829977
5	MEOX2	gene136	5.194877197702714	480.0	800	0.4805194805194805	0.5430260796114454
2	HDAC3	BAX	5.193222110503871	508.0	1000	0.5084915084915085	0.5681697723498367
65	NR1H4	TRIM17	5.179355738913436	559.0	1000	0.5594405594405595	0.6123010847420297
19	ZNF667	APOE	5.143437325237858	539.0	1000	0.5394605394605395	0.596065301947655
180	ZNF667	FOS	5.126953896307062	512.0	976	0.5124875124875125	0.5709970029970031
30	NR1H4	CDKN1A	5.112507732450318	549.0	1000	0.5494505494505495	0.6042217276394491
42	ZNF667	MYC	5.110713022083607	447.0	1000	0.44755244755244755	0.5132820974405132
22	ZNF667	NKX3-2	5.1060497048916185	548.0	1000	0.5484515484515484	0.6040789638253979
16	NR1H4	B3GNT9	5.04649863862408	454.0	800	0.45454545454545453	0.5187341394237946
167	NR1H4	gene140	5.026593607423318	578.0	1000	0.5784215784215784	0.6300987413840078
79	ZNF667	SLCO1B3	5.011335033856693	513.0	1000	0.5134865134865135	0.5709970029970031
53	NR1H4	BAX	4.929233325762928	633.0	1000	0.6333666333666333	0.6824648219997057
61	NR1H4	SEPTIN9	4.893184960268966	641.0	1000	0.6413586413586414	0.6889401170699471
99	MEOX2	PPARG	4.884418677064681	604.0	1000	0.6043956043956044	0.6542911916743692
16	HDAC3	VIPR1	4.846751510338982	583.0	1000	0.5834165834165834	0.633553946053946
11	MEOX2	CDH1	4.821768377472752	570.0	1000	0.5704295704295704	0.6233467790071564
21	ZNF667	gene138	4.805148030740985	694.0	1000	0.6943056943056943	0.7378325038875497
166	NR1H4	gene135	4.691663558306682	674.0	1000	0.6743256743256744	0.721009759471298
11	HDAC3	SLCO1B3	4.689532908571282	627.0	1000	0.6273726273726273	0.6770558633912671
21	NKX3-1	CDKN1A	4.615564191260216	647.0	1000	0.6473526473526473	0.6943056943056942
2	HDAC3	gene138	4.565130866739505	615.0	800	0.6153846153846154	0.6651513338916138
3	NR1H4	TRIM28	4.545869732305113	696.0	1000	0.6963036963036963	0.7388260594367464
15	NR1H4	gene136	4.529462035563056	823.0	1000	0.8231768231768232	0.853892376280436
112	NKX3-1	ABCB1	4.526386813102009	715.0	1000	0.7152847152847153	0.7555058922840078
255	ZNF667	MAP3K5	4.491637000799056	651.0	1000	0.6513486513486514	0.6975151197031013
33	HDAC3	MDM2	4.484622019212135	690.0	1000	0.6903096903096904	0.7347093947400226
1	HDAC3	gene136	4.4494838068918625	635.0	800	0.6353646353646354	0.6835579281399715
19	MEOX2	BAX	4.439868891538122	680.0	1000	0.6803196803196803	0.726301348421164
42	NKX3-1	MMP2	4.379952979683915	721.0	1000	0.7212787212787213	0.7606808972514587
78	ZNF667	SEPTIN9	4.342300604290082	682.0	1000	0.6823176823176823	0.7273171613662411
18	NR1H4	NKX3-2	4.330621310528799	590.0	800	0.5904095904095904	0.6401476838294311
13	ZNF667	PDLIM7	4.262621471886581	574.0	1000	0.5744255744255744	0.6267280600090647
10	NKX3-1	APOE	4.235080735767109	802.0	1000	0.8021978021978022	0.8409162481560671
28	MEOX2	SLCO1B3	4.232229979684229	726.0	1000	0.7262737262737263	0.7647882420609694
26	MEOX2	PPARA	4.188917654674899	733.0	1000	0.7332667332667333	0.7709839328598784
10	HDAC3	SEPTIN9	4.162572424479025	757.0	1000	0.7572427572427572	0.7949905079814445
8	HDAC3	gene134	4.107331171701178	714.0	1000	0.7142857142857143	0.7555058922840078
16	NR1H4	gene138	4.043359453229704	898.0	1000	0.8981018981018981	0.9162391860339074
3	HDAC3	NKX3-2	4.024933696282268	822.0	1000	0.8221778221778222	0.853892376280436
124	NKX3-1	gene135	4.010141298429768	827.0	1000	0.8271728271728271	0.8567587405143291
34	NKX3-1	ABCB11	3.8887138385418534	812.0	1000	0.8121878121878122	0.8475533475533477
224	ZNF667	ABCB1	3.742216769463755	832.0	1000	0.8321678321678322	0.8606497668997669
56	MEOX2	ABCB1	3.725883848100068	860.0	1000	0.8601398601398601	0.8866540866540867
35	NR1H4	gene134	3.7069118575897826	817.0	1000	0.8171828171828172	0.8514873432414661
3	HDAC3	CDKN1A	3.649630524244914	807.0	1000	0.8071928071928072	0.8436075202992496
0	HDAC3	HNF4A	3.6159198433997903	711.0	1000	0.7112887112887113	0.7535756926000828
136	NKX3-1	IFNA1	3.6151475313374224	899.0	1000	0.8991008991008991	0.9162391860339074
1	HDAC3	ATP6V0E2	3.5890225278756445	820.0	1000	0.8201798201798202	0.8533308009355913
207	ZNF667	gene135	3.5754598340559225	847.0	976	0.8471528471528471	0.8748458079810234
145	NKX3-1	MDM2	3.571433611053244	904.0	1000	0.9040959040959041	0.9199804587798732
11	NR1H4	PRAM1	3.52163386659389	807.0	1000	0.8071928071928072	0.8436075202992496
20	ZNF667	B3GNT9	3.4895225939312096	891.0	1000	0.8911088911088911	0.913452329381533
27	MEOX2	SEPTIN9	3.4482130021791644	908.0	1000	0.9080919080919081	0.9213487242684323
77	ZNF667	PPARA	3.421954588253849	873.0	1000	0.8731268731268731	0.8963414724123734
14	HDAC3	TRIM17	3.4054161455939607	896.0	1000	0.8961038961038961	0.9162391860339074
11	NKX3-1	B3GNT9	3.376155312537732	947.0	1000	0.9470529470529471	0.955300142528009
33	MEOX2	VIPR1	3.1996876728509136	938.0	1000	0.938061938061938	0.9503688731093979
43	NKX3-1	PPARA	3.0793549277058325	941.0	1000	0.9410589410589411	0.952017414899511
20	ZNF667	gene136	3.0576242189594325	976.0	1000	0.9760239760239761	0.9788407840355893
257	ZNF667	MDM2	3.0242929373209	952.0	1000	0.952047952047952	0.958946850251198
48	NKX3-1	TRIM17	2.9118663706799843	959.0	1000	0.9590409590409591	0.9645925709601543
1	MEOX2	TRIM28	2.8815354691430755	899.0	1000	0.8991008991008991	0.9162391860339074
2	NKX3-1	TRIM28	2.8685322801859643	908.0	1000	0.9080919080919081	0.9213487242684323
5	MEOX2	PRAM1	2.8484665698804106	861.0	1000	0.8611388611388612	0.8866540866540867
17	MEOX2	ABCB11	2.8435336280429513	974.0	1000	0.974025974025974	0.9782486299827341
17	MEOX2	gene134	2.7546971241940357	944.0	1000	0.9440559440559441	0.9536611644169783
14	ZNF667	PRAM1	2.680098419319446	865.0	1000	0.8651348651348651	0.8894507859004901
10	MEOX2	ATP6V0E2	2.1882160924094345	983.0	1000	0.983016983016983	0.9844334340011573
68	ZNF667	ABCB11	2.1345913298742714	993.0	1000	0.993006993006993	0.993006993006993
