	tissue	num_clusters	cluster_id	mean_intra_dist
0	cd8+_tcells	1	0	1.006368800623919
1	cd8+_tcells	2	0	0.9129273163587898
2	cd8+_tcells	2	1	0.7173407248703169
3	cd8+_tcells	3	0	0.6651180629740631
4	cd8+_tcells	3	1	0.571025009048992
5	cd8+_tcells	3	2	0.7173407248703169
6	cd8+_tcells	4	0	0.6651180629740631
7	cd8+_tcells	4	1	0.571025009048992
8	cd8+_tcells	4	2	0.4594425329394813
9	cd8+_tcells	4	3	0.432579384610951
10	cd8+_tcells	5	0	0.41673699376945206
11	cd8+_tcells	5	1	0.571025009048992
12	cd8+_tcells	5	2	0.4594425329394813
13	cd8+_tcells	5	3	0.432579384610951
14	cd8+_tcells	5	4	0.3924491024534006
15	cd8+_tcells	6	0	0.41673699376945206
16	cd8+_tcells	6	1	0.28505152095100866
17	cd8+_tcells	6	2	0.4594425329394813
18	cd8+_tcells	6	3	0.432579384610951
19	cd8+_tcells	6	4	0.3516143265706052
20	cd8+_tcells	6	5	0.3924491024534006
21	cd8+_tcells	7	0	0.41673699376945206
22	cd8+_tcells	7	1	0.28505152095100866
23	cd8+_tcells	7	2	0.2776649256195967
24	cd8+_tcells	7	3	0.432579384610951
25	cd8+_tcells	7	4	0.3516143265706052
26	cd8+_tcells	7	5	0.21698698567723362
27	cd8+_tcells	7	6	0.3924491024534006
28	cd8+_tcells	8	0	0.41673699376945206
29	cd8+_tcells	8	1	0.28505152095100866
30	cd8+_tcells	8	2	0.2776649256195967
31	cd8+_tcells	8	3	0.2188500268011531
32	cd8+_tcells	8	4	0.3516143265706052
33	cd8+_tcells	8	5	0.277910284726225
34	cd8+_tcells	8	6	0.21698698567723362
35	cd8+_tcells	8	7	0.3924491024534006
36	cd8+_tcells	9	0	0.2271796281556197
37	cd8+_tcells	9	1	0.28505152095100866
38	cd8+_tcells	9	2	0.2776649256195967
39	cd8+_tcells	9	3	0.2188500268011531
40	cd8+_tcells	9	4	0.3516143265706052
41	cd8+_tcells	9	5	0.29070844008616736
42	cd8+_tcells	9	6	0.277910284726225
43	cd8+_tcells	9	7	0.21698698567723362
44	cd8+_tcells	9	8	0.3924491024534006
45	cd8+_tcells	10	0	0.2271796281556197
46	cd8+_tcells	10	1	0.28505152095100866
47	cd8+_tcells	10	2	0.2776649256195967
48	cd8+_tcells	10	3	0.2188500268011531
49	cd8+_tcells	10	4	0.3516143265706052
50	cd8+_tcells	10	5	0.29070844008616736
51	cd8+_tcells	10	6	0.277910284726225
52	cd8+_tcells	10	7	0.21698698567723362
53	cd8+_tcells	10	8	0.3108873192017295
54	cd8+_tcells	10	9	0.2375260563207495
55	cd8+_tcells	20	0	0.1650994955273774
56	cd8+_tcells	20	1	0.20547441180403453
57	cd8+_tcells	20	2	0.15821397599423645
58	cd8+_tcells	20	3	0.2188500268011531
59	cd8+_tcells	20	4	0.19382366976945248
60	cd8+_tcells	20	5	0.1351181505244958
61	cd8+_tcells	20	6	0.16907456389625378
62	cd8+_tcells	20	7	0.14699244812680096
63	cd8+_tcells	20	8	0.16021426420749302
64	cd8+_tcells	20	9	0.21698698567723362
65	cd8+_tcells	20	10	0.14892176994236314
66	cd8+_tcells	20	11	0.1445076255331412
67	cd8+_tcells	20	12	0.16102464432276659
68	cd8+_tcells	20	13	0.17127288322766634
69	cd8+_tcells	20	14	0.1987488170020174
70	cd8+_tcells	20	15	0.1367784832299713
71	cd8+_tcells	20	16	0.1893699767997119
72	cd8+_tcells	20	17	0.16008481629077798
73	cd8+_tcells	20	18	0.13836307650547552
74	cd8+_tcells	20	19	0.14063957624207482
75	cd8+_tcells	30	0	0.14572848078328537
76	cd8+_tcells	30	1	0.1306719041123919
77	cd8+_tcells	30	2	0.15821397599423645
78	cd8+_tcells	30	3	0.11810958951008659
79	cd8+_tcells	30	4	0.11459628587896244
80	cd8+_tcells	30	5	0.1351181505244958
81	cd8+_tcells	30	6	0.12063189344870315
82	cd8+_tcells	30	7	0.1340517620172911
83	cd8+_tcells	30	8	0.14699244812680096
84	cd8+_tcells	30	9	0.16021426420749302
85	cd8+_tcells	30	10	0.11003795285302585
86	cd8+_tcells	30	11	0.14892176994236314
87	cd8+_tcells	30	12	0.1370554510662826
88	cd8+_tcells	30	13	0.1445076255331412
89	cd8+_tcells	30	14	0.16102464432276659
90	cd8+_tcells	30	15	0.0
91	cd8+_tcells	30	16	0.10187538270893372
92	cd8+_tcells	30	17	0.13335609285302596
93	cd8+_tcells	30	18	0.156589629479539
94	cd8+_tcells	30	19	0.13779103035475504
95	cd8+_tcells	30	20	0.1367784832299713
96	cd8+_tcells	30	21	0.13379802612708935
97	cd8+_tcells	30	22	0.16372926586005773
98	cd8+_tcells	30	23	0.16008481629077798
99	cd8+_tcells	30	24	0.1420051167896253
100	cd8+_tcells	30	25	0.08206894080691644
101	cd8+_tcells	30	26	0.07950829480115282
102	cd8+_tcells	30	27	0.13836307650547552
103	cd8+_tcells	30	28	0.09631304886495669
104	cd8+_tcells	30	29	0.14063957624207482
105	cd8+_tcells	40	0	0.13561392852708917
106	cd8+_tcells	40	1	0.1306719041123919
107	cd8+_tcells	40	2	0.11499298602305483
108	cd8+_tcells	40	3	0.11810958951008659
109	cd8+_tcells	40	4	0.11459628587896244
110	cd8+_tcells	40	5	0.1351181505244958
111	cd8+_tcells	40	6	0.09657480429394817
112	cd8+_tcells	40	7	0.12063189344870315
113	cd8+_tcells	40	8	0.1340517620172911
114	cd8+_tcells	40	9	0.0623659688472618
115	cd8+_tcells	40	10	0.10716817665706047
116	cd8+_tcells	40	11	0.11003795285302585
117	cd8+_tcells	40	12	0.09857609095100879
118	cd8+_tcells	40	13	0.11249842723342955
119	cd8+_tcells	40	14	0.12337205622478385
120	cd8+_tcells	40	15	0.1370554510662826
121	cd8+_tcells	40	16	0.10511524538904894
122	cd8+_tcells	40	17	0.10363445699135426
123	cd8+_tcells	40	18	0.10374960741786747
124	cd8+_tcells	40	19	0.0
125	cd8+_tcells	40	20	0.10187538270893372
126	cd8+_tcells	40	21	0.13335609285302596
127	cd8+_tcells	40	22	0.10136201979827084
128	cd8+_tcells	40	23	0.11916056030106627
129	cd8+_tcells	40	24	0.0999948913599424
130	cd8+_tcells	40	25	0.13779103035475504
131	cd8+_tcells	40	26	0.1367784832299713
132	cd8+_tcells	40	27	0.13379802612708935
133	cd8+_tcells	40	28	0.12584018697406352
134	cd8+_tcells	40	29	0.09744920317233452
135	cd8+_tcells	40	30	0.10028344934668577
136	cd8+_tcells	40	31	0.1420051167896253
137	cd8+_tcells	40	32	0.08206894080691644
138	cd8+_tcells	40	33	0.07210653262247844
139	cd8+_tcells	40	34	0.07950829480115282
140	cd8+_tcells	40	35	0.13390540290066294
141	cd8+_tcells	40	36	0.0
142	cd8+_tcells	40	37	0.13836307650547552
143	cd8+_tcells	40	38	0.09631304886495669
144	cd8+_tcells	40	39	0.14063957624207482
145	cd8+_tcells	50	0	0.09326933162219019
146	cd8+_tcells	50	1	0.1306719041123919
147	cd8+_tcells	50	2	0.11499298602305483
148	cd8+_tcells	50	3	0.11810958951008659
149	cd8+_tcells	50	4	0.11459628587896244
150	cd8+_tcells	50	5	0.09772851672334291
151	cd8+_tcells	50	6	0.09657480429394817
152	cd8+_tcells	50	7	0.12063189344870315
153	cd8+_tcells	50	8	0.11277271204610947
154	cd8+_tcells	50	9	0.0623659688472618
155	cd8+_tcells	50	10	0.10716817665706047
156	cd8+_tcells	50	11	0.11003795285302585
157	cd8+_tcells	50	12	0.09857609095100879
158	cd8+_tcells	50	13	0.11249842723342955
159	cd8+_tcells	50	14	0.12337205622478385
160	cd8+_tcells	50	15	0.09409491890489921
161	cd8+_tcells	50	16	0.10511524538904894
162	cd8+_tcells	50	17	0.10363445699135426
163	cd8+_tcells	50	18	0.10374960741786747
164	cd8+_tcells	50	19	0.0
165	cd8+_tcells	50	20	0.10187538270893372
166	cd8+_tcells	50	21	0.09426422161383283
167	cd8+_tcells	50	22	0.13335609285302596
168	cd8+_tcells	50	23	0.10136201979827084
169	cd8+_tcells	50	24	0.11916056030106627
170	cd8+_tcells	50	25	0.0999948913599424
171	cd8+_tcells	50	26	0.10885187770720452
172	cd8+_tcells	50	27	0.1266057409818444
173	cd8+_tcells	50	28	0.10031984594034578
174	cd8+_tcells	50	29	0.11556997570461094
175	cd8+_tcells	50	30	0.13379802612708935
176	cd8+_tcells	50	31	0.12584018697406352
177	cd8+_tcells	50	32	0.09422180478386172
178	cd8+_tcells	50	33	0.09744920317233452
179	cd8+_tcells	50	34	0.10028344934668577
180	cd8+_tcells	50	35	0.11078013537752154
181	cd8+_tcells	50	36	0.08206894080691644
182	cd8+_tcells	50	37	0.11133529256195969
183	cd8+_tcells	50	38	0.07210653262247844
184	cd8+_tcells	50	39	0.11030852541642648
185	cd8+_tcells	50	40	0.07950829480115282
186	cd8+_tcells	50	41	0.10432712384380399
187	cd8+_tcells	50	42	0.0
188	cd8+_tcells	50	43	0.041725428726224804
189	cd8+_tcells	50	44	0.08389015989798264
190	cd8+_tcells	50	45	0.10096830503409221
191	cd8+_tcells	50	46	0.09631304886495669
192	cd8+_tcells	50	47	0.0
193	cd8+_tcells	50	48	0.0
194	cd8+_tcells	50	49	0.0
195	cd8+_tcells	60	0	0.09326933162219019
196	cd8+_tcells	60	1	0.09883384661095086
197	cd8+_tcells	60	2	0.11499298602305483
198	cd8+_tcells	60	3	0.07464557927953885
199	cd8+_tcells	60	4	0.11459628587896244
200	cd8+_tcells	60	5	0.09772851672334291
201	cd8+_tcells	60	6	0.09657480429394817
202	cd8+_tcells	60	7	0.08840490169827096
203	cd8+_tcells	60	8	0.11277271204610947
204	cd8+_tcells	60	9	0.0623659688472618
205	cd8+_tcells	60	10	0.10716817665706047
206	cd8+_tcells	60	11	0.11003795285302585
207	cd8+_tcells	60	12	0.09215986204610957
208	cd8+_tcells	60	13	0.09857609095100879
209	cd8+_tcells	60	14	0.11249842723342955
210	cd8+_tcells	60	15	0.09217751037463985
211	cd8+_tcells	60	16	0.09409491890489921
212	cd8+_tcells	60	17	0.10511524538904894
213	cd8+_tcells	60	18	0.10363445699135426
214	cd8+_tcells	60	19	0.10374960741786747
215	cd8+_tcells	60	20	0.0
216	cd8+_tcells	60	21	0.10187538270893372
217	cd8+_tcells	60	22	0.09426422161383283
218	cd8+_tcells	60	23	0.08744365740633998
219	cd8+_tcells	60	24	0.10136201979827084
220	cd8+_tcells	60	25	0.0815146446700288
221	cd8+_tcells	60	26	0.0999948913599424
222	cd8+_tcells	60	27	0.10885187770720452
223	cd8+_tcells	60	28	0.07447897729682992
224	cd8+_tcells	60	29	0.10031984594034578
225	cd8+_tcells	60	30	0.07295566306829959
226	cd8+_tcells	60	31	0.09235286324582141
227	cd8+_tcells	60	32	0.10091012984149872
228	cd8+_tcells	60	33	0.09529681573487031
229	cd8+_tcells	60	34	0.10501410829971192
230	cd8+_tcells	60	35	0.07768946651296837
231	cd8+_tcells	60	36	0.09422180478386172
232	cd8+_tcells	60	37	0.09744920317233452
233	cd8+_tcells	60	38	0.10028344934668577
234	cd8+_tcells	60	39	0.11078013537752154
235	cd8+_tcells	60	40	0.10727062827953891
236	cd8+_tcells	60	41	0.08206894080691644
237	cd8+_tcells	60	42	0.11133529256195969
238	cd8+_tcells	60	43	0.07210653262247844
239	cd8+_tcells	60	44	0.11030852541642648
240	cd8+_tcells	60	45	0.07950829480115282
241	cd8+_tcells	60	46	0.10432712384380399
242	cd8+_tcells	60	47	0.0
243	cd8+_tcells	60	48	0.08656115287319895
244	cd8+_tcells	60	49	0.041725428726224804
245	cd8+_tcells	60	50	0.08389015989798264
246	cd8+_tcells	60	51	0.10096830503409221
247	cd8+_tcells	60	52	0.08787725021757938
248	cd8+_tcells	60	53	0.05123162282420757
249	cd8+_tcells	60	54	0.09631304886495669
250	cd8+_tcells	60	55	0.0
251	cd8+_tcells	60	56	0.0
252	cd8+_tcells	60	57	0.0
253	cd8+_tcells	60	58	0.045345269184438
254	cd8+_tcells	60	59	0.0
255	cd8+_tcells	70	0	0.09326933162219019
256	cd8+_tcells	70	1	0.09883384661095086
257	cd8+_tcells	70	2	0.10130763492795404
258	cd8+_tcells	70	3	0.07464557927953885
259	cd8+_tcells	70	4	0.07497383561959658
260	cd8+_tcells	70	5	0.09772851672334291
261	cd8+_tcells	70	6	0.09657480429394817
262	cd8+_tcells	70	7	0.08840490169827096
263	cd8+_tcells	70	8	0.07999232489913548
264	cd8+_tcells	70	9	0.0623659688472618
265	cd8+_tcells	70	10	0.10716817665706047
266	cd8+_tcells	70	11	0.09915350942363119
267	cd8+_tcells	70	12	0.09215986204610957
268	cd8+_tcells	70	13	0.09857609095100879
269	cd8+_tcells	70	14	0.08653663054755065
270	cd8+_tcells	70	15	0.09217751037463985
271	cd8+_tcells	70	16	0.09409491890489921
272	cd8+_tcells	70	17	0.10511524538904894
273	cd8+_tcells	70	18	0.07790330590778104
274	cd8+_tcells	70	19	0.09580362481268023
275	cd8+_tcells	70	20	0.10363445699135426
276	cd8+_tcells	70	21	0.10374960741786747
277	cd8+_tcells	70	22	0.0
278	cd8+_tcells	70	23	0.10187538270893372
279	cd8+_tcells	70	24	0.09426422161383283
280	cd8+_tcells	70	25	0.08744365740633998
281	cd8+_tcells	70	26	0.10136201979827084
282	cd8+_tcells	70	27	0.0815146446700288
283	cd8+_tcells	70	28	0.0999948913599424
284	cd8+_tcells	70	29	0.08354819114236309
285	cd8+_tcells	70	30	0.07447897729682992
286	cd8+_tcells	70	31	0.10031984594034578
287	cd8+_tcells	70	32	0.07295566306829959
288	cd8+_tcells	70	33	0.04927142896253612
289	cd8+_tcells	70	34	0.09235286324582141
290	cd8+_tcells	70	35	0.10091012984149872
291	cd8+_tcells	70	36	0.07358816086455369
292	cd8+_tcells	70	37	0.09529681573487031
293	cd8+_tcells	70	38	0.10501410829971192
294	cd8+_tcells	70	39	0.07768946651296837
295	cd8+_tcells	70	40	0.09422180478386172
296	cd8+_tcells	70	41	0.09744920317233452
297	cd8+_tcells	70	42	0.10028344934668577
298	cd8+_tcells	70	43	0.06007371079250721
299	cd8+_tcells	70	44	0.08712798008645532
300	cd8+_tcells	70	45	0.08206894080691644
301	cd8+_tcells	70	46	0.07657622554466868
302	cd8+_tcells	70	47	0.07210653262247844
303	cd8+_tcells	70	48	0.0669618695634006
304	cd8+_tcells	70	49	0.07950829480115282
305	cd8+_tcells	70	50	0.10432712384380399
306	cd8+_tcells	70	51	0.0
307	cd8+_tcells	70	52	0.08656115287319895
308	cd8+_tcells	70	53	0.0875086427002882
309	cd8+_tcells	70	54	0.041725428726224804
310	cd8+_tcells	70	55	0.08389015989798264
311	cd8+_tcells	70	56	0.04790392122334299
312	cd8+_tcells	70	57	0.10096830503409221
313	cd8+_tcells	70	58	0.08787725021757938
314	cd8+_tcells	70	59	0.05558302571469738
315	cd8+_tcells	70	60	0.05123162282420757
316	cd8+_tcells	70	61	0.09631304886495669
317	cd8+_tcells	70	62	0.0
318	cd8+_tcells	70	63	0.0
319	cd8+_tcells	70	64	0.05934466835734872
320	cd8+_tcells	70	65	0.0
321	cd8+_tcells	70	66	0.03455566846512968
322	cd8+_tcells	70	67	0.0
323	cd8+_tcells	70	68	0.045345269184438
324	cd8+_tcells	70	69	0.0
325	cd8+_tcells	80	0	0.09326933162219019
326	cd8+_tcells	80	1	0.09883384661095086
327	cd8+_tcells	80	2	0.06346020296829986
328	cd8+_tcells	80	3	0.07464557927953885
329	cd8+_tcells	80	4	0.07497383561959658
330	cd8+_tcells	80	5	0.09772851672334291
331	cd8+_tcells	80	6	0.09657480429394817
332	cd8+_tcells	80	7	0.08840490169827096
333	cd8+_tcells	80	8	0.07999232489913548
334	cd8+_tcells	80	9	0.0623659688472618
335	cd8+_tcells	80	10	0.07053349149855907
336	cd8+_tcells	80	11	0.09915350942363119
337	cd8+_tcells	80	12	0.09215986204610957
338	cd8+_tcells	80	13	0.09857609095100879
339	cd8+_tcells	80	14	0.08653663054755065
340	cd8+_tcells	80	15	0.09217751037463985
341	cd8+_tcells	80	16	0.09409491890489921
342	cd8+_tcells	80	17	0.08730078322766574
343	cd8+_tcells	80	18	0.07790330590778104
344	cd8+_tcells	80	19	0.09580362481268023
345	cd8+_tcells	80	20	0.09660916550432282
346	cd8+_tcells	80	21	0.0952708605475504
347	cd8+_tcells	80	22	0.07829323521037458
348	cd8+_tcells	80	23	0.0
349	cd8+_tcells	80	24	0.09597381844380411
350	cd8+_tcells	80	25	0.09426422161383283
351	cd8+_tcells	80	26	0.08744365740633998
352	cd8+_tcells	80	27	0.08079296233429403
353	cd8+_tcells	80	28	0.0815146446700288
354	cd8+_tcells	80	29	0.0999948913599424
355	cd8+_tcells	80	30	0.07157694181556196
356	cd8+_tcells	80	31	0.08354819114236309
357	cd8+_tcells	80	32	0.07447897729682992
358	cd8+_tcells	80	33	0.10031984594034578
359	cd8+_tcells	80	34	0.07295566306829959
360	cd8+_tcells	80	35	0.04927142896253612
361	cd8+_tcells	80	36	0.09235286324582141
362	cd8+_tcells	80	37	0.10091012984149872
363	cd8+_tcells	80	38	0.07358816086455369
364	cd8+_tcells	80	39	0.09529681573487031
365	cd8+_tcells	80	40	0.054643343890489804
366	cd8+_tcells	80	41	0.07768946651296837
367	cd8+_tcells	80	42	0.09422180478386172
368	cd8+_tcells	80	43	0.09744920317233452
369	cd8+_tcells	80	44	0.10028344934668577
370	cd8+_tcells	80	45	0.07552574693731999
371	cd8+_tcells	80	46	0.06007371079250721
372	cd8+_tcells	80	47	0.08712798008645532
373	cd8+_tcells	80	48	0.060432769596541806
374	cd8+_tcells	80	49	0.08206894080691644
375	cd8+_tcells	80	50	0.08436320057636885
376	cd8+_tcells	80	51	0.07657622554466868
377	cd8+_tcells	80	52	0.07210653262247844
378	cd8+_tcells	80	53	0.0669618695634006
379	cd8+_tcells	80	54	0.07950829480115282
380	cd8+_tcells	80	55	0.08166057824112384
381	cd8+_tcells	80	56	0.07853662080749271
382	cd8+_tcells	80	57	0.0
383	cd8+_tcells	80	58	0.08656115287319895
384	cd8+_tcells	80	59	0.0875086427002882
385	cd8+_tcells	80	60	0.041725428726224804
386	cd8+_tcells	80	61	0.08389015989798264
387	cd8+_tcells	80	62	0.07072744492795387
388	cd8+_tcells	80	63	0.04790392122334299
389	cd8+_tcells	80	64	0.06687505347789623
390	cd8+_tcells	80	65	0.08787725021757938
391	cd8+_tcells	80	66	0.05558302571469738
392	cd8+_tcells	80	67	0.05451826011527388
393	cd8+_tcells	80	68	0.05123162282420757
394	cd8+_tcells	80	69	0.0403099226974063
395	cd8+_tcells	80	70	0.09631304886495669
396	cd8+_tcells	80	71	0.0
397	cd8+_tcells	80	72	0.0
398	cd8+_tcells	80	73	0.05934466835734872
399	cd8+_tcells	80	74	0.0
400	cd8+_tcells	80	75	0.03455566846512968
401	cd8+_tcells	80	76	0.0
402	cd8+_tcells	80	77	0.060063819624207516
403	cd8+_tcells	80	78	0.045345269184438
404	cd8+_tcells	80	79	0.0
405	cd8+_tcells	90	0	0.09326933162219019
406	cd8+_tcells	90	1	0.05821111636887612
407	cd8+_tcells	90	2	0.06346020296829986
408	cd8+_tcells	90	3	0.07464557927953885
409	cd8+_tcells	90	4	0.07497383561959658
410	cd8+_tcells	90	5	0.06597860181844384
411	cd8+_tcells	90	6	0.09657480429394817
412	cd8+_tcells	90	7	0.08840490169827096
413	cd8+_tcells	90	8	0.07999232489913548
414	cd8+_tcells	90	9	0.0623659688472618
415	cd8+_tcells	90	10	0.07053349149855907
416	cd8+_tcells	90	11	0.07272115899135452
417	cd8+_tcells	90	12	0.09215986204610957
418	cd8+_tcells	90	13	0.06423808930835756
419	cd8+_tcells	90	14	0.08653663054755065
420	cd8+_tcells	90	15	0.09217751037463985
421	cd8+_tcells	90	16	0.09409491890489921
422	cd8+_tcells	90	17	0.08730078322766574
423	cd8+_tcells	90	18	0.07790330590778104
424	cd8+_tcells	90	19	0.09580362481268023
425	cd8+_tcells	90	20	0.058917665360230735
426	cd8+_tcells	90	21	0.0952708605475504
427	cd8+_tcells	90	22	0.07829323521037458
428	cd8+_tcells	90	23	0.0
429	cd8+_tcells	90	24	0.09597381844380411
430	cd8+_tcells	90	25	0.09426422161383283
431	cd8+_tcells	90	26	0.08744365740633998
432	cd8+_tcells	90	27	0.08079296233429403
433	cd8+_tcells	90	28	0.0815146446700288
434	cd8+_tcells	90	29	0.07037885376195961
435	cd8+_tcells	90	30	0.07157694181556196
436	cd8+_tcells	90	31	0.08354819114236309
437	cd8+_tcells	90	32	0.07447897729682992
438	cd8+_tcells	90	33	0.0
439	cd8+_tcells	90	34	0.07295566306829959
440	cd8+_tcells	90	35	0.07635740597982707
441	cd8+_tcells	90	36	0.04927142896253612
442	cd8+_tcells	90	37	0.09235286324582141
443	cd8+_tcells	90	38	0.07924197297406335
444	cd8+_tcells	90	39	0.07358816086455369
445	cd8+_tcells	90	40	0.09529681573487031
446	cd8+_tcells	90	41	0.054643343890489804
447	cd8+_tcells	90	42	0.07768946651296837
448	cd8+_tcells	90	43	0.09422180478386172
449	cd8+_tcells	90	44	0.05141445169827093
450	cd8+_tcells	90	45	0.06258009448645539
451	cd8+_tcells	90	46	0.07552574693731999
452	cd8+_tcells	90	47	0.06007371079250721
453	cd8+_tcells	90	48	0.08712798008645532
454	cd8+_tcells	90	49	0.060432769596541806
455	cd8+_tcells	90	50	0.08206894080691644
456	cd8+_tcells	90	51	0.08436320057636885
457	cd8+_tcells	90	52	0.061657827838616765
458	cd8+_tcells	90	53	0.07657622554466868
459	cd8+_tcells	90	54	0.06960382832853025
460	cd8+_tcells	90	55	0.07210653262247844
461	cd8+_tcells	90	56	0.0669618695634006
462	cd8+_tcells	90	57	0.07950829480115282
463	cd8+_tcells	90	58	0.08166057824112384
464	cd8+_tcells	90	59	0.07853662080749271
465	cd8+_tcells	90	60	0.0
466	cd8+_tcells	90	61	0.08656115287319895
467	cd8+_tcells	90	62	0.0875086427002882
468	cd8+_tcells	90	63	0.041725428726224804
469	cd8+_tcells	90	64	0.06444507278386172
470	cd8+_tcells	90	65	0.08389015989798264
471	cd8+_tcells	90	66	0.07072744492795387
472	cd8+_tcells	90	67	0.04790392122334299
473	cd8+_tcells	90	68	0.06687505347789623
474	cd8+_tcells	90	69	0.08787725021757938
475	cd8+_tcells	90	70	0.05558302571469738
476	cd8+_tcells	90	71	0.05451826011527388
477	cd8+_tcells	90	72	0.08070345964005757
478	cd8+_tcells	90	73	0.05123162282420757
479	cd8+_tcells	90	74	0.0403099226974063
480	cd8+_tcells	90	75	0.09631304886495669
481	cd8+_tcells	90	76	0.0
482	cd8+_tcells	90	77	0.0
483	cd8+_tcells	90	78	0.05934466835734872
484	cd8+_tcells	90	79	0.06949553491181566
485	cd8+_tcells	90	80	0.06754058879971181
486	cd8+_tcells	90	81	0.0
487	cd8+_tcells	90	82	0.0
488	cd8+_tcells	90	83	0.045623570155043196
489	cd8+_tcells	90	84	0.03455566846512968
490	cd8+_tcells	90	85	0.0
491	cd8+_tcells	90	86	0.060063819624207516
492	cd8+_tcells	90	87	0.045345269184438
493	cd8+_tcells	90	88	0.06626058145244956
494	cd8+_tcells	90	89	0.0
495	cd8+_tcells	100	0	0.06920510575734874
496	cd8+_tcells	100	1	0.05821111636887612
497	cd8+_tcells	100	2	0.06346020296829986
498	cd8+_tcells	100	3	0.07464557927953885
499	cd8+_tcells	100	4	0.07497383561959658
500	cd8+_tcells	100	5	0.06597860181844384
501	cd8+_tcells	100	6	0.09229265409221897
502	cd8+_tcells	100	7	0.08840490169827096
503	cd8+_tcells	100	8	0.07999232489913548
504	cd8+_tcells	100	9	0.0623659688472618
505	cd8+_tcells	100	10	0.07053349149855907
506	cd8+_tcells	100	11	0.07272115899135452
507	cd8+_tcells	100	12	0.09215986204610957
508	cd8+_tcells	100	13	0.06423808930835756
509	cd8+_tcells	100	14	0.08653663054755065
510	cd8+_tcells	100	15	0.09217751037463985
511	cd8+_tcells	100	16	0.06814571100864573
512	cd8+_tcells	100	17	0.08730078322766574
513	cd8+_tcells	100	18	0.07790330590778104
514	cd8+_tcells	100	19	0.07835678397694526
515	cd8+_tcells	100	20	0.058917665360230735
516	cd8+_tcells	100	21	0.06742797815561966
517	cd8+_tcells	100	22	0.07829323521037458
518	cd8+_tcells	100	23	0.0
519	cd8+_tcells	100	24	0.07325264870317004
520	cd8+_tcells	100	25	0.05841816097982722
521	cd8+_tcells	100	26	0.08744365740633998
522	cd8+_tcells	100	27	0.08079296233429403
523	cd8+_tcells	100	28	0.0815146446700288
524	cd8+_tcells	100	29	0.07037885376195961
525	cd8+_tcells	100	30	0.05179722363112387
526	cd8+_tcells	100	31	0.07041431550432269
527	cd8+_tcells	100	32	0.07157694181556196
528	cd8+_tcells	100	33	0.08354819114236309
529	cd8+_tcells	100	34	0.07447897729682992
530	cd8+_tcells	100	35	0.0
531	cd8+_tcells	100	36	0.07295566306829959
532	cd8+_tcells	100	37	0.07635740597982707
533	cd8+_tcells	100	38	0.04927142896253612
534	cd8+_tcells	100	39	0.06091302293948129
535	cd8+_tcells	100	40	0.09235286324582141
536	cd8+_tcells	100	41	0.07924197297406335
537	cd8+_tcells	100	42	0.07358816086455369
538	cd8+_tcells	100	43	0.05341184651296824
539	cd8+_tcells	100	44	0.054643343890489804
540	cd8+_tcells	100	45	0.07768946651296837
541	cd8+_tcells	100	46	0.0740348646397694
542	cd8+_tcells	100	47	0.07014677974063407
543	cd8+_tcells	100	48	0.05141445169827093
544	cd8+_tcells	100	49	0.06258009448645539
545	cd8+_tcells	100	50	0.07552574693731999
546	cd8+_tcells	100	51	0.06007371079250721
547	cd8+_tcells	100	52	0.08712798008645532
548	cd8+_tcells	100	53	0.07107294951008648
549	cd8+_tcells	100	54	0.060432769596541806
550	cd8+_tcells	100	55	0.08206894080691644
551	cd8+_tcells	100	56	0.08436320057636885
552	cd8+_tcells	100	57	0.061657827838616765
553	cd8+_tcells	100	58	0.07657622554466868
554	cd8+_tcells	100	59	0.06960382832853025
555	cd8+_tcells	100	60	0.07210653262247844
556	cd8+_tcells	100	61	0.0669618695634006
557	cd8+_tcells	100	62	0.07950829480115282
558	cd8+_tcells	100	63	0.08166057824112384
559	cd8+_tcells	100	64	0.07853662080749271
560	cd8+_tcells	100	65	0.0
561	cd8+_tcells	100	66	0.08656115287319895
562	cd8+_tcells	100	67	0.0875086427002882
563	cd8+_tcells	100	68	0.041725428726224804
564	cd8+_tcells	100	69	0.06444507278386172
565	cd8+_tcells	100	70	0.08389015989798264
566	cd8+_tcells	100	71	0.07072744492795387
567	cd8+_tcells	100	72	0.04790392122334299
568	cd8+_tcells	100	73	0.06687505347789623
569	cd8+_tcells	100	74	0.08787725021757938
570	cd8+_tcells	100	75	0.06002143487031684
571	cd8+_tcells	100	76	0.05558302571469738
572	cd8+_tcells	100	77	0.04924077325648422
573	cd8+_tcells	100	78	0.05451826011527388
574	cd8+_tcells	100	79	0.08070345964005757
575	cd8+_tcells	100	80	0.05123162282420757
576	cd8+_tcells	100	81	0.0403099226974063
577	cd8+_tcells	100	82	0.051000167678789635
578	cd8+_tcells	100	83	0.0
579	cd8+_tcells	100	84	0.0
580	cd8+_tcells	100	85	0.05934466835734872
581	cd8+_tcells	100	86	0.06949553491181566
582	cd8+_tcells	100	87	0.06754058879971181
583	cd8+_tcells	100	88	0.0
584	cd8+_tcells	100	89	0.0
585	cd8+_tcells	100	90	0.045623570155043196
586	cd8+_tcells	100	91	0.03455566846512968
587	cd8+_tcells	100	92	0.0
588	cd8+_tcells	100	93	0.05169219466858787
589	cd8+_tcells	100	94	0.0
590	cd8+_tcells	100	95	0.0
591	cd8+_tcells	100	96	0.060063819624207516
592	cd8+_tcells	100	97	0.045345269184438
593	cd8+_tcells	100	98	0.06626058145244956
594	cd8+_tcells	100	99	0.0
595	dc	1	0	1.0603078178716054
596	dc	2	0	0.8999373302271606
597	dc	2	1	0.6714896103846913
598	dc	3	0	0.6254535940204937
599	dc	3	1	0.5808867032592587
600	dc	3	2	0.6714896103846913
601	dc	4	0	0.6254535940204937
602	dc	4	1	0.5808867032592587
603	dc	4	2	0.48861527336394983
604	dc	4	3	0.39178179854987655
605	dc	5	0	0.3433952547735805
606	dc	5	1	0.5808867032592587
607	dc	5	2	0.3873815841728397
608	dc	5	3	0.48861527336394983
609	dc	5	4	0.39178179854987655
610	dc	6	0	0.3433952547735805
611	dc	6	1	0.24884290691358013
612	dc	6	2	0.3946388760493826
613	dc	6	3	0.3873815841728397
614	dc	6	4	0.48861527336394983
615	dc	6	5	0.39178179854987655
616	dc	7	0	0.3433952547735805
617	dc	7	1	0.24884290691358013
618	dc	7	2	0.3946388760493826
619	dc	7	3	0.3873815841728397
620	dc	7	4	0.384841943631852
621	dc	7	5	0.4359611565993338
622	dc	7	6	0.39178179854987655
623	dc	8	0	0.3433952547735805
624	dc	8	1	0.24884290691358013
625	dc	8	2	0.3946388760493826
626	dc	8	3	0.3873815841728397
627	dc	8	4	0.384841943631852
628	dc	8	5	0.29917187381365445
629	dc	8	6	0.39178179854987655
630	dc	8	7	0.2575840548987654
631	dc	9	0	0.3433952547735805
632	dc	9	1	0.24884290691358013
633	dc	9	2	0.25576058454320993
634	dc	9	3	0.3873815841728397
635	dc	9	4	0.384841943631852
636	dc	9	5	0.29917187381365445
637	dc	9	6	0.17904672292592616
638	dc	9	7	0.39178179854987655
639	dc	9	8	0.2575840548987654
640	dc	10	0	0.3433952547735805
641	dc	10	1	0.24884290691358013
642	dc	10	2	0.25576058454320993
643	dc	10	3	0.3873815841728397
644	dc	10	4	0.384841943631852
645	dc	10	5	0.29917187381365445
646	dc	10	6	0.17904672292592616
647	dc	10	7	0.24442655146641976
648	dc	10	8	0.2575840548987654
649	dc	10	9	0.27716762100740716
650	dc	20	0	0.21489890522666655
651	dc	20	1	0.24884290691358013
652	dc	20	2	0.13338452612345683
653	dc	20	3	0.19726410940740724
654	dc	20	4	0.2223155848641975
655	dc	20	5	0.19791004717160499
656	dc	20	6	0.24018040995558046
657	dc	20	7	0.18127780960493833
658	dc	20	8	0.19766823638706152
659	dc	20	9	0.17904672292592616
660	dc	20	10	0.24442655146641976
661	dc	20	11	0.21413140204938272
662	dc	20	12	0.16867723748148145
663	dc	20	13	0.17307697001879008
664	dc	20	14	0.11608378645893823
665	dc	20	15	0.19708306133876544
666	dc	20	16	0.15928759178395047
667	dc	20	17	0.13741547480938276
668	dc	20	18	0.20130913391604915
669	dc	20	19	0.21061513766172832
670	dc	30	0	0.16406073136098784
671	dc	30	1	0.14061021679012342
672	dc	30	2	0.13338452612345683
673	dc	30	3	0.19316144244444428
674	dc	30	4	0.19726410940740724
675	dc	30	5	0.16957250000000007
676	dc	30	6	0.17001561685061717
677	dc	30	7	0.1827677095935559
678	dc	30	8	0.18127780960493833
679	dc	30	9	0.1482334963621974
680	dc	30	10	0.17904672292592616
681	dc	30	11	0.12311426400493833
682	dc	30	12	0.16842756276296308
683	dc	30	13	0.16867723748148145
684	dc	30	14	0.11954667429629623
685	dc	30	15	0.189778407537284
686	dc	30	16	0.13363471227901236
687	dc	30	17	0.18744261736528395
688	dc	30	18	0.17307697001879008
689	dc	30	19	0.11608378645893823
690	dc	30	20	0.18080698537654294
691	dc	30	21	0.19708306133876544
692	dc	30	22	0.15928759178395047
693	dc	30	23	0.13741547480938276
694	dc	30	24	0.0
695	dc	30	25	0.13105885717876553
696	dc	30	26	0.07138182287212344
697	dc	30	27	0.0
698	dc	30	28	0.1614468486185182
699	dc	30	29	0.0
700	dc	40	0	0.16406073136098784
701	dc	40	1	0.14061021679012342
702	dc	40	2	0.13338452612345683
703	dc	40	3	0.14673206103703712
704	dc	40	4	0.14143520866666678
705	dc	40	5	0.16957250000000007
706	dc	40	6	0.17001561685061717
707	dc	40	7	0.13077110219753071
708	dc	40	8	0.11498701201703729
709	dc	40	9	0.13567675587654326
710	dc	40	10	0.1482334963621974
711	dc	40	11	0.06968844659753114
712	dc	40	12	0.10288611397530842
713	dc	40	13	0.12311426400493833
714	dc	40	14	0.16842756276296308
715	dc	40	15	0.16867723748148145
716	dc	40	16	0.11954667429629623
717	dc	40	17	0.15936923928246918
718	dc	40	18	0.09421045973827162
719	dc	40	19	0.13449340365283957
720	dc	40	20	0.13363471227901236
721	dc	40	21	0.1196969176795061
722	dc	40	22	0.13185901016543214
723	dc	40	23	0.12264205093086412
724	dc	40	24	0.1006577701116297
725	dc	40	25	0.11608378645893823
726	dc	40	26	0.12511962282098768
727	dc	40	27	0.08968623195037045
728	dc	40	28	0.09866912104938257
729	dc	40	29	0.15928759178395047
730	dc	40	30	0.13741547480938276
731	dc	40	31	0.1414300789345678
732	dc	40	32	0.11238217534740737
733	dc	40	33	0.0
734	dc	40	34	0.13105885717876553
735	dc	40	35	0.07138182287212344
736	dc	40	36	0.0
737	dc	40	37	0.1614468486185182
738	dc	40	38	0.0
739	dc	40	39	0.09253141056641975
740	dc	50	0	0.12546895839061714
741	dc	50	1	0.14061021679012342
742	dc	50	2	0.13338452612345683
743	dc	50	3	0.14673206103703712
744	dc	50	4	0.14143520866666678
745	dc	50	5	0.1271668042469133
746	dc	50	6	0.14603604360493821
747	dc	50	7	0.11165987258518516
748	dc	50	8	0.13077110219753071
749	dc	50	9	0.12606876469925926
750	dc	50	10	0.11498701201703729
751	dc	50	11	0.13567675587654326
752	dc	50	12	0.10095998073046895
753	dc	50	13	0.1002192010891358
754	dc	50	14	0.06968844659753114
755	dc	50	15	0.10288611397530842
756	dc	50	16	0.11845637464444451
757	dc	50	17	0.12311426400493833
758	dc	50	18	0.11994334835679003
759	dc	50	19	0.10644174597530874
760	dc	50	20	0.11954667429629623
761	dc	50	21	0.14599840652278992
762	dc	50	22	0.09421045973827162
763	dc	50	23	0.13449340365283957
764	dc	50	24	0.13363471227901236
765	dc	50	25	0.1196969176795061
766	dc	50	26	0.13185901016543214
767	dc	50	27	0.12264205093086412
768	dc	50	28	0.1006577701116297
769	dc	50	29	0.14594078572962957
770	dc	50	30	0.11608378645893823
771	dc	50	31	0.12511962282098768
772	dc	50	32	0.13762930266666631
773	dc	50	33	0.13311838561728367
774	dc	50	34	0.08968623195037045
775	dc	50	35	0.09866912104938257
776	dc	50	36	0.07255322909358025
777	dc	50	37	0.1297739136251852
778	dc	50	38	0.13741547480938276
779	dc	50	39	0.1414300789345678
780	dc	50	40	0.11238217534740737
781	dc	50	41	0.0
782	dc	50	42	0.13105885717876553
783	dc	50	43	0.07138182287212344
784	dc	50	44	0.0
785	dc	50	45	0.0
786	dc	50	46	0.08946831679629622
787	dc	50	47	0.0
788	dc	50	48	0.0
789	dc	50	49	0.09253141056641975
790	dc	60	0	0.12546895839061714
791	dc	60	1	0.11215113093827166
792	dc	60	2	0.13338452612345683
793	dc	60	3	0.11604449204938268
794	dc	60	4	0.10732971525925923
795	dc	60	5	0.1271668042469133
796	dc	60	6	0.0807756139259258
797	dc	60	7	0.1000473445679013
798	dc	60	8	0.11165987258518516
799	dc	60	9	0.13077110219753071
800	dc	60	10	0.12606876469925926
801	dc	60	11	0.11498701201703729
802	dc	60	12	0.11995125622222225
803	dc	60	13	0.10095998073046895
804	dc	60	14	0.1002192010891358
805	dc	60	15	0.06968844659753114
806	dc	60	16	0.10288611397530842
807	dc	60	17	0.11845637464444451
808	dc	60	18	0.13300870688888883
809	dc	60	19	0.12311426400493833
810	dc	60	20	0.11994334835679003
811	dc	60	21	0.11152158641975314
812	dc	60	22	0.10644174597530874
813	dc	60	23	0.11954667429629623
814	dc	60	24	0.10009358866666655
815	dc	60	25	0.07699111627358028
816	dc	60	26	0.09421045973827162
817	dc	60	27	0.13449340365283957
818	dc	60	28	0.13363471227901236
819	dc	60	29	0.1196969176795061
820	dc	60	30	0.13185901016543214
821	dc	60	31	0.12264205093086412
822	dc	60	32	0.1006577701116297
823	dc	60	33	0.0942122792317037
824	dc	60	34	0.11608378645893823
825	dc	60	35	0.12511962282098768
826	dc	60	36	0.1124153458765432
827	dc	60	37	0.09542685550617284
828	dc	60	38	0.13311838561728367
829	dc	60	39	0.08968623195037045
830	dc	60	40	0.09866912104938257
831	dc	60	41	0.10987873476543195
832	dc	60	42	0.07255322909358025
833	dc	60	43	0.1297739136251852
834	dc	60	44	0.061865212226172854
835	dc	60	45	0.10126217916024689
836	dc	60	46	0.11238217534740737
837	dc	60	47	0.08353106145234565
838	dc	60	48	0.0
839	dc	60	49	0.13105885717876553
840	dc	60	50	0.07138182287212344
841	dc	60	51	0.08260689281703706
842	dc	60	52	0.08972575361111118
843	dc	60	53	0.0
844	dc	60	54	0.0
845	dc	60	55	0.08946831679629622
846	dc	60	56	0.0
847	dc	60	57	0.0
848	dc	60	58	0.08863728786758034
849	dc	60	59	0.09253141056641975
850	dc	70	0	0.12546895839061714
851	dc	70	1	0.11215113093827166
852	dc	70	2	0.09239239930864193
853	dc	70	3	0.11604449204938268
854	dc	70	4	0.10732971525925923
855	dc	70	5	0.09733439866666647
856	dc	70	6	0.0807756139259258
857	dc	70	7	0.1000473445679013
858	dc	70	8	0.11165987258518516
859	dc	70	9	0.07924734377777766
860	dc	70	10	0.12606876469925926
861	dc	70	11	0.11498701201703729
862	dc	70	12	0.11995125622222225
863	dc	70	13	0.10095998073046895
864	dc	70	14	0.1002192010891358
865	dc	70	15	0.06968844659753114
866	dc	70	16	0.10288611397530842
867	dc	70	17	0.11845637464444451
868	dc	70	18	0.09858770753086414
869	dc	70	19	0.09515901888888882
870	dc	70	20	0.12311426400493833
871	dc	70	21	0.11786102340740744
872	dc	70	22	0.11994334835679003
873	dc	70	23	0.11152158641975314
874	dc	70	24	0.10644174597530874
875	dc	70	25	0.11954667429629623
876	dc	70	26	0.10009358866666655
877	dc	70	27	0.07699111627358028
878	dc	70	28	0.09421045973827162
879	dc	70	29	0.09700211985266671
880	dc	70	30	0.11394363846913583
881	dc	70	31	0.1106435557879014
882	dc	70	32	0.1196969176795061
883	dc	70	33	0.12172471466493828
884	dc	70	34	0.12264205093086412
885	dc	70	35	0.1006577701116297
886	dc	70	36	0.0942122792317037
887	dc	70	37	0.11608378645893823
888	dc	70	38	0.12511962282098768
889	dc	70	39	0.1080250402148149
890	dc	70	40	0.1124153458765432
891	dc	70	41	0.09542685550617284
892	dc	70	42	0.10717306553851853
893	dc	70	43	0.08968623195037045
894	dc	70	44	0.11284808198765414
895	dc	70	45	0.09620586894617283
896	dc	70	46	0.09866912104938257
897	dc	70	47	0.10987873476543195
898	dc	70	48	0.07255322909358025
899	dc	70	49	0.0895617201755555
900	dc	70	50	0.061865212226172854
901	dc	70	51	0.09220566486617289
902	dc	70	52	0.10126217916024689
903	dc	70	53	0.11238217534740737
904	dc	70	54	0.08353106145234565
905	dc	70	55	0.0
906	dc	70	56	0.09515695721185193
907	dc	70	57	0.07997756671604939
908	dc	70	58	0.07138182287212344
909	dc	70	59	0.08260689281703706
910	dc	70	60	0.08972575361111118
911	dc	70	61	0.0
912	dc	70	62	0.0
913	dc	70	63	0.08946831679629622
914	dc	70	64	0.0
915	dc	70	65	0.0
916	dc	70	66	0.08199755736493827
917	dc	70	67	0.08863728786758034
918	dc	70	68	0.0
919	dc	70	69	0.09253141056641975
920	dc	80	0	0.09673687295061721
921	dc	80	1	0.11215113093827166
922	dc	80	2	0.09239239930864193
923	dc	80	3	0.11604449204938268
924	dc	80	4	0.10732971525925923
925	dc	80	5	0.09733439866666647
926	dc	80	6	0.0807756139259258
927	dc	80	7	0.1000473445679013
928	dc	80	8	0.11165987258518516
929	dc	80	9	0.07924734377777766
930	dc	80	10	0.07233827828982718
931	dc	80	11	0.11498701201703729
932	dc	80	12	0.06287436486049387
933	dc	80	13	0.10769867751711122
934	dc	80	14	0.10095998073046895
935	dc	80	15	0.1002192010891358
936	dc	80	16	0.06968844659753114
937	dc	80	17	0.10288611397530842
938	dc	80	18	0.11845637464444451
939	dc	80	19	0.09858770753086414
940	dc	80	20	0.09515901888888882
941	dc	80	21	0.0651651724802469
942	dc	80	22	0.11786102340740744
943	dc	80	23	0.11089647120987658
944	dc	80	24	0.11152158641975314
945	dc	80	25	0.10644174597530874
946	dc	80	26	0.11954667429629623
947	dc	80	27	0.10009358866666655
948	dc	80	28	0.07699111627358028
949	dc	80	29	0.09421045973827162
950	dc	80	30	0.09540290077037039
951	dc	80	31	0.09700211985266671
952	dc	80	32	0.11394363846913583
953	dc	80	33	0.1106435557879014
954	dc	80	34	0.08265014674987656
955	dc	80	35	0.08129847244444442
956	dc	80	36	0.09690027996567911
957	dc	80	37	0.07908388382716064
958	dc	80	38	0.1006577701116297
959	dc	80	39	0.0942122792317037
960	dc	80	40	0.09250545026377789
961	dc	80	41	0.11608378645893823
962	dc	80	42	0.08543244770246915
963	dc	80	43	0.1080250402148149
964	dc	80	44	0.1124153458765432
965	dc	80	45	0.09542685550617284
966	dc	80	46	0.10717306553851853
967	dc	80	47	0.08968623195037045
968	dc	80	48	0.11284808198765414
969	dc	80	49	0.09620586894617283
970	dc	80	50	0.10332982471308651
971	dc	80	51	0.09866912104938257
972	dc	80	52	0.10987873476543195
973	dc	80	53	0.07255322909358025
974	dc	80	54	0.0895617201755555
975	dc	80	55	0.061865212226172854
976	dc	80	56	0.09220566486617289
977	dc	80	57	0.10126217916024689
978	dc	80	58	0.11238217534740737
979	dc	80	59	0.08353106145234565
980	dc	80	60	0.0
981	dc	80	61	0.09515695721185193
982	dc	80	62	0.07997756671604939
983	dc	80	63	0.07138182287212344
984	dc	80	64	0.08260689281703706
985	dc	80	65	0.09260309356518526
986	dc	80	66	0.06687110898765433
987	dc	80	67	0.09570596035086404
988	dc	80	68	0.08972575361111118
989	dc	80	69	0.0
990	dc	80	70	0.06713132775802466
991	dc	80	71	0.0
992	dc	80	72	0.08946831679629622
993	dc	80	73	0.0
994	dc	80	74	0.0
995	dc	80	75	0.08199755736493827
996	dc	80	76	0.08863728786758034
997	dc	80	77	0.0
998	dc	80	78	0.09985822345595062
999	dc	80	79	0.09253141056641975
1000	dc	90	0	0.09673687295061721
1001	dc	90	1	0.11215113093827166
1002	dc	90	2	0.09239239930864193
1003	dc	90	3	0.06323908558024674
1004	dc	90	4	0.10732971525925923
1005	dc	90	5	0.09733439866666647
1006	dc	90	6	0.0807756139259258
1007	dc	90	7	0.1000473445679013
1008	dc	90	8	0.11165987258518516
1009	dc	90	9	0.07924734377777766
1010	dc	90	10	0.07233827828982718
1011	dc	90	11	0.08642268579160506
1012	dc	90	12	0.06287436486049387
1013	dc	90	13	0.10769867751711122
1014	dc	90	14	0.10095998073046895
1015	dc	90	15	0.1002192010891358
1016	dc	90	16	0.06968844659753114
1017	dc	90	17	0.10288611397530842
1018	dc	90	18	0.08761044982740733
1019	dc	90	19	0.09858770753086414
1020	dc	90	20	0.09515901888888882
1021	dc	90	21	0.0651651724802469
1022	dc	90	22	0.10712012918518514
1023	dc	90	23	0.11089647120987658
1024	dc	90	24	0.11152158641975314
1025	dc	90	25	0.10644174597530874
1026	dc	90	26	0.10152913340740728
1027	dc	90	27	0.10009358866666655
1028	dc	90	28	0.08067246286419759
1029	dc	90	29	0.07699111627358028
1030	dc	90	30	0.09421045973827162
1031	dc	90	31	0.09540290077037039
1032	dc	90	32	0.08719944466666646
1033	dc	90	33	0.09700211985266671
1034	dc	90	34	0.06844450982716058
1035	dc	90	35	0.1106435557879014
1036	dc	90	36	0.08265014674987656
1037	dc	90	37	0.08129847244444442
1038	dc	90	38	0.09690027996567911
1039	dc	90	39	0.07908388382716064
1040	dc	90	40	0.1006577701116297
1041	dc	90	41	0.0942122792317037
1042	dc	90	42	0.09250545026377789
1043	dc	90	43	0.054718333103703755
1044	dc	90	44	0.08543244770246915
1045	dc	90	45	0.1080250402148149
1046	dc	90	46	0.0720871640493828
1047	dc	90	47	0.09542685550617284
1048	dc	90	48	0.10717306553851853
1049	dc	90	49	0.08968623195037045
1050	dc	90	50	0.0
1051	dc	90	51	0.09620586894617283
1052	dc	90	52	0.07955142720987676
1053	dc	90	53	0.0626137548888889
1054	dc	90	54	0.10332982471308651
1055	dc	90	55	0.09866912104938257
1056	dc	90	56	0.10987873476543195
1057	dc	90	57	0.07255322909358025
1058	dc	90	58	0.07244307822222215
1059	dc	90	59	0.0895617201755555
1060	dc	90	60	0.061865212226172854
1061	dc	90	61	0.09220566486617289
1062	dc	90	62	0.10126217916024689
1063	dc	90	63	0.08047552214271607
1064	dc	90	64	0.08353106145234565
1065	dc	90	65	0.0
1066	dc	90	66	0.09515695721185193
1067	dc	90	67	0.07997756671604939
1068	dc	90	68	0.07138182287212344
1069	dc	90	69	0.08260689281703706
1070	dc	90	70	0.09260309356518526
1071	dc	90	71	0.07197945018493837
1072	dc	90	72	0.06687110898765433
1073	dc	90	73	0.062476191013580214
1074	dc	90	74	0.09570596035086404
1075	dc	90	75	0.06571672047407405
1076	dc	90	76	0.08972575361111118
1077	dc	90	77	0.0
1078	dc	90	78	0.06713132775802466
1079	dc	90	79	0.0
1080	dc	90	80	0.10024560586634557
1081	dc	90	81	0.08946831679629622
1082	dc	90	82	0.0
1083	dc	90	83	0.0
1084	dc	90	84	0.08199755736493827
1085	dc	90	85	0.08863728786758034
1086	dc	90	86	0.0
1087	dc	90	87	0.08308535213975318
1088	dc	90	88	0.09985822345595062
1089	dc	90	89	0.09253141056641975
1090	dc	100	0	0.09673687295061721
1091	dc	100	1	0.07453851476543198
1092	dc	100	2	0.09239239930864193
1093	dc	100	3	0.06323908558024674
1094	dc	100	4	0.08734072520987649
1095	dc	100	5	0.09733439866666647
1096	dc	100	6	0.0807756139259258
1097	dc	100	7	0.1000473445679013
1098	dc	100	8	0.07476970045283948
1099	dc	100	9	0.07924734377777766
1100	dc	100	10	0.07233827828982718
1101	dc	100	11	0.08642268579160506
1102	dc	100	12	0.06287436486049387
1103	dc	100	13	0.08978982814814812
1104	dc	100	14	0.10095998073046895
1105	dc	100	15	0.1002192010891358
1106	dc	100	16	0.06968844659753114
1107	dc	100	17	0.10288611397530842
1108	dc	100	18	0.08761044982740733
1109	dc	100	19	0.09858770753086414
1110	dc	100	20	0.09515901888888882
1111	dc	100	21	0.0651651724802469
1112	dc	100	22	0.10712012918518514
1113	dc	100	23	0.08384393583424675
1114	dc	100	24	0.09360677318518515
1115	dc	100	25	0.10644174597530874
1116	dc	100	26	0.10152913340740728
1117	dc	100	27	0.10009358866666655
1118	dc	100	28	0.09264585617283946
1119	dc	100	29	0.08067246286419759
1120	dc	100	30	0.07699111627358028
1121	dc	100	31	0.09421045973827162
1122	dc	100	32	0.09540290077037039
1123	dc	100	33	0.08719944466666646
1124	dc	100	34	0.09700211985266671
1125	dc	100	35	0.06844450982716058
1126	dc	100	36	0.08638385765506174
1127	dc	100	37	0.08265014674987656
1128	dc	100	38	0.08129847244444442
1129	dc	100	39	0.09690027996567911
1130	dc	100	40	0.07908388382716064
1131	dc	100	41	0.1006577701116297
1132	dc	100	42	0.0942122792317037
1133	dc	100	43	0.09250545026377789
1134	dc	100	44	0.054718333103703755
1135	dc	100	45	0.08543244770246915
1136	dc	100	46	0.07274477451283945
1137	dc	100	47	0.07609634327283947
1138	dc	100	48	0.0720871640493828
1139	dc	100	49	0.09542685550617284
1140	dc	100	50	0.08552710294592596
1141	dc	100	51	0.07597921791358031
1142	dc	100	52	0.08968623195037045
1143	dc	100	53	0.0
1144	dc	100	54	0.09620586894617283
1145	dc	100	55	0.07955142720987676
1146	dc	100	56	0.0626137548888889
1147	dc	100	57	0.07574067419753083
1148	dc	100	58	0.10332982471308651
1149	dc	100	59	0.09866912104938257
1150	dc	100	60	0.06934955543209882
1151	dc	100	61	0.07255322909358025
1152	dc	100	62	0.07244307822222215
1153	dc	100	63	0.0895617201755555
1154	dc	100	64	0.061865212226172854
1155	dc	100	65	0.09220566486617289
1156	dc	100	66	0.10126217916024689
1157	dc	100	67	0.04971658033827155
1158	dc	100	68	0.08047552214271607
1159	dc	100	69	0.08353106145234565
1160	dc	100	70	0.0
1161	dc	100	71	0.09515695721185193
1162	dc	100	72	0.07997756671604939
1163	dc	100	73	0.07138182287212344
1164	dc	100	74	0.08260689281703706
1165	dc	100	75	0.09260309356518526
1166	dc	100	76	0.07197945018493837
1167	dc	100	77	0.06687110898765433
1168	dc	100	78	0.065273841382716
1169	dc	100	79	0.062476191013580214
1170	dc	100	80	0.09570596035086404
1171	dc	100	81	0.06571672047407405
1172	dc	100	82	0.08972575361111118
1173	dc	100	83	0.0
1174	dc	100	84	0.06713132775802466
1175	dc	100	85	0.0
1176	dc	100	86	0.0
1177	dc	100	87	0.053028356293827086
1178	dc	100	88	0.10024560586634557
1179	dc	100	89	0.08946831679629622
1180	dc	100	90	0.0
1181	dc	100	91	0.0
1182	dc	100	92	0.08199755736493827
1183	dc	100	93	0.08863728786758034
1184	dc	100	94	0.059293118088888874
1185	dc	100	95	0.0
1186	dc	100	96	0.08308535213975318
1187	dc	100	97	0.09985822345595062
1188	dc	100	98	0.09253141056641975
1189	dc	100	99	0.03251825297580241
1190	nk_cells	1	0	1.0180632508123975
1191	nk_cells	2	0	0.8311996858531808
1192	nk_cells	2	1	0.8044625522185976
1193	nk_cells	3	0	0.5843699207344208
1194	nk_cells	3	1	0.4677572103605216
1195	nk_cells	3	2	0.8044625522185976
1196	nk_cells	4	0	0.5843699207344208
1197	nk_cells	4	1	0.4677572103605216
1198	nk_cells	4	2	0.6015021735562806
1199	nk_cells	4	3	0.4232785669331158
1200	nk_cells	5	0	0.5843699207344208
1201	nk_cells	5	1	0.4677572103605216
1202	nk_cells	5	2	0.34438266709624765
1203	nk_cells	5	3	0.4232785669331158
1204	nk_cells	5	4	0.33041947021207146
1205	nk_cells	6	0	0.34744428415187556
1206	nk_cells	6	1	0.4677572103605216
1207	nk_cells	6	2	0.34438266709624765
1208	nk_cells	6	3	0.4232785669331158
1209	nk_cells	6	4	0.33041947021207146
1210	nk_cells	6	5	0.3912199216494286
1211	nk_cells	7	0	0.34744428415187556
1212	nk_cells	7	1	0.2731925218694944
1213	nk_cells	7	2	0.34438266709624765
1214	nk_cells	7	3	0.4232785669331158
1215	nk_cells	7	4	0.33041947021207146
1216	nk_cells	7	5	0.3912199216494286
1217	nk_cells	7	6	0.24172548993637866
1218	nk_cells	8	0	0.34744428415187556
1219	nk_cells	8	1	0.2731925218694944
1220	nk_cells	8	2	0.34438266709624765
1221	nk_cells	8	3	0.291949596721044
1222	nk_cells	8	4	0.33041947021207146
1223	nk_cells	8	5	0.3912199216494286
1224	nk_cells	8	6	0.21119955725938022
1225	nk_cells	8	7	0.24172548993637866
1226	nk_cells	9	0	0.34744428415187556
1227	nk_cells	9	1	0.2731925218694944
1228	nk_cells	9	2	0.34438266709624765
1229	nk_cells	9	3	0.291949596721044
1230	nk_cells	9	4	0.33041947021207146
1231	nk_cells	9	5	0.2919627345753669
1232	nk_cells	9	6	0.21119955725938022
1233	nk_cells	9	7	0.24172548993637866
1234	nk_cells	9	8	0.2653573309874392
1235	nk_cells	10	0	0.1756518113388252
1236	nk_cells	10	1	0.2731925218694944
1237	nk_cells	10	2	0.34438266709624765
1238	nk_cells	10	3	0.291949596721044
1239	nk_cells	10	4	0.33041947021207146
1240	nk_cells	10	5	0.2288480214437192
1241	nk_cells	10	6	0.2919627345753669
1242	nk_cells	10	7	0.21119955725938022
1243	nk_cells	10	8	0.24172548993637866
1244	nk_cells	10	9	0.2653573309874392
1245	nk_cells	20	0	0.1756518113388252
1246	nk_cells	20	1	0.19082635923327884
1247	nk_cells	20	2	0.15539854055464922
1248	nk_cells	20	3	0.11701530208809138
1249	nk_cells	20	4	0.19501859440456756
1250	nk_cells	20	5	0.21153196657422507
1251	nk_cells	20	6	0.14535699787438836
1252	nk_cells	20	7	0.16464792414355636
1253	nk_cells	20	8	0.1531866674368678
1254	nk_cells	20	9	0.124406985334421
1255	nk_cells	20	10	0.17299318538319727
1256	nk_cells	20	11	0.21119955725938022
1257	nk_cells	20	12	0.12378100689396412
1258	nk_cells	20	13	0.18264190870799366
1259	nk_cells	20	14	0.1755142674388256
1260	nk_cells	20	15	0.14401838367047315
1261	nk_cells	20	16	0.15064518347911904
1262	nk_cells	20	17	0.1981030734816151
1263	nk_cells	20	18	0.0
1264	nk_cells	20	19	0.1825344880206037
1265	nk_cells	30	0	0.1394723115399674
1266	nk_cells	30	1	0.1416882398099509
1267	nk_cells	30	2	0.15539854055464922
1268	nk_cells	30	3	0.11701530208809138
1269	nk_cells	30	4	0.12929427389885817
1270	nk_cells	30	5	0.12991177549755298
1271	nk_cells	30	6	0.14535699787438836
1272	nk_cells	30	7	0.16464792414355636
1273	nk_cells	30	8	0.1531866674368678
1274	nk_cells	30	9	0.124406985334421
1275	nk_cells	30	10	0.17299318538319727
1276	nk_cells	30	11	0.1398904052169657
1277	nk_cells	30	12	0.12378100689396412
1278	nk_cells	30	13	0.14295090673735716
1279	nk_cells	30	14	0.1432904914556282
1280	nk_cells	30	15	0.13312553973572594
1281	nk_cells	30	16	0.10435319265905388
1282	nk_cells	30	17	0.09853344384176188
1283	nk_cells	30	18	0.14401838367047315
1284	nk_cells	30	19	0.10966570136345853
1285	nk_cells	30	20	0.15064518347911904
1286	nk_cells	30	21	0.10290652512724292
1287	nk_cells	30	22	0.14151818934747148
1288	nk_cells	30	23	0.1415272005178305
1289	nk_cells	30	24	0.14034932264567693
1290	nk_cells	30	25	0.0
1291	nk_cells	30	26	0.04221272123181075
1292	nk_cells	30	27	0.08064746564437236
1293	nk_cells	30	28	0.06082037758510604
1294	nk_cells	30	29	0.0
1295	nk_cells	40	0	0.1394723115399674
1296	nk_cells	40	1	0.1416882398099509
1297	nk_cells	40	2	0.10802536107667217
1298	nk_cells	40	3	0.11701530208809138
1299	nk_cells	40	4	0.12929427389885817
1300	nk_cells	40	5	0.12991177549755298
1301	nk_cells	40	6	0.12488655411419246
1302	nk_cells	40	7	0.11456840391517137
1303	nk_cells	40	8	0.1334420730787928
1304	nk_cells	40	9	0.124406985334421
1305	nk_cells	40	10	0.11309702170750424
1306	nk_cells	40	11	0.1398904052169657
1307	nk_cells	40	12	0.09255990900489391
1308	nk_cells	40	13	0.12378100689396412
1309	nk_cells	40	14	0.11194933228384994
1310	nk_cells	40	15	0.07778139241435572
1311	nk_cells	40	16	0.10584189225285492
1312	nk_cells	40	17	0.13312553973572594
1313	nk_cells	40	18	0.10435319265905388
1314	nk_cells	40	19	0.0999716905383361
1315	nk_cells	40	20	0.09853344384176188
1316	nk_cells	40	21	0.09178808066884177
1317	nk_cells	40	22	0.10966570136345853
1318	nk_cells	40	23	0.11475773447259399
1319	nk_cells	40	24	0.08947993992414344
1320	nk_cells	40	25	0.10290652512724292
1321	nk_cells	40	26	0.07643786898934754
1322	nk_cells	40	27	0.0910611519711256
1323	nk_cells	40	28	0.14151818934747148
1324	nk_cells	40	29	0.1415272005178305
1325	nk_cells	40	30	0.14034932264567693
1326	nk_cells	40	31	0.12385391840130514
1327	nk_cells	40	32	0.1030254049636216
1328	nk_cells	40	33	0.0
1329	nk_cells	40	34	0.04221272123181075
1330	nk_cells	40	35	0.08064746564437236
1331	nk_cells	40	36	0.06082037758510604
1332	nk_cells	40	37	0.061733958043393156
1333	nk_cells	40	38	0.0
1334	nk_cells	40	39	0.08340896059657417
1335	nk_cells	50	0	0.06484799240766723
1336	nk_cells	50	1	0.10000013928711254
1337	nk_cells	50	2	0.10802536107667217
1338	nk_cells	50	3	0.11701530208809138
1339	nk_cells	50	4	0.08519323088091368
1340	nk_cells	50	5	0.09963499858075055
1341	nk_cells	50	6	0.12488655411419246
1342	nk_cells	50	7	0.11456840391517137
1343	nk_cells	50	8	0.09533139079673734
1344	nk_cells	50	9	0.124406985334421
1345	nk_cells	50	10	0.11309702170750424
1346	nk_cells	50	11	0.08138195265905394
1347	nk_cells	50	12	0.08219418358890736
1348	nk_cells	50	13	0.09255990900489391
1349	nk_cells	50	14	0.12378100689396412
1350	nk_cells	50	15	0.11194933228384994
1351	nk_cells	50	16	0.07778139241435572
1352	nk_cells	50	17	0.10584189225285492
1353	nk_cells	50	18	0.0753726518107666
1354	nk_cells	50	19	0.10435319265905388
1355	nk_cells	50	20	0.0999716905383361
1356	nk_cells	50	21	0.09853344384176188
1357	nk_cells	50	22	0.09178808066884177
1358	nk_cells	50	23	0.10966570136345853
1359	nk_cells	50	24	0.11475773447259399
1360	nk_cells	50	25	0.08070396853181057
1361	nk_cells	50	26	0.08947993992414344
1362	nk_cells	50	27	0.10290652512724292
1363	nk_cells	50	28	0.07643786898934754
1364	nk_cells	50	29	0.0910611519711256
1365	nk_cells	50	30	0.10361598938009788
1366	nk_cells	50	31	0.1178448067275531
1367	nk_cells	50	32	0.10179314837210428
1368	nk_cells	50	33	0.1126487907177813
1369	nk_cells	50	34	0.10059085644422494
1370	nk_cells	50	35	0.08371093089070157
1371	nk_cells	50	36	0.12385391840130514
1372	nk_cells	50	37	0.053753448590538204
1373	nk_cells	50	38	0.1030254049636216
1374	nk_cells	50	39	0.0
1375	nk_cells	50	40	0.05432610304110932
1376	nk_cells	50	41	0.04221272123181075
1377	nk_cells	50	42	0.08064746564437236
1378	nk_cells	50	43	0.12335770392740632
1379	nk_cells	50	44	0.06082037758510604
1380	nk_cells	50	45	0.07210221090279292
1381	nk_cells	50	46	0.1185280622789167
1382	nk_cells	50	47	0.061733958043393156
1383	nk_cells	50	48	0.0
1384	nk_cells	50	49	0.08340896059657417
1385	nk_cells	60	0	0.06484799240766723
1386	nk_cells	60	1	0.10000013928711254
1387	nk_cells	60	2	0.10802536107667217
1388	nk_cells	60	3	0.06863554272430679
1389	nk_cells	60	4	0.08519323088091368
1390	nk_cells	60	5	0.09963499858075055
1391	nk_cells	60	6	0.07894245154551384
1392	nk_cells	60	7	0.11456840391517137
1393	nk_cells	60	8	0.09533139079673734
1394	nk_cells	60	9	0.06969350064437191
1395	nk_cells	60	10	0.08548401644371946
1396	nk_cells	60	11	0.11309702170750424
1397	nk_cells	60	12	0.08138195265905394
1398	nk_cells	60	13	0.08219418358890736
1399	nk_cells	60	14	0.09255990900489391
1400	nk_cells	60	15	0.08601489688091347
1401	nk_cells	60	16	0.11194933228384994
1402	nk_cells	60	17	0.07778139241435572
1403	nk_cells	60	18	0.10584189225285492
1404	nk_cells	60	19	0.0753726518107666
1405	nk_cells	60	20	0.10435319265905388
1406	nk_cells	60	21	0.0999716905383361
1407	nk_cells	60	22	0.09853344384176188
1408	nk_cells	60	23	0.09178808066884177
1409	nk_cells	60	24	0.10966570136345853
1410	nk_cells	60	25	0.0888800887905382
1411	nk_cells	60	26	0.07417600078303432
1412	nk_cells	60	27	0.08070396853181057
1413	nk_cells	60	28	0.08947993992414344
1414	nk_cells	60	29	0.10290652512724292
1415	nk_cells	60	30	0.07643786898934754
1416	nk_cells	60	31	0.0910611519711256
1417	nk_cells	60	32	0.10361598938009788
1418	nk_cells	60	33	0.08132774880319742
1419	nk_cells	60	34	0.10179314837210428
1420	nk_cells	60	35	0.1126487907177813
1421	nk_cells	60	36	0.10059085644422494
1422	nk_cells	60	37	0.08371093089070157
1423	nk_cells	60	38	0.08239951536704733
1424	nk_cells	60	39	0.09325647290995094
1425	nk_cells	60	40	0.07307385296900483
1426	nk_cells	60	41	0.053753448590538204
1427	nk_cells	60	42	0.1030254049636216
1428	nk_cells	60	43	0.0
1429	nk_cells	60	44	0.05432610304110932
1430	nk_cells	60	45	0.04221272123181075
1431	nk_cells	60	46	0.08064746564437236
1432	nk_cells	60	47	0.06942422219249599
1433	nk_cells	60	48	0.07381500218597059
1434	nk_cells	60	49	0.06082037758510604
1435	nk_cells	60	50	0.07210221090279292
1436	nk_cells	60	51	0.06408170452871127
1437	nk_cells	60	52	0.08549334650309959
1438	nk_cells	60	53	0.061733958043393156
1439	nk_cells	60	54	0.09842703375137028
1440	nk_cells	60	55	0.0
1441	nk_cells	60	56	0.06566884909787926
1442	nk_cells	60	57	0.08340896059657417
1443	nk_cells	60	58	0.0
1444	nk_cells	60	59	0.037350254495145195
1445	nk_cells	70	0	0.06484799240766723
1446	nk_cells	70	1	0.10000013928711254
1447	nk_cells	70	2	0.08541564598694958
1448	nk_cells	70	3	0.06863554272430679
1449	nk_cells	70	4	0.08519323088091368
1450	nk_cells	70	5	0.09963499858075055
1451	nk_cells	70	6	0.07894245154551384
1452	nk_cells	70	7	0.07778869947797705
1453	nk_cells	70	8	0.09533139079673734
1454	nk_cells	70	9	0.06969350064437191
1455	nk_cells	70	10	0.08548401644371946
1456	nk_cells	70	11	0.07296585320880912
1457	nk_cells	70	12	0.08138195265905394
1458	nk_cells	70	13	0.08219418358890736
1459	nk_cells	70	14	0.09255990900489391
1460	nk_cells	70	15	0.08601489688091347
1461	nk_cells	70	16	0.10005187856443709
1462	nk_cells	70	17	0.07778139241435572
1463	nk_cells	70	18	0.07373210100652533
1464	nk_cells	70	19	0.0746010655659054
1465	nk_cells	70	20	0.0753726518107666
1466	nk_cells	70	21	0.09127784978792823
1467	nk_cells	70	22	0.0999716905383361
1468	nk_cells	70	23	0.09853344384176188
1469	nk_cells	70	24	0.09178808066884177
1470	nk_cells	70	25	0.07981135029257744
1471	nk_cells	70	26	0.06429580241435562
1472	nk_cells	70	27	0.0888800887905382
1473	nk_cells	70	28	0.07417600078303432
1474	nk_cells	70	29	0.08070396853181057
1475	nk_cells	70	30	0.08947993992414344
1476	nk_cells	70	31	0.10290652512724292
1477	nk_cells	70	32	0.07643786898934754
1478	nk_cells	70	33	0.06767923605220234
1479	nk_cells	70	34	0.0910611519711256
1480	nk_cells	70	35	0.06761352290375208
1481	nk_cells	70	36	0.08132774880319742
1482	nk_cells	70	37	0.10179314837210428
1483	nk_cells	70	38	0.07215423020391513
1484	nk_cells	70	39	0.10059085644422494
1485	nk_cells	70	40	0.08371093089070157
1486	nk_cells	70	41	0.08239951536704733
1487	nk_cells	70	42	0.09325647290995094
1488	nk_cells	70	43	0.07307385296900483
1489	nk_cells	70	44	0.06449647937683525
1490	nk_cells	70	45	0.06915645184339336
1491	nk_cells	70	46	0.053753448590538204
1492	nk_cells	70	47	0.06955175581941275
1493	nk_cells	70	48	0.07815154954323011
1494	nk_cells	70	49	0.0
1495	nk_cells	70	50	0.05432610304110932
1496	nk_cells	70	51	0.0630376852430669
1497	nk_cells	70	52	0.04221272123181075
1498	nk_cells	70	53	0.08064746564437236
1499	nk_cells	70	54	0.06942422219249599
1500	nk_cells	70	55	0.07381500218597059
1501	nk_cells	70	56	0.06082037758510604
1502	nk_cells	70	57	0.0941793657422512
1503	nk_cells	70	58	0.06981460965089718
1504	nk_cells	70	59	0.07210221090279292
1505	nk_cells	70	60	0.06408170452871127
1506	nk_cells	70	61	0.08549334650309959
1507	nk_cells	70	62	0.061733958043393156
1508	nk_cells	70	63	0.06647516172593795
1509	nk_cells	70	64	0.09842703375137028
1510	nk_cells	70	65	0.0
1511	nk_cells	70	66	0.06566884909787926
1512	nk_cells	70	67	0.08340896059657417
1513	nk_cells	70	68	0.0
1514	nk_cells	70	69	0.037350254495145195
1515	nk_cells	80	0	0.06484799240766723
1516	nk_cells	80	1	0.07988487799347484
1517	nk_cells	80	2	0.08541564598694958
1518	nk_cells	80	3	0.06863554272430679
1519	nk_cells	80	4	0.08519323088091368
1520	nk_cells	80	5	0.06252311949429036
1521	nk_cells	80	6	0.07894245154551384
1522	nk_cells	80	7	0.07778869947797705
1523	nk_cells	80	8	0.05903068086835231
1524	nk_cells	80	9	0.06969350064437191
1525	nk_cells	80	10	0.06505620973898867
1526	nk_cells	80	11	0.08548401644371946
1527	nk_cells	80	12	0.07296585320880912
1528	nk_cells	80	13	0.08138195265905394
1529	nk_cells	80	14	0.08219418358890736
1530	nk_cells	80	15	0.09255990900489391
1531	nk_cells	80	16	0.08601489688091347
1532	nk_cells	80	17	0.06080059347471457
1533	nk_cells	80	18	0.07778139241435572
1534	nk_cells	80	19	0.07558655528548125
1535	nk_cells	80	20	0.07373210100652533
1536	nk_cells	80	21	0.0746010655659054
1537	nk_cells	80	22	0.0753726518107666
1538	nk_cells	80	23	0.09127784978792823
1539	nk_cells	80	24	0.0771474337846656
1540	nk_cells	80	25	0.08894339972267541
1541	nk_cells	80	26	0.09178808066884177
1542	nk_cells	80	27	0.07981135029257744
1543	nk_cells	80	28	0.06429580241435562
1544	nk_cells	80	29	0.0888800887905382
1545	nk_cells	80	30	0.07417600078303432
1546	nk_cells	80	31	0.05589682631321372
1547	nk_cells	80	32	0.08070396853181057
1548	nk_cells	80	33	0.08947993992414344
1549	nk_cells	80	34	0.07064096439641114
1550	nk_cells	80	35	0.07643786898934754
1551	nk_cells	80	36	0.06767923605220234
1552	nk_cells	80	37	0.0910611519711256
1553	nk_cells	80	38	0.0654506305057096
1554	nk_cells	80	39	0.06761352290375208
1555	nk_cells	80	40	0.08132774880319742
1556	nk_cells	80	41	0.059199782428792744
1557	nk_cells	80	42	0.07215423020391513
1558	nk_cells	80	43	0.057633675385024445
1559	nk_cells	80	44	0.08371093089070157
1560	nk_cells	80	45	0.08239951536704733
1561	nk_cells	80	46	0.059806906676182756
1562	nk_cells	80	47	0.06512553208809127
1563	nk_cells	80	48	0.06948588504241437
1564	nk_cells	80	49	0.09325647290995094
1565	nk_cells	80	50	0.07307385296900483
1566	nk_cells	80	51	0.06449647937683525
1567	nk_cells	80	52	0.06915645184339336
1568	nk_cells	80	53	0.053753448590538204
1569	nk_cells	80	54	0.06955175581941275
1570	nk_cells	80	55	0.07815154954323011
1571	nk_cells	80	56	0.0
1572	nk_cells	80	57	0.05432610304110932
1573	nk_cells	80	58	0.0630376852430669
1574	nk_cells	80	59	0.04221272123181075
1575	nk_cells	80	60	0.08566097335937992
1576	nk_cells	80	61	0.08064746564437236
1577	nk_cells	80	62	0.06942422219249599
1578	nk_cells	80	63	0.07381500218597059
1579	nk_cells	80	64	0.06082037758510604
1580	nk_cells	80	65	0.0941793657422512
1581	nk_cells	80	66	0.06981460965089718
1582	nk_cells	80	67	0.07210221090279292
1583	nk_cells	80	68	0.06643290651437192
1584	nk_cells	80	69	0.06408170452871127
1585	nk_cells	80	70	0.08549334650309959
1586	nk_cells	80	71	0.061733958043393156
1587	nk_cells	80	72	0.06647516172593795
1588	nk_cells	80	73	0.04637440916225127
1589	nk_cells	80	74	0.0
1590	nk_cells	80	75	0.07656888923735726
1591	nk_cells	80	76	0.06566884909787926
1592	nk_cells	80	77	0.08340896059657417
1593	nk_cells	80	78	0.0
1594	nk_cells	80	79	0.037350254495145195
1595	nk_cells	90	0	0.06484799240766723
1596	nk_cells	90	1	0.07988487799347484
1597	nk_cells	90	2	0.08541564598694958
1598	nk_cells	90	3	0.06863554272430679
1599	nk_cells	90	4	0.08519323088091368
1600	nk_cells	90	5	0.06252311949429036
1601	nk_cells	90	6	0.07894245154551384
1602	nk_cells	90	7	0.07778869947797705
1603	nk_cells	90	8	0.05903068086835231
1604	nk_cells	90	9	0.06969350064437191
1605	nk_cells	90	10	0.06505620973898867
1606	nk_cells	90	11	0.08548401644371946
1607	nk_cells	90	12	0.07296585320880912
1608	nk_cells	90	13	0.08138195265905394
1609	nk_cells	90	14	0.08219418358890736
1610	nk_cells	90	15	0.06193114486133763
1611	nk_cells	90	16	0.049415228858075054
1612	nk_cells	90	17	0.06080059347471457
1613	nk_cells	90	18	0.057998188336052234
1614	nk_cells	90	19	0.07778139241435572
1615	nk_cells	90	20	0.07558655528548125
1616	nk_cells	90	21	0.07373210100652533
1617	nk_cells	90	22	0.0746010655659054
1618	nk_cells	90	23	0.0753726518107666
1619	nk_cells	90	24	0.07016722517128894
1620	nk_cells	90	25	0.0771474337846656
1621	nk_cells	90	26	0.04712972422512241
1622	nk_cells	90	27	0.06586312831973895
1623	nk_cells	90	28	0.07981135029257744
1624	nk_cells	90	29	0.06429580241435562
1625	nk_cells	90	30	0.0
1626	nk_cells	90	31	0.07417600078303432
1627	nk_cells	90	32	0.05589682631321372
1628	nk_cells	90	33	0.08070396853181057
1629	nk_cells	90	34	0.0677719753412725
1630	nk_cells	90	35	0.07064096439641114
1631	nk_cells	90	36	0.07643786898934754
1632	nk_cells	90	37	0.06767923605220234
1633	nk_cells	90	38	0.06742537239233284
1634	nk_cells	90	39	0.0654506305057096
1635	nk_cells	90	40	0.06761352290375208
1636	nk_cells	90	41	0.07939390939641117
1637	nk_cells	90	42	0.08132774880319742
1638	nk_cells	90	43	0.059199782428792744
1639	nk_cells	90	44	0.07215423020391513
1640	nk_cells	90	45	0.057633675385024445
1641	nk_cells	90	46	0.08371093089070157
1642	nk_cells	90	47	0.08239951536704733
1643	nk_cells	90	48	0.059806906676182756
1644	nk_cells	90	49	0.06512553208809127
1645	nk_cells	90	50	0.06948588504241437
1646	nk_cells	90	51	0.06397658779738982
1647	nk_cells	90	52	0.07307385296900483
1648	nk_cells	90	53	0.06449647937683525
1649	nk_cells	90	54	0.06915645184339336
1650	nk_cells	90	55	0.053753448590538204
1651	nk_cells	90	56	0.06955175581941275
1652	nk_cells	90	57	0.04631667001631291
1653	nk_cells	90	58	0.07815154954323011
1654	nk_cells	90	59	0.0
1655	nk_cells	90	60	0.05432610304110932
1656	nk_cells	90	61	0.0630376852430669
1657	nk_cells	90	62	0.04221272123181075
1658	nk_cells	90	63	0.08566097335937992
1659	nk_cells	90	64	0.05878916112234908
1660	nk_cells	90	65	0.08064746564437236
1661	nk_cells	90	66	0.0585828355207178
1662	nk_cells	90	67	0.06942422219249599
1663	nk_cells	90	68	0.07381500218597059
1664	nk_cells	90	69	0.06082037758510604
1665	nk_cells	90	70	0.04327834965742249
1666	nk_cells	90	71	0.06981460965089718
1667	nk_cells	90	72	0.07210221090279292
1668	nk_cells	90	73	0.06643290651437192
1669	nk_cells	90	74	0.058629043778140245
1670	nk_cells	90	75	0.06408170452871127
1671	nk_cells	90	76	0.08549334650309959
1672	nk_cells	90	77	0.061733958043393156
1673	nk_cells	90	78	0.06647516172593795
1674	nk_cells	90	79	0.04637440916225127
1675	nk_cells	90	80	0.0
1676	nk_cells	90	81	0.07656888923735726
1677	nk_cells	90	82	0.05137727469836873
1678	nk_cells	90	83	0.03816539756933123
1679	nk_cells	90	84	0.06566884909787926
1680	nk_cells	90	85	0.044318626523817295
1681	nk_cells	90	86	0.08340896059657417
1682	nk_cells	90	87	0.0
1683	nk_cells	90	88	0.0
1684	nk_cells	90	89	0.037350254495145195
1685	nk_cells	100	0	0.06484799240766723
1686	nk_cells	100	1	0.07988487799347484
1687	nk_cells	100	2	0.0693086283686786
1688	nk_cells	100	3	0.06863554272430679
1689	nk_cells	100	4	0.06816169177814042
1690	nk_cells	100	5	0.06252311949429036
1691	nk_cells	100	6	0.07894245154551384
1692	nk_cells	100	7	0.07778869947797705
1693	nk_cells	100	8	0.05903068086835231
1694	nk_cells	100	9	0.06969350064437191
1695	nk_cells	100	10	0.06505620973898867
1696	nk_cells	100	11	0.06130231778140308
1697	nk_cells	100	12	0.07296585320880912
1698	nk_cells	100	13	0.06752769623164757
1699	nk_cells	100	14	0.048663346508972326
1700	nk_cells	100	15	0.06193114486133763
1701	nk_cells	100	16	0.049415228858075054
1702	nk_cells	100	17	0.06080059347471457
1703	nk_cells	100	18	0.057998188336052234
1704	nk_cells	100	19	0.07778139241435572
1705	nk_cells	100	20	0.07558655528548125
1706	nk_cells	100	21	0.07373210100652533
1707	nk_cells	100	22	0.0746010655659054
1708	nk_cells	100	23	0.05510349013050579
1709	nk_cells	100	24	0.058040583491027774
1710	nk_cells	100	25	0.0753726518107666
1711	nk_cells	100	26	0.07016722517128894
1712	nk_cells	100	27	0.0771474337846656
1713	nk_cells	100	28	0.04712972422512241
1714	nk_cells	100	29	0.06586312831973895
1715	nk_cells	100	30	0.07981135029257744
1716	nk_cells	100	31	0.06429580241435562
1717	nk_cells	100	32	0.0
1718	nk_cells	100	33	0.07417600078303432
1719	nk_cells	100	34	0.05589682631321372
1720	nk_cells	100	35	0.08070396853181057
1721	nk_cells	100	36	0.0677719753412725
1722	nk_cells	100	37	0.07064096439641114
1723	nk_cells	100	38	0.07643786898934754
1724	nk_cells	100	39	0.06767923605220234
1725	nk_cells	100	40	0.06742537239233284
1726	nk_cells	100	41	0.0654506305057096
1727	nk_cells	100	42	0.06761352290375208
1728	nk_cells	100	43	0.07939390939641117
1729	nk_cells	100	44	0.08132774880319742
1730	nk_cells	100	45	0.059199782428792744
1731	nk_cells	100	46	0.07215423020391513
1732	nk_cells	100	47	0.057633675385024445
1733	nk_cells	100	48	0.07250642847634584
1734	nk_cells	100	49	0.043345178629690104
1735	nk_cells	100	50	0.059806906676182756
1736	nk_cells	100	51	0.06512553208809127
1737	nk_cells	100	52	0.06948588504241437
1738	nk_cells	100	53	0.06397658779738982
1739	nk_cells	100	54	0.07307385296900483
1740	nk_cells	100	55	0.04467904923327907
1741	nk_cells	100	56	0.06449647937683525
1742	nk_cells	100	57	0.03952581598694951
1743	nk_cells	100	58	0.043865087047308245
1744	nk_cells	100	59	0.06915645184339336
1745	nk_cells	100	60	0.053753448590538204
1746	nk_cells	100	61	0.06955175581941275
1747	nk_cells	100	62	0.04631667001631291
1748	nk_cells	100	63	0.07815154954323011
1749	nk_cells	100	64	0.0
1750	nk_cells	100	65	0.05432610304110932
1751	nk_cells	100	66	0.0630376852430669
1752	nk_cells	100	67	0.04221272123181075
1753	nk_cells	100	68	0.06283406134910273
1754	nk_cells	100	69	0.05878916112234908
1755	nk_cells	100	70	0.08064746564437236
1756	nk_cells	100	71	0.0585828355207178
1757	nk_cells	100	72	0.06942422219249599
1758	nk_cells	100	73	0.07381500218597059
1759	nk_cells	100	74	0.04794707389885804
1760	nk_cells	100	75	0.06082037758510604
1761	nk_cells	100	76	0.034614440326264276
1762	nk_cells	100	77	0.04327834965742249
1763	nk_cells	100	78	0.06981460965089718
1764	nk_cells	100	79	0.07210221090279292
1765	nk_cells	100	80	0.06643290651437192
1766	nk_cells	100	81	0.058629043778140245
1767	nk_cells	100	82	0.06408170452871127
1768	nk_cells	100	83	0.06856878085504084
1769	nk_cells	100	84	0.061733958043393156
1770	nk_cells	100	85	0.06647516172593795
1771	nk_cells	100	86	0.04637440916225127
1772	nk_cells	100	87	0.0
1773	nk_cells	100	88	0.07656888923735726
1774	nk_cells	100	89	0.03672307498841755
1775	nk_cells	100	90	0.05137727469836873
1776	nk_cells	100	91	0.03816539756933123
1777	nk_cells	100	92	0.06566884909787926
1778	nk_cells	100	93	0.044318626523817295
1779	nk_cells	100	94	0.06291692186019586
1780	nk_cells	100	95	0.04994941792006527
1781	nk_cells	100	96	0.0
1782	nk_cells	100	97	0.0
1783	nk_cells	100	98	0.037350254495145195
1784	nk_cells	100	99	0.06125506904717779
