,total_edges,signif_edges,Weighted degree per TF,#(total edges)/#(signif. edges) per TF
ENSG00000139687,99.0,53.0,89.47944262212472,1.8679245283018868
ENSG00000100714,187.0,24.0,75.91198612004004,7.791666666666667
ENSG00000134852,122.0,72.0,97.21572275107307,1.6944444444444444
ENSG00000124343,63.0,4.0,19.101066925689597,15.75
ENSG00000135486,150.0,69.0,87.55837792899747,2.1739130434782608
ENSG00000117448,155.0,20.0,67.15475858266467,7.75
ENSG00000018189,97.0,9.0,26.759285520925086,10.777777777777779
ENSG00000124614,162.0,56.0,93.99758140199181,2.892857142857143
ENSG00000224051,126.0,20.0,38.876376470911886,6.3
ENSG00000100335,141.0,28.0,48.025996892939304,5.035714285714286
ENSG00000136944,65.0,10.0,31.722105441930985,6.5
ENSG00000180818,102.0,46.0,79.69635283922848,2.217391304347826
ENSG00000205250,130.0,39.0,61.83866999757794,3.3333333333333335
ENSG00000126804,80.0,44.0,59.50788689208543,1.8181818181818181
ENSG00000130159,136.0,50.0,122.52832719348737,2.72
ENSG00000188986,180.0,107.0,163.44007842544517,1.6822429906542056
ENSG00000167491,164.0,32.0,64.90345584385902,5.125
ENSG00000162191,149.0,78.0,108.80017932412974,1.9102564102564104
ENSG00000197724,106.0,52.0,69.81169480623868,2.0384615384615383
ENSG00000166888,109.0,38.0,54.77520914736296,2.8684210526315788
ENSG00000152443,73.0,10.0,14.60735361295456,7.3
ENSG00000169926,81.0,11.0,23.560100073145975,7.363636363636363
ENSG00000114503,213.0,108.0,140.19349947608546,1.9722222222222223
ENSG00000157557,59.0,6.0,13.906731223173436,9.833333333333334
ENSG00000119541,169.0,46.0,74.3048372019815,3.6739130434782608
ENSG00000108953,318.0,71.0,130.13619318946718,4.47887323943662
ENSG00000116478,155.0,71.0,114.06611486160611,2.183098591549296
ENSG00000120053,109.0,7.0,26.27098696747862,15.571428571428571
ENSG00000105323,118.0,67.0,69.95179197158991,1.7611940298507462
ENSG00000111602,119.0,47.0,77.5058288579046,2.5319148936170213
ENSG00000171867,79.0,23.0,32.674648413358845,3.4347826086956523
ENSG00000117505,198.0,119.0,169.3190350684136,1.6638655462184875
ENSG00000132005,114.0,57.0,74.58537175251355,2.0
ENSG00000145388,83.0,25.0,32.5524200176826,3.32
ENSG00000130856,105.0,19.0,32.09612297598937,5.526315789473684
ENSG00000211460,130.0,58.0,61.53447714252036,2.2413793103448274
ENSG00000125676,112.0,47.0,67.93650416871756,2.382978723404255
ENSG00000081181,130.0,2.0,14.519030232233023,65.0
ENSG00000111328,87.0,19.0,23.109990970977005,4.578947368421052
ENSG00000125870,206.0,74.0,150.80662347774384,2.7837837837837838
ENSG00000086589,124.0,63.0,48.893873281240744,1.9682539682539681
ENSG00000148308,316.0,71.0,82.24854831073044,4.450704225352113
ENSG00000175550,137.0,53.0,66.0092769439693,2.5849056603773586
ENSG00000123609,66.0,6.0,17.644665223169838,11.0
ENSG00000265241,162.0,54.0,80.6823397259126,3.0
ENSG00000138380,34.0,8.0,17.003391808916607,4.25
ENSG00000162702,85.0,24.0,35.028641922360116,3.5416666666666665
ENSG00000124813,74.0,13.0,24.948144118878247,5.6923076923076925
ENSG00000112651,209.0,76.0,106.60035786626564,2.75
ENSG00000153560,127.0,80.0,98.28116419613823,1.5875
ENSG00000185591,56.0,13.0,21.763838025156744,4.3076923076923075
ENSG00000185811,36.0,2.0,11.286399478939176,18.0
ENSG00000185122,144.0,75.0,91.44425628052844,1.92
ENSG00000116793,120.0,46.0,71.28359349262097,2.608695652173913
ENSG00000185624,70.0,17.0,33.73386050708278,4.117647058823529
ENSG00000198546,153.0,39.0,60.45415414920721,3.923076923076923
ENSG00000078699,94.0,27.0,27.4397731776313,3.4814814814814814
ENSG00000112200,73.0,22.0,27.627514282814793,3.3181818181818183
ENSG00000167967,117.0,64.0,86.6699071024134,1.828125
ENSG00000089050,183.0,62.0,111.52589010575082,2.9516129032258065
ENSG00000107371,149.0,73.0,71.71662513004986,2.041095890410959
ENSG00000013441,47.0,8.0,22.18308623628329,5.875
ENSG00000204438,143.0,42.0,70.45475953947549,3.4047619047619047
ENSG00000109118,111.0,63.0,69.48870471556563,1.7619047619047619
ENSG00000105698,118.0,57.0,67.62162621163489,2.0701754385964914
ENSG00000058729,139.0,45.0,49.21569044516841,3.088888888888889
ENSG00000174165,176.0,35.0,56.92316719680011,5.0285714285714285
ENSG00000161813,160.0,14.0,24.57465419160792,11.428571428571429
ENSG00000164252,187.0,73.0,104.62245206917166,2.5616438356164384
ENSG00000243660,121.0,27.0,38.48705235430032,4.481481481481482
ENSG00000175792,203.0,55.0,79.5339371308722,3.690909090909091
ENSG00000204569,95.0,21.0,40.65808650104808,4.523809523809524
ENSG00000130816,71.0,29.0,44.271600278330915,2.4482758620689653
ENSG00000198081,97.0,29.0,32.22010376653695,3.3448275862068964
ENSG00000197170,116.0,24.0,37.594440064580944,4.833333333333333
ENSG00000163577,126.0,25.0,62.01132278398803,5.04
ENSG00000197157,131.0,38.0,52.88014302079274,3.4473684210526314
ENSG00000137106,125.0,23.0,50.04214408842302,5.434782608695652
ENSG00000123415,113.0,41.0,64.36349745054213,2.7560975609756095
ENSG00000025156,119.0,55.0,64.87011668619553,2.1636363636363636
ENSG00000113716,72.0,28.0,31.938714555658027,2.5714285714285716
ENSG00000075785,231.0,99.0,120.12277920331273,2.3333333333333335
ENSG00000105419,43.0,7.0,15.970925936704326,6.142857142857143
ENSG00000101811,149.0,18.0,29.104850743328665,8.277777777777779
ENSG00000118260,68.0,27.0,27.861712664631945,2.5185185185185186
ENSG00000234444,62.0,10.0,12.178736664218249,6.2
ENSG00000187109,114.0,43.0,52.797994105143445,2.6511627906976742
ENSG00000137166,95.0,27.0,38.02456643424523,3.5185185185185186
ENSG00000158711,237.0,17.0,26.515814196671663,13.941176470588236
ENSG00000075891,68.0,10.0,16.51354849645443,6.8
ENSG00000196214,89.0,12.0,18.18356175431257,7.416666666666667
ENSG00000198556,57.0,9.0,12.74137945344197,6.333333333333333
ENSG00000071794,113.0,50.0,64.01455749927484,2.26
ENSG00000188976,268.0,51.0,74.92148998232763,5.254901960784314
ENSG00000164167,133.0,27.0,38.57740662748464,4.925925925925926
ENSG00000111653,67.0,25.0,30.730245284046163,2.68
ENSG00000112679,118.0,30.0,48.75784805954911,3.933333333333333
ENSG00000121691,152.0,18.0,48.33270774246749,8.444444444444445
ENSG00000188868,64.0,5.0,13.85991980075757,12.8
ENSG00000137504,70.0,17.0,21.95113839772307,4.117647058823529
ENSG00000163884,113.0,6.0,16.251150127423852,18.833333333333332
ENSG00000048405,90.0,50.0,64.44095313336479,1.8
ENSG00000124444,140.0,51.0,67.9747525373475,2.7450980392156863
ENSG00000102349,81.0,9.0,19.08222015361093,9.0
ENSG00000160741,140.0,42.0,45.27107213714677,3.3333333333333335
ENSG00000122482,127.0,32.0,38.74400109277064,3.96875
ENSG00000126351,87.0,20.0,26.668919577015664,4.35
ENSG00000198455,100.0,21.0,24.41521712422575,4.761904761904762
ENSG00000156273,54.0,28.0,40.716387888078046,1.9285714285714286
ENSG00000137492,105.0,35.0,49.45182382223504,3.0
ENSG00000169957,121.0,13.0,22.89045367238034,9.307692307692308
ENSG00000257923,170.0,49.0,70.1654972517312,3.4693877551020407
ENSG00000092199,106.0,41.0,69.6685865939308,2.5853658536585367
ENSG00000136451,73.0,30.0,36.344644745602906,2.433333333333333
ENSG00000170581,73.0,19.0,22.054305221396397,3.8421052631578947
ENSG00000175213,103.0,21.0,39.930853659785726,4.904761904761905
ENSG00000180257,40.0,15.0,21.770830423525176,2.6666666666666665
ENSG00000198815,99.0,50.0,54.40040507183331,1.98
ENSG00000160113,133.0,16.0,38.77155601748956,8.3125
ENSG00000184047,179.0,51.0,71.48946489534744,3.5098039215686274
ENSG00000119574,94.0,34.0,53.88306677938538,2.764705882352941
ENSG00000153406,197.0,14.0,34.92011785611734,14.071428571428571
ENSG00000196605,64.0,17.0,21.457068865557535,3.764705882352941
ENSG00000119950,101.0,22.0,29.798319389958156,4.590909090909091
ENSG00000100030,192.0,103.0,141.7679009434899,1.8640776699029127
ENSG00000186300,90.0,25.0,26.778311175635967,3.6
ENSG00000181472,62.0,10.0,16.6696784188567,6.2
ENSG00000176371,89.0,20.0,29.54328157454508,4.45
ENSG00000104805,144.0,17.0,29.37872819949996,8.470588235294118
ENSG00000179886,81.0,11.0,19.932804518694066,7.363636363636363
ENSG00000151623,92.0,6.0,13.397298079817855,15.333333333333334
ENSG00000168036,97.0,47.0,62.04029604251254,2.0638297872340425
ENSG00000138029,244.0,33.0,57.602932891657474,7.393939393939394
ENSG00000066136,141.0,61.0,55.68142814266124,2.3114754098360657
ENSG00000141040,93.0,7.0,13.088158092286992,13.285714285714286
ENSG00000147419,160.0,42.0,65.15235772875498,3.8095238095238093
ENSG00000124151,104.0,61.0,64.24501128024271,1.7049180327868851
ENSG00000169083,99.0,9.0,15.81562226734776,11.0
ENSG00000168310,79.0,19.0,19.355142808899565,4.157894736842105
ENSG00000151090,86.0,17.0,28.934139584774314,5.0588235294117645
ENSG00000188321,45.0,14.0,21.020283756145652,3.2142857142857144
ENSG00000182158,109.0,21.0,24.752251214853146,5.190476190476191
ENSG00000156467,290.0,30.0,67.5373698373206,9.666666666666666
ENSG00000122386,95.0,23.0,31.886482698486102,4.130434782608695
ENSG00000204514,25.0,12.0,21.992281643271628,2.0833333333333335
ENSG00000163110,98.0,29.0,40.007096478023236,3.3793103448275863
ENSG00000029363,69.0,32.0,32.96129867627086,2.15625
ENSG00000101255,83.0,6.0,16.646138503570132,13.833333333333334
ENSG00000170653,65.0,40.0,49.63593512364159,1.625
ENSG00000100902,141.0,22.0,31.87787697268446,6.409090909090909
ENSG00000135373,53.0,4.0,9.978275335483307,13.25
ENSG00000128713,54.0,13.0,19.498350265566874,4.153846153846154
ENSG00000181007,45.0,2.0,7.1482457991231625,22.5
ENSG00000169057,105.0,50.0,52.123876399822265,2.1
ENSG00000161914,75.0,17.0,22.15515168274185,4.411764705882353
ENSG00000196323,91.0,31.0,40.888515582916355,2.935483870967742
ENSG00000148843,124.0,22.0,40.88968804102032,5.636363636363637
ENSG00000086102,89.0,19.0,29.345731307821342,4.684210526315789
ENSG00000106246,97.0,27.0,30.44357548792344,3.5925925925925926
ENSG00000084676,98.0,39.0,43.636604231502766,2.5128205128205128
ENSG00000143621,128.0,15.0,28.83945366119992,8.533333333333333
ENSG00000187792,54.0,12.0,15.241609353226437,4.5
ENSG00000104388,171.0,60.0,71.76720630547173,2.85
ENSG00000169764,127.0,16.0,40.35821044904119,7.9375
ENSG00000120798,63.0,10.0,10.777864716893802,6.3
ENSG00000163159,195.0,84.0,79.46075107729305,2.3214285714285716
ENSG00000165156,76.0,29.0,28.885098061476697,2.6206896551724137
ENSG00000167395,78.0,18.0,19.110457274990527,4.333333333333333
ENSG00000132604,205.0,60.0,68.98334347860656,3.4166666666666665
ENSG00000173473,109.0,33.0,46.33175781647376,3.303030303030303
ENSG00000122729,115.0,9.0,30.390436774344916,12.777777777777779
ENSG00000131115,83.0,23.0,24.873614084218122,3.608695652173913
ENSG00000181638,82.0,14.0,18.942967962703587,5.857142857142857
ENSG00000082641,306.0,66.0,82.80048778800415,4.636363636363637
ENSG00000204946,53.0,13.0,14.706346459414986,4.076923076923077
ENSG00000250571,75.0,14.0,17.56051150415203,5.357142857142857
ENSG00000184828,44.0,5.0,12.585997983361583,8.8
ENSG00000008441,51.0,20.0,20.322817559287817,2.55
ENSG00000173917,72.0,10.0,15.209976424286848,7.2
ENSG00000134954,73.0,17.0,24.893262660692194,4.294117647058823
ENSG00000126456,75.0,20.0,17.678008629073002,3.75
ENSG00000176472,69.0,6.0,12.323302651756654,11.5
ENSG00000167393,84.0,11.0,19.028311478664666,7.636363636363637
ENSG00000148584,126.0,9.0,16.894826693627536,14.0
ENSG00000117000,66.0,22.0,30.07267758928651,3.0
ENSG00000173253,93.0,5.0,15.20748204643532,18.6
ENSG00000184937,103.0,14.0,30.27009837813088,7.357142857142857
ENSG00000112182,69.0,6.0,14.177925165323883,11.5
ENSG00000184939,73.0,24.0,25.425257629751428,3.0416666666666665
ENSG00000197757,70.0,9.0,10.058652053449572,7.777777777777778
ENSG00000137947,105.0,25.0,30.644304021829235,4.2
ENSG00000165702,44.0,2.0,7.097988144973694,22.0
ENSG00000177733,131.0,62.0,65.04588975807602,2.1129032258064515
ENSG00000186812,79.0,19.0,22.37029401035113,4.157894736842105
ENSG00000143742,157.0,63.0,86.42555045502176,2.492063492063492
ENSG00000084093,49.0,16.0,18.213106464973954,3.0625
ENSG00000196843,53.0,8.0,11.803949338384355,6.625
ENSG00000178028,97.0,29.0,39.50229854543557,3.3448275862068964
ENSG00000139624,164.0,33.0,36.73664998107963,4.96969696969697
ENSG00000213988,42.0,10.0,12.30402294045146,4.2
ENSG00000002330,154.0,29.0,50.265994541586515,5.310344827586207
ENSG00000165819,60.0,13.0,18.53103005463515,4.615384615384615
ENSG00000171720,119.0,41.0,44.713216407141104,2.902439024390244
ENSG00000073614,72.0,34.0,38.18026047006693,2.1176470588235294
ENSG00000168826,60.0,17.0,17.533111033428646,3.5294117647058822
ENSG00000125846,33.0,8.0,12.935233770178497,4.125
ENSG00000198824,101.0,21.0,37.397919247996796,4.809523809523809
ENSG00000166188,80.0,22.0,29.399740203088772,3.6363636363636362
ENSG00000180353,69.0,7.0,14.59860089900957,9.857142857142858
ENSG00000176399,113.0,18.0,48.88635347864465,6.277777777777778
ENSG00000186020,89.0,17.0,17.53132368201054,5.235294117647059
ENSG00000095574,59.0,19.0,17.224237167833945,3.1052631578947367
ENSG00000088280,71.0,4.0,14.982350682576653,17.75
ENSG00000177565,120.0,26.0,32.16203490208824,4.615384615384615
ENSG00000181827,55.0,18.0,15.74351109356436,3.0555555555555554
ENSG00000146007,190.0,58.0,60.98691044439208,3.2758620689655173
ENSG00000145734,74.0,16.0,21.297715581147155,4.625
ENSG00000145216,137.0,59.0,61.70646998144829,2.3220338983050848
ENSG00000132356,70.0,23.0,25.289863745906008,3.0434782608695654
ENSG00000163795,102.0,4.0,12.982098792737853,25.5
ENSG00000105967,128.0,8.0,20.879881128234512,16.0
ENSG00000197782,71.0,20.0,23.22462062625201,3.55
ENSG00000180035,110.0,39.0,49.478146351523876,2.8205128205128207
ENSG00000080298,68.0,10.0,20.26988609658792,6.8
ENSG00000105732,105.0,17.0,20.445711301263522,6.176470588235294
ENSG00000126254,209.0,50.0,74.00280668271422,4.18
ENSG00000124766,36.0,4.0,7.3929489594248095,9.0
ENSG00000112561,82.0,6.0,12.52785332561143,13.666666666666666
ENSG00000141027,144.0,69.0,56.33202185304876,2.0869565217391304
ENSG00000149136,81.0,32.0,35.02907757377929,2.53125
ENSG00000157212,73.0,41.0,43.37328317642881,1.7804878048780488
ENSG00000100889,141.0,25.0,33.63361791315074,5.64
ENSG00000109534,94.0,10.0,18.100063701877016,9.4
ENSG00000180008,80.0,22.0,25.617610572455675,3.6363636363636362
ENSG00000114126,80.0,19.0,24.899202694143703,4.2105263157894735
ENSG00000155506,150.0,41.0,49.05123680671484,3.658536585365854
ENSG00000164104,118.0,27.0,30.810454557500343,4.37037037037037
ENSG00000030419,36.0,3.0,5.271068919783894,12.0
ENSG00000175105,73.0,25.0,27.262004912924798,2.92
ENSG00000184221,74.0,1.0,8.938674642233988,74.0
ENSG00000164754,121.0,44.0,54.754485889464,2.75
ENSG00000126003,71.0,5.0,11.757607882843645,14.2
ENSG00000164736,47.0,5.0,9.00376883218367,9.4
ENSG00000185024,123.0,26.0,34.07018200394619,4.730769230769231
ENSG00000121892,133.0,63.0,77.7402413811059,2.111111111111111
ENSG00000273841,136.0,57.0,65.58267954733073,2.3859649122807016
ENSG00000049541,76.0,22.0,21.135250387963783,3.4545454545454546
ENSG00000138303,145.0,42.0,65.92169372119697,3.4523809523809526
ENSG00000196437,144.0,44.0,46.386918304902686,3.272727272727273
ENSG00000162385,165.0,37.0,44.0573669091394,4.45945945945946
ENSG00000111269,189.0,40.0,52.784895655351114,4.725
ENSG00000167962,63.0,18.0,23.982526815870308,3.5
ENSG00000126432,186.0,61.0,80.96176391923157,3.0491803278688523
ENSG00000109787,82.0,30.0,33.388240464820015,2.7333333333333334
ENSG00000121766,185.0,38.0,50.302517794099096,4.868421052631579
ENSG00000012174,228.0,18.0,25.374116907079586,12.666666666666666
ENSG00000064490,131.0,49.0,55.73816899443747,2.673469387755102
ENSG00000100811,136.0,51.0,57.48919643514212,2.6666666666666665
ENSG00000080802,132.0,48.0,42.209952953641654,2.75
ENSG00000079616,124.0,11.0,20.35166650452353,11.272727272727273
ENSG00000221869,167.0,2.0,12.444596871944444,83.5
ENSG00000154832,95.0,21.0,21.037148566087463,4.523809523809524
ENSG00000153922,68.0,20.0,22.20746386206725,3.4
ENSG00000083520,84.0,27.0,28.216480428423964,3.111111111111111
ENSG00000107175,241.0,93.0,94.00265621376087,2.5913978494623655
ENSG00000196591,168.0,59.0,60.01475766604443,2.847457627118644
ENSG00000147789,76.0,21.0,22.08538417329097,3.619047619047619
ENSG00000081386,57.0,5.0,8.36471257680817,11.4
ENSG00000049245,181.0,42.0,56.37945755284418,4.309523809523809
ENSG00000164920,82.0,1.0,6.867994301822094,82.0
ENSG00000177485,90.0,49.0,37.27737223957034,1.836734693877551
ENSG00000128710,61.0,7.0,10.926660168665318,8.714285714285714
ENSG00000143373,96.0,18.0,26.575304544222536,5.333333333333333
ENSG00000113658,66.0,28.0,24.857162420662398,2.357142857142857
ENSG00000178605,178.0,45.0,65.83656303429692,3.9555555555555557
ENSG00000159692,122.0,74.0,65.2185093294106,1.6486486486486487
ENSG00000147133,99.0,32.0,39.80221126937788,3.09375
ENSG00000104529,73.0,32.0,35.859944014601595,2.28125
ENSG00000160685,80.0,15.0,23.943506742962686,5.333333333333333
ENSG00000173039,87.0,33.0,36.62554844844147,2.6363636363636362
ENSG00000239672,230.0,35.0,52.2831474147736,6.571428571428571
ENSG00000168286,235.0,25.0,38.69745726315253,9.4
ENSG00000119396,177.0,74.0,88.15122833246554,2.391891891891892
ENSG00000196182,82.0,5.0,12.041011084940466,16.4
ENSG00000120690,86.0,36.0,42.87099124381327,2.388888888888889
ENSG00000127022,85.0,9.0,19.805126883439527,9.444444444444445
ENSG00000092820,139.0,11.0,23.946594128173796,12.636363636363637
ENSG00000096654,105.0,25.0,25.953840987915182,4.2
ENSG00000115758,97.0,6.0,23.606718048982984,16.166666666666668
ENSG00000167785,50.0,19.0,28.387151292147315,2.6315789473684212
ENSG00000167685,98.0,22.0,26.19401374913734,4.454545454545454
ENSG00000111424,137.0,15.0,28.514751662226516,9.133333333333333
ENSG00000272333,87.0,20.0,23.38080826367752,4.35
ENSG00000173575,62.0,7.0,12.416035223408024,8.857142857142858
ENSG00000109320,98.0,41.0,47.076803367537494,2.3902439024390243
ENSG00000130584,78.0,9.0,13.519129000985528,8.666666666666666
ENSG00000143418,121.0,9.0,22.81581265726844,13.444444444444445
ENSG00000153147,149.0,41.0,42.52464272667232,3.6341463414634148
ENSG00000006194,108.0,52.0,36.41278432511017,2.076923076923077
ENSG00000135363,58.0,1.0,6.510541881847715,58.0
ENSG00000139793,101.0,12.0,21.241323230673913,8.416666666666666
ENSG00000169594,79.0,3.0,7.887342111056624,26.333333333333332
ENSG00000186660,115.0,49.0,49.03656531222165,2.3469387755102042
ENSG00000179912,118.0,37.0,46.45408569213723,3.189189189189189
ENSG00000169288,178.0,30.0,61.85566398460314,5.933333333333334
ENSG00000100823,244.0,83.0,105.71784723311049,2.9397590361445785
ENSG00000196652,103.0,39.0,43.01429362148232,2.641025641025641
ENSG00000159267,104.0,20.0,27.530194753977252,5.2
ENSG00000185730,82.0,12.0,20.517604317076138,6.833333333333333
ENSG00000095794,75.0,3.0,9.06348182644539,25.0
ENSG00000153944,69.0,13.0,14.39419070590907,5.3076923076923075
ENSG00000156599,139.0,31.0,47.5581592607313,4.483870967741935
ENSG00000168883,162.0,75.0,76.57465513612138,2.16
ENSG00000180346,102.0,20.0,28.005301263098982,5.1
ENSG00000196498,78.0,15.0,20.700962132422973,5.2
ENSG00000011485,161.0,56.0,64.31570257468438,2.875
ENSG00000123268,109.0,31.0,39.01788713105274,3.5161290322580645
ENSG00000189180,54.0,7.0,8.88235338727429,7.714285714285714
ENSG00000124782,109.0,20.0,31.55721122153219,5.45
ENSG00000170315,151.0,22.0,42.52209782217329,6.863636363636363
ENSG00000165821,47.0,4.0,7.534280618722827,11.75
ENSG00000179627,63.0,5.0,11.164359739371205,12.6
ENSG00000204060,58.0,2.0,6.761254482776644,29.0
ENSG00000100393,93.0,36.0,34.065195257984044,2.5833333333333335
ENSG00000198026,75.0,14.0,19.71851955427265,5.357142857142857
ENSG00000164011,102.0,11.0,19.34040396297876,9.272727272727273
ENSG00000117707,80.0,5.0,12.80596080174489,16.0
ENSG00000169554,75.0,25.0,24.242443245761212,3.0
ENSG00000073282,76.0,2.0,7.164213428445513,38.0
ENSG00000118217,118.0,56.0,53.137625495022796,2.107142857142857
ENSG00000139436,120.0,46.0,30.07288365256235,2.608695652173913
ENSG00000143437,111.0,36.0,29.715418127170317,3.0833333333333335
ENSG00000170370,95.0,8.0,13.976249724624992,11.875
ENSG00000071626,80.0,12.0,20.61012298222328,6.666666666666667
ENSG00000173153,162.0,24.0,34.664917180155165,6.75
ENSG00000188283,77.0,17.0,10.270593619588913,4.529411764705882
ENSG00000175727,56.0,13.0,14.130648132399047,4.3076923076923075
ENSG00000124226,101.0,38.0,41.44456411065413,2.6578947368421053
ENSG00000129351,91.0,34.0,20.706976652979037,2.676470588235294
ENSG00000188786,64.0,19.0,26.120386126618587,3.3684210526315788
ENSG00000130726,121.0,53.0,44.365716088475025,2.2830188679245285
ENSG00000107077,97.0,25.0,28.46423946423946,3.88
ENSG00000068784,124.0,40.0,56.74902985460817,3.1
ENSG00000102878,82.0,12.0,16.815859208695667,6.833333333333333
ENSG00000174953,120.0,39.0,34.316622579317745,3.076923076923077
ENSG00000169951,97.0,23.0,23.641626031013207,4.217391304347826
ENSG00000179774,108.0,,9.745555548290309,
ENSG00000165512,81.0,18.0,20.665534501907775,4.5
ENSG00000171634,145.0,14.0,10.533196552590152,10.357142857142858
ENSG00000178177,86.0,4.0,9.55369190488935,21.5
ENSG00000177045,54.0,26.0,24.04220660290216,2.076923076923077
ENSG00000044574,141.0,3.0,9.936623773709233,47.0
ENSG00000154727,76.0,19.0,21.781036748994058,4.0
ENSG00000011590,47.0,2.0,8.310877232052107,23.5
ENSG00000127124,90.0,8.0,12.655648292683134,11.25
ENSG00000198453,76.0,16.0,17.022532066528935,4.75
ENSG00000104490,138.0,3.0,14.254513852241924,46.0
ENSG00000146587,66.0,11.0,20.696745169310457,6.0
ENSG00000089009,132.0,32.0,38.128163974381906,4.125
ENSG00000175806,127.0,16.0,23.185077554481747,7.9375
ENSG00000102984,54.0,3.0,6.9653202552974225,18.0
ENSG00000105497,99.0,29.0,28.4573112824855,3.413793103448276
ENSG00000143578,42.0,3.0,6.762075884905199,14.0
ENSG00000065029,146.0,47.0,49.16875649446157,3.106382978723404
ENSG00000153071,109.0,7.0,20.002889931490206,15.571428571428571
ENSG00000171163,60.0,12.0,19.222674481273213,5.0
ENSG00000168214,76.0,37.0,34.92333121207973,2.054054054054054
ENSG00000060971,168.0,13.0,33.44993129150854,12.923076923076923
ENSG00000120963,116.0,58.0,55.74888675843834,2.0
ENSG00000171448,60.0,18.0,15.246009030003236,3.3333333333333335
ENSG00000188785,66.0,19.0,20.35513018404353,3.473684210526316
ENSG00000176624,78.0,39.0,38.72946338319748,2.0
ENSG00000185049,50.0,28.0,24.42467089473047,1.7857142857142858
ENSG00000178913,131.0,53.0,53.20645388633165,2.4716981132075473
ENSG00000126746,89.0,39.0,32.06438443763672,2.282051282051282
ENSG00000111669,201.0,15.0,36.1958798840145,13.4
ENSG00000019485,64.0,9.0,10.248001569592109,7.111111111111111
ENSG00000263002,70.0,8.0,11.271467914632492,8.75
ENSG00000134758,89.0,23.0,24.920147661404947,3.869565217391304
ENSG00000101457,111.0,32.0,33.222091829310976,3.46875
ENSG00000110851,117.0,12.0,18.196939576407832,9.75
ENSG00000213676,161.0,48.0,66.5121320231658,3.3541666666666665
ENSG00000085644,80.0,17.0,20.136383225005893,4.705882352941177
ENSG00000204435,194.0,85.0,80.18459499869347,2.2823529411764705
ENSG00000133884,118.0,30.0,33.18923373411454,3.933333333333333
ENSG00000185022,58.0,2.0,7.20214254576116,29.0
ENSG00000170260,93.0,16.0,18.10289920895935,5.8125
ENSG00000256771,45.0,10.0,6.655435468556058,4.5
ENSG00000106261,56.0,15.0,14.529346331341353,3.7333333333333334
ENSG00000186026,54.0,5.0,6.577701778834931,10.8
ENSG00000078403,106.0,53.0,28.600075391129888,2.0
ENSG00000118263,82.0,25.0,24.27781784981859,3.28
ENSG00000006704,65.0,13.0,18.35894090816699,5.0
ENSG00000001497,64.0,23.0,22.032868437775424,2.782608695652174
ENSG00000197037,77.0,30.0,27.238512716762195,2.566666666666667
ENSG00000149557,95.0,15.0,19.702497955912385,6.333333333333333
ENSG00000163666,91.0,6.0,13.430514904842676,15.166666666666666
ENSG00000120837,56.0,23.0,24.526090653071208,2.4347826086956523
ENSG00000204304,109.0,19.0,22.10630875908906,5.7368421052631575
ENSG00000139613,86.0,41.0,33.266100588307374,2.097560975609756
ENSG00000105996,32.0,2.0,6.61790786625646,16.0
ENSG00000221994,236.0,7.0,17.240957098320123,33.714285714285715
ENSG00000124831,113.0,18.0,24.923645837781628,6.277777777777778
ENSG00000187987,44.0,5.0,6.788043207172688,8.8
ENSG00000197134,68.0,2.0,7.172579110939679,34.0
ENSG00000196387,99.0,22.0,29.939487746200495,4.5
ENSG00000127337,131.0,25.0,33.28605554921444,5.24
ENSG00000139651,103.0,18.0,17.995592479653773,5.722222222222222
ENSG00000166949,51.0,7.0,14.287603530380027,7.285714285714286
ENSG00000149929,141.0,21.0,30.17523507486768,6.714285714285714
ENSG00000108312,89.0,24.0,32.17209168850874,3.7083333333333335
ENSG00000108788,153.0,11.0,28.937470701738608,13.909090909090908
ENSG00000185129,76.0,14.0,18.512659468975137,5.428571428571429
ENSG00000025434,89.0,8.0,15.582887585804015,11.125
ENSG00000131848,88.0,12.0,16.085106469331595,7.333333333333333
ENSG00000110693,93.0,9.0,12.096281644162074,10.333333333333334
ENSG00000108001,32.0,1.0,3.5078208544167357,32.0
ENSG00000186951,107.0,15.0,23.433894845511823,7.133333333333334
ENSG00000010244,91.0,59.0,54.45335007923779,1.5423728813559323
ENSG00000123685,49.0,1.0,5.959359980562289,49.0
ENSG00000172292,95.0,9.0,20.91212987718271,10.555555555555555
ENSG00000198795,72.0,1.0,8.417965243464938,72.0
ENSG00000167588,151.0,15.0,30.081398522570126,10.066666666666666
ENSG00000164048,38.0,6.0,6.671309213229291,6.333333333333333
ENSG00000103495,113.0,23.0,30.01443001085038,4.913043478260869
ENSG00000170265,71.0,18.0,15.732001228732072,3.9444444444444446
ENSG00000160199,112.0,35.0,28.68837278896051,3.2
ENSG00000087903,53.0,14.0,17.248474382470658,3.7857142857142856
ENSG00000125812,70.0,6.0,10.12020373640035,11.666666666666666
ENSG00000135374,56.0,2.0,7.913844316069794,28.0
ENSG00000179456,81.0,13.0,14.88836446168716,6.230769230769231
ENSG00000105717,30.0,4.0,6.250575836972293,7.5
ENSG00000173757,230.0,18.0,18.936338234179267,12.777777777777779
ENSG00000164654,78.0,21.0,20.48270340465101,3.7142857142857144
ENSG00000077463,126.0,23.0,28.98884999542196,5.478260869565218
ENSG00000069248,132.0,40.0,39.0251784077144,3.3
ENSG00000134107,54.0,5.0,7.2272054705143605,10.8
ENSG00000140464,59.0,23.0,23.779923821615988,2.5652173913043477
ENSG00000166860,47.0,4.0,8.238612341082431,11.75
ENSG00000164916,45.0,12.0,13.641519996876976,3.75
ENSG00000124203,117.0,9.0,13.442559817003792,13.0
ENSG00000123352,85.0,15.0,15.143610672574116,5.666666666666667
ENSG00000120784,84.0,16.0,10.87914970976133,5.25
ENSG00000114439,76.0,28.0,31.596438612274955,2.7142857142857144
ENSG00000143257,109.0,7.0,18.970058567110655,15.571428571428571
ENSG00000158710,108.0,12.0,18.995517671430616,9.0
ENSG00000187626,65.0,6.0,8.221214578081204,10.833333333333334
ENSG00000186790,87.0,2.0,9.029773972106009,43.5
ENSG00000111206,28.0,2.0,6.183098546101318,14.0
ENSG00000169989,101.0,2.0,11.909071711669208,50.5
ENSG00000151650,85.0,10.0,15.9297382104587,8.5
ENSG00000100307,52.0,4.0,7.859996218934307,13.0
ENSG00000102974,102.0,51.0,35.002106396213925,2.0
ENSG00000189144,63.0,7.0,10.413816490175758,9.0
ENSG00000141568,111.0,34.0,33.113090762342665,3.264705882352941
ENSG00000197050,56.0,13.0,13.220915585200935,4.3076923076923075
ENSG00000142168,154.0,10.0,44.63237718467814,15.4
ENSG00000106628,172.0,38.0,47.891776602849,4.526315789473684
ENSG00000007866,136.0,21.0,21.20023600833537,6.476190476190476
ENSG00000178573,166.0,4.0,18.033189437262948,41.5
ENSG00000174197,69.0,10.0,13.921667468228105,6.9
ENSG00000184677,54.0,10.0,11.74600401861183,5.4
ENSG00000245848,94.0,10.0,17.806681108002746,9.4
ENSG00000162714,48.0,11.0,13.685723408995765,4.363636363636363
ENSG00000126561,97.0,10.0,15.862520407076051,9.7
ENSG00000141905,65.0,14.0,14.835954110886364,4.642857142857143
ENSG00000140307,144.0,46.0,50.92023251709067,3.130434782608696
ENSG00000111581,59.0,12.0,15.59666826550836,4.916666666666667
ENSG00000177030,94.0,10.0,14.759208758537302,9.4
ENSG00000197714,93.0,6.0,17.27660679385117,15.5
ENSG00000115641,56.0,3.0,7.192952153720458,18.666666666666668
ENSG00000170448,30.0,21.0,23.283332446972647,1.4285714285714286
ENSG00000124535,144.0,52.0,35.891346928507915,2.769230769230769
ENSG00000181666,59.0,9.0,14.51674531228555,6.555555555555555
ENSG00000116833,66.0,1.0,5.904859632063223,66.0
ENSG00000182944,123.0,29.0,32.386432450169025,4.241379310344827
ENSG00000171161,90.0,11.0,11.578771187338802,8.181818181818182
ENSG00000109381,58.0,9.0,8.255735595759758,6.444444444444445
ENSG00000105997,72.0,16.0,18.1226679288439,4.5
ENSG00000181894,105.0,16.0,19.48213924840639,6.5625
ENSG00000165655,220.0,6.0,14.769401276013832,36.666666666666664
ENSG00000100151,156.0,54.0,42.677039326553995,2.888888888888889
ENSG00000012048,80.0,10.0,15.052348539061402,8.0
ENSG00000198146,97.0,5.0,8.54484359291211,19.4
ENSG00000117595,138.0,6.0,13.03352452152261,23.0
ENSG00000181896,31.0,2.0,4.304891750577394,15.5
ENSG00000101126,113.0,49.0,38.6045698819397,2.306122448979592
ENSG00000173545,133.0,13.0,21.11729782037111,10.23076923076923
ENSG00000235109,80.0,1.0,7.081904872803483,80.0
ENSG00000005073,48.0,2.0,5.409514625003137,24.0
ENSG00000161057,192.0,53.0,56.12721714891272,3.6226415094339623
ENSG00000103067,68.0,5.0,11.208069101246537,13.6
ENSG00000134323,77.0,1.0,10.522900722408783,77.0
ENSG00000204920,51.0,3.0,5.813640092843937,17.0
ENSG00000040341,113.0,34.0,32.8255714753284,3.323529411764706
ENSG00000033050,137.0,22.0,33.194027299098146,6.2272727272727275
ENSG00000105856,76.0,14.0,17.547900840407124,5.428571428571429
ENSG00000009950,93.0,1.0,15.268737580902094,93.0
ENSG00000090661,138.0,7.0,21.892411714431947,19.714285714285715
ENSG00000168269,75.0,5.0,10.416064812156653,15.0
ENSG00000174446,148.0,16.0,44.17935373874716,9.25
ENSG00000178951,87.0,19.0,21.297393272474157,4.578947368421052
ENSG00000186564,61.0,5.0,14.364498150635942,12.2
ENSG00000073050,113.0,36.0,41.02123996585793,3.138888888888889
ENSG00000127903,64.0,2.0,6.109627938227142,32.0
ENSG00000126953,165.0,30.0,39.70850720987844,5.5
ENSG00000275004,56.0,6.0,10.867558773030677,9.333333333333334
ENSG00000177383,178.0,43.0,40.15392692603909,4.1395348837209305
ENSG00000166716,129.0,69.0,45.7754094967121,1.8695652173913044
ENSG00000147862,107.0,18.0,20.856681161994267,5.944444444444445
ENSG00000172115,152.0,13.0,28.92121482172437,11.692307692307692
ENSG00000171574,157.0,7.0,13.462879665632387,22.428571428571427
ENSG00000182318,79.0,3.0,7.057134392193297,26.333333333333332
ENSG00000177374,65.0,2.0,5.930300384031373,32.5
ENSG00000189420,65.0,3.0,5.628890551095852,21.666666666666668
ENSG00000204231,148.0,20.0,21.524675740864147,7.4
ENSG00000087088,128.0,11.0,29.288095779830428,11.636363636363637
ENSG00000006459,40.0,3.0,6.630286062248664,13.333333333333334
ENSG00000117036,39.0,3.0,6.444917112002733,13.0
ENSG00000183309,149.0,32.0,14.869615845293264,4.65625
ENSG00000116990,227.0,1.0,8.200075223218047,227.0
ENSG00000185670,89.0,12.0,11.988928666841838,7.416666666666667
ENSG00000177683,90.0,12.0,12.472116123956965,7.5
ENSG00000074657,71.0,27.0,26.458398234288293,2.6296296296296298
ENSG00000177842,38.0,15.0,10.623284029196082,2.533333333333333
ENSG00000152217,55.0,9.0,10.212343832769314,6.111111111111111
ENSG00000147140,140.0,61.0,59.44106364935096,2.2950819672131146
ENSG00000173276,49.0,8.0,11.779017705679069,6.125
ENSG00000172534,90.0,21.0,19.364551523558113,4.285714285714286
ENSG00000149050,45.0,5.0,6.958369767539859,9.0
ENSG00000089094,39.0,12.0,15.011348535956605,3.25
ENSG00000104852,66.0,8.0,13.49536270911492,8.25
ENSG00000085274,66.0,27.0,25.06532383477882,2.4444444444444446
ENSG00000179361,38.0,3.0,4.395668767520884,12.666666666666666
ENSG00000198176,131.0,19.0,23.304001588225145,6.894736842105263
ENSG00000019549,141.0,2.0,10.230273124998735,70.5
ENSG00000161940,53.0,1.0,4.61142307367103,53.0
ENSG00000148143,74.0,22.0,23.191488206547188,3.3636363636363638
ENSG00000172845,112.0,27.0,21.63900131163185,4.148148148148148
ENSG00000169635,49.0,5.0,7.593872451435736,9.8
ENSG00000101493,46.0,13.0,15.742717718532672,3.5384615384615383
ENSG00000164683,48.0,9.0,14.434299762258098,5.333333333333333
ENSG00000185551,89.0,13.0,14.595778088492352,6.846153846153846
ENSG00000198315,76.0,7.0,11.24128295764308,10.857142857142858
ENSG00000165804,60.0,8.0,11.513543655011052,7.5
ENSG00000186814,74.0,8.0,10.439660416170183,9.25
ENSG00000103266,181.0,54.0,50.0361329734271,3.3518518518518516
ENSG00000177463,53.0,33.0,17.057276519931136,1.606060606060606
ENSG00000189403,142.0,26.0,25.963827269219596,5.461538461538462
ENSG00000143799,152.0,25.0,32.95602268946358,6.08
ENSG00000205189,79.0,7.0,9.834477880760513,11.285714285714286
ENSG00000111145,85.0,5.0,10.415659546483191,17.0
ENSG00000129691,180.0,60.0,50.54072457861923,3.0
ENSG00000275410,99.0,7.0,15.976858677522685,14.142857142857142
ENSG00000131944,83.0,2.0,5.450176018046553,41.5
ENSG00000101544,74.0,13.0,15.084651588112783,5.6923076923076925
ENSG00000070476,146.0,4.0,11.848410557942106,36.5
ENSG00000197579,71.0,5.0,13.737189165005919,14.2
ENSG00000116771,101.0,9.0,21.51155383614997,11.222222222222221
ENSG00000214717,153.0,28.0,36.753619289684416,5.464285714285714
ENSG00000164946,113.0,1.0,7.164700106438261,113.0
ENSG00000100281,100.0,18.0,17.240963551230458,5.555555555555555
ENSG00000169375,42.0,17.0,15.294581128306653,2.4705882352941178
ENSG00000143995,40.0,9.0,10.42158970388429,4.444444444444445
ENSG00000117222,77.0,32.0,34.287312755288156,2.40625
ENSG00000177853,44.0,5.0,5.825350466819756,8.8
ENSG00000148229,68.0,14.0,18.942355300132505,4.857142857142857
ENSG00000196757,55.0,10.0,10.699401701593436,5.5
ENSG00000085063,82.0,6.0,16.595039492100632,13.666666666666666
ENSG00000164924,107.0,23.0,28.94975617439857,4.6521739130434785
ENSG00000213015,84.0,6.0,8.228211435041421,14.0
ENSG00000196646,59.0,5.0,9.460243521297555,11.8
ENSG00000236104,68.0,34.0,39.99991648264307,2.0
ENSG00000106459,79.0,30.0,26.79486908201465,2.6333333333333333
ENSG00000197857,58.0,4.0,9.014123183677937,14.5
ENSG00000164296,77.0,5.0,8.555530188776538,15.4
ENSG00000249471,59.0,4.0,7.587144335643793,14.75
ENSG00000109854,99.0,2.0,10.191915836470239,49.5
ENSG00000126705,78.0,5.0,8.065958619227763,15.6
ENSG00000130803,95.0,31.0,30.646860535539624,3.064516129032258
ENSG00000140993,16.0,4.0,5.83978706269663,4.0
ENSG00000171649,47.0,4.0,5.785679067051939,11.75
ENSG00000165030,46.0,2.0,7.213533075640712,23.0
ENSG00000197162,48.0,12.0,11.608678061100788,4.0
ENSG00000155592,75.0,12.0,12.179323719257912,6.25
ENSG00000172943,70.0,12.0,13.166664080823995,5.833333333333333
ENSG00000096401,125.0,21.0,20.42327764264586,5.9523809523809526
ENSG00000116017,68.0,9.0,12.845377091844782,7.555555555555555
ENSG00000153814,71.0,19.0,19.231580665770938,3.736842105263158
ENSG00000186376,99.0,20.0,17.217050126723098,4.95
ENSG00000278129,59.0,11.0,12.914477575340365,5.363636363636363
ENSG00000176182,181.0,7.0,18.328345756516086,25.857142857142858
ENSG00000128928,228.0,25.0,36.65689680416599,9.12
ENSG00000010803,94.0,21.0,22.956201138673578,4.476190476190476
ENSG00000131849,65.0,14.0,13.42708289783807,4.642857142857143
ENSG00000169857,95.0,4.0,8.520251316948213,23.75
ENSG00000122592,99.0,11.0,18.375027877686257,9.0
ENSG00000109906,61.0,1.0,5.0026029942902746,61.0
ENSG00000083307,59.0,6.0,10.099899491028243,9.833333333333334
ENSG00000111727,94.0,36.0,33.91644456995082,2.611111111111111
ENSG00000196417,51.0,5.0,7.318115422068587,10.2
ENSG00000124459,77.0,13.0,13.28792852554738,5.923076923076923
ENSG00000177932,27.0,8.0,8.384723831043194,3.375
ENSG00000167528,69.0,13.0,13.619523092819973,5.3076923076923075
ENSG00000163848,102.0,19.0,14.853808649001095,5.368421052631579
ENSG00000166526,65.0,14.0,14.613671266213384,4.642857142857143
ENSG00000184481,62.0,10.0,12.338854986324412,6.2
ENSG00000069667,58.0,1.0,5.627991787862256,58.0
ENSG00000196263,44.0,8.0,12.123533625256243,5.5
ENSG00000236287,49.0,10.0,9.876559310329668,4.9
ENSG00000263001,55.0,22.0,22.692175102420794,2.5
ENSG00000173875,73.0,18.0,17.659774093721083,4.055555555555555
ENSG00000166478,66.0,9.0,11.988760975710276,7.333333333333333
ENSG00000121864,265.0,23.0,24.216969088585635,11.521739130434783
ENSG00000083814,167.0,1.0,9.143460906903037,167.0
ENSG00000173068,75.0,2.0,10.896801044654582,37.5
ENSG00000112992,111.0,4.0,12.24319677991901,27.75
ENSG00000257446,107.0,2.0,10.116176198376069,53.5
ENSG00000101751,54.0,14.0,13.781920962334185,3.857142857142857
ENSG00000167394,93.0,17.0,19.451283159302548,5.470588235294118
ENSG00000075426,69.0,6.0,15.551279580005804,11.5
ENSG00000104907,67.0,17.0,20.41789921847185,3.9411764705882355
ENSG00000070444,40.0,6.0,8.763036035177231,6.666666666666667
ENSG00000001167,52.0,6.0,9.405479519460735,8.666666666666666
ENSG00000170802,44.0,16.0,14.310624243160998,2.75
ENSG00000185219,70.0,22.0,19.712555786403524,3.1818181818181817
ENSG00000116560,43.0,17.0,15.099868796364602,2.5294117647058822
ENSG00000171469,162.0,26.0,19.73377515515821,6.230769230769231
ENSG00000100644,103.0,6.0,12.735688496356746,17.166666666666668
ENSG00000143033,53.0,3.0,4.064682217807039,17.666666666666668
ENSG00000111358,181.0,73.0,68.7562185088702,2.4794520547945207
ENSG00000175592,119.0,3.0,11.144193631092605,39.666666666666664
ENSG00000142409,82.0,7.0,10.343522384978963,11.714285714285714
ENSG00000128000,31.0,7.0,8.17794580540298,4.428571428571429
ENSG00000139154,112.0,20.0,24.114897663283166,5.6
ENSG00000176723,97.0,6.0,9.891889727848788,16.166666666666668
ENSG00000126368,57.0,1.0,6.873855336013184,57.0
ENSG00000064703,91.0,19.0,15.906187502538952,4.7894736842105265
ENSG00000107281,44.0,6.0,7.358896431805867,7.333333333333333
ENSG00000132010,49.0,4.0,7.100640320677158,12.25
ENSG00000167635,88.0,28.0,21.428785492643634,3.142857142857143
ENSG00000104064,54.0,6.0,8.517598483919217,9.0
ENSG00000084070,66.0,19.0,20.677301663564435,3.473684210526316
ENSG00000165417,86.0,12.0,13.445916889471697,7.166666666666667
ENSG00000181722,46.0,2.0,4.133747229885415,23.0
ENSG00000179943,117.0,13.0,16.511497788588038,9.0
ENSG00000182575,34.0,1.0,2.9638979682611426,34.0
ENSG00000196967,74.0,28.0,25.091053411574727,2.642857142857143
ENSG00000127663,54.0,4.0,8.590664749536758,13.5
ENSG00000167555,36.0,4.0,6.19421755468314,9.0
ENSG00000135457,112.0,42.0,35.21383906661935,2.6666666666666665
ENSG00000141646,106.0,45.0,30.026907920542758,2.3555555555555556
ENSG00000179195,111.0,22.0,25.663789268898025,5.045454545454546
ENSG00000137309,84.0,6.0,10.506861385019786,14.0
ENSG00000167625,115.0,27.0,21.94512337661381,4.2592592592592595
ENSG00000157216,81.0,17.0,19.57257098378957,4.764705882352941
ENSG00000180828,27.0,3.0,4.5158057848919,9.0
ENSG00000196670,50.0,18.0,11.923261264377201,2.7777777777777777
ENSG00000197905,88.0,10.0,12.348101809718491,8.8
ENSG00000012504,89.0,3.0,13.16155068277155,29.666666666666668
ENSG00000167766,90.0,6.0,11.785694852331568,15.0
ENSG00000165259,51.0,5.0,7.236960853145208,10.2
ENSG00000125952,103.0,15.0,18.469714050232646,6.866666666666666
ENSG00000178718,69.0,3.0,5.792430446295059,23.0
ENSG00000213096,50.0,9.0,10.868165074632012,5.555555555555555
ENSG00000102870,88.0,5.0,9.607282153946032,17.6
ENSG00000243943,106.0,18.0,16.76416465885648,5.888888888888889
ENSG00000118058,64.0,26.0,18.72324399239074,2.4615384615384617
ENSG00000149948,38.0,1.0,4.6717200538563945,38.0
ENSG00000227124,77.0,25.0,23.72216589577776,3.08
ENSG00000177732,76.0,10.0,14.565385090926526,7.6
ENSG00000180884,52.0,1.0,4.467290077224832,52.0
ENSG00000096746,73.0,10.0,12.350180652611371,7.3
ENSG00000133111,53.0,3.0,4.642236214680007,17.666666666666668
ENSG00000135046,100.0,7.0,13.326563951281292,14.285714285714286
ENSG00000108055,114.0,34.0,36.592837369976195,3.3529411764705883
ENSG00000223547,74.0,8.0,11.890657024020795,9.25
ENSG00000169641,62.0,16.0,13.343422992539375,3.875
ENSG00000112033,123.0,8.0,11.449182188907965,15.375
ENSG00000196172,51.0,4.0,7.434716718462916,12.75
ENSG00000078142,162.0,46.0,32.90963014076559,3.5217391304347827
ENSG00000204859,62.0,12.0,11.752964651734993,5.166666666666667
ENSG00000133119,105.0,15.0,21.455941662472537,7.0
ENSG00000177311,105.0,5.0,9.253202079537566,21.0
ENSG00000174306,70.0,5.0,7.335952249569875,14.0
ENSG00000168610,69.0,15.0,12.704287671483232,4.6
ENSG00000140968,80.0,2.0,7.196401471371644,40.0
ENSG00000067082,38.0,1.0,5.357499264126331,38.0
ENSG00000185880,117.0,8.0,12.222905950907593,14.625
ENSG00000108064,144.0,3.0,17.43717843757804,48.0
ENSG00000147118,32.0,8.0,7.089632895310614,4.0
ENSG00000198551,85.0,12.0,13.426168922157029,7.083333333333333
ENSG00000186448,48.0,3.0,5.469948618421287,16.0
ENSG00000171295,62.0,8.0,7.926213913579327,7.75
ENSG00000174586,82.0,7.0,8.453729480754916,11.714285714285714
ENSG00000105136,55.0,9.0,9.87685100725911,6.111111111111111
ENSG00000198040,41.0,9.0,8.516774613976798,4.555555555555555
ENSG00000197863,66.0,13.0,13.88612767623282,5.076923076923077
ENSG00000020633,46.0,5.0,9.760526302648508,9.2
ENSG00000198169,65.0,7.0,7.962202547300485,9.285714285714286
ENSG00000184905,82.0,4.0,9.099672617522874,20.5
ENSG00000170954,81.0,9.0,15.334864267799171,9.0
ENSG00000172262,114.0,41.0,33.112221788204224,2.7804878048780486
ENSG00000088876,89.0,38.0,21.056258569043983,2.3421052631578947
ENSG00000213999,72.0,3.0,7.663590700982131,24.0
ENSG00000081189,45.0,1.0,5.93658236257624,45.0
ENSG00000145908,36.0,9.0,11.06393052628873,4.0
ENSG00000119866,47.0,2.0,4.896128509756444,23.5
ENSG00000197054,47.0,6.0,5.614387933082305,7.833333333333333
ENSG00000198816,75.0,7.0,9.97363139467828,10.714285714285714
ENSG00000198818,103.0,6.0,10.726106558828011,17.166666666666668
ENSG00000158805,42.0,3.0,6.421337720153008,14.0
ENSG00000163508,39.0,1.0,4.095793777838628,39.0
ENSG00000170631,150.0,19.0,22.298398754930787,7.894736842105263
ENSG00000185947,57.0,9.0,12.205101944168673,6.333333333333333
ENSG00000067955,79.0,14.0,11.714072845925868,5.642857142857143
ENSG00000104221,82.0,15.0,15.340510072653155,5.466666666666667
ENSG00000128272,117.0,5.0,15.521601184308908,23.4
ENSG00000176692,105.0,1.0,6.925367783261465,105.0
ENSG00000162676,74.0,5.0,7.1781751807536835,14.8
ENSG00000114853,155.0,10.0,12.882762382108607,15.5
ENSG00000130544,46.0,8.0,7.950877986041055,5.75
ENSG00000197008,77.0,6.0,9.472222176084298,12.833333333333334
ENSG00000104447,238.0,5.0,10.657644811775253,47.6
ENSG00000106290,168.0,21.0,23.544146295344472,8.0
ENSG00000123095,236.0,6.0,16.884154003815652,39.333333333333336
ENSG00000181222,63.0,6.0,8.738722784638172,10.5
ENSG00000215421,112.0,15.0,15.820806018559415,7.466666666666667
ENSG00000173480,21.0,6.0,5.216552166373717,3.5
ENSG00000162599,44.0,7.0,7.622986520620172,6.285714285714286
ENSG00000169136,101.0,2.0,10.822586229099889,50.5
ENSG00000011260,107.0,23.0,25.737867396829284,4.6521739130434785
ENSG00000177125,57.0,9.0,9.733551726681208,6.333333333333333
ENSG00000104413,39.0,5.0,6.851725069668938,7.8
ENSG00000122034,170.0,17.0,27.054033952412723,10.0
ENSG00000132341,117.0,11.0,16.269621278572146,10.636363636363637
ENSG00000139445,101.0,,9.457213844791651,
ENSG00000171970,240.0,19.0,23.971301391480292,12.631578947368421
ENSG00000186496,46.0,2.0,4.8322730685392905,23.0
ENSG00000081665,99.0,3.0,8.395176774199555,33.0
ENSG00000136942,91.0,22.0,22.884908322542458,4.136363636363637
ENSG00000169155,83.0,7.0,8.279173129037844,11.857142857142858
ENSG00000069399,60.0,3.0,8.291443026409953,20.0
ENSG00000112365,74.0,22.0,19.854769258498333,3.3636363636363638
ENSG00000147124,84.0,21.0,20.56783411204059,4.0
ENSG00000118707,53.0,10.0,8.276558583639197,5.3
ENSG00000167554,75.0,9.0,13.672164545442465,8.333333333333334
ENSG00000185507,78.0,1.0,5.975605682807397,78.0
ENSG00000234616,62.0,7.0,6.952808939759438,8.857142857142858
ENSG00000186272,57.0,12.0,12.639319019594518,4.75
ENSG00000101216,59.0,12.0,13.070167606821045,4.916666666666667
ENSG00000071243,115.0,41.0,21.782558229436344,2.8048780487804876
ENSG00000178935,110.0,9.0,12.519400278030767,12.222222222222221
ENSG00000156853,62.0,11.0,10.556055094645984,5.636363636363637
ENSG00000163909,58.0,1.0,4.4760926730102835,58.0
ENSG00000135365,54.0,17.0,15.543133507333406,3.176470588235294
ENSG00000261787,116.0,,6.49401686797235,
ENSG00000168724,103.0,20.0,20.202049930526854,5.15
ENSG00000115568,92.0,16.0,16.206834708248667,5.75
ENSG00000135679,72.0,6.0,9.810759854188946,12.0
ENSG00000166823,61.0,1.0,3.463353717457884,61.0
ENSG00000196268,37.0,10.0,10.474279330738648,3.7
ENSG00000005513,26.0,2.0,6.141791715858613,13.0
ENSG00000197483,47.0,6.0,6.537310611415522,7.833333333333333
ENSG00000159263,62.0,2.0,13.37863472642943,31.0
ENSG00000101115,35.0,4.0,6.696294907603398,8.75
ENSG00000275111,76.0,14.0,12.14957618942534,5.428571428571429
ENSG00000167232,89.0,10.0,10.177335095474607,8.9
ENSG00000158773,56.0,30.0,22.150163297908097,1.8666666666666667
ENSG00000160062,33.0,4.0,6.014780993093618,8.25
ENSG00000175322,54.0,13.0,10.856626452909682,4.153846153846154
ENSG00000170325,42.0,5.0,8.545038777102432,8.4
ENSG00000269343,67.0,4.0,7.199823749922048,16.75
ENSG00000138336,37.0,3.0,5.2683856122302535,12.333333333333334
ENSG00000198393,51.0,9.0,9.849842328555706,5.666666666666667
ENSG00000076053,80.0,17.0,17.062151776180905,4.705882352941177
ENSG00000105866,30.0,5.0,7.098343788787742,6.0
ENSG00000159216,141.0,4.0,9.612123265044591,35.25
ENSG00000152926,58.0,6.0,9.728114321309306,9.666666666666666
ENSG00000169188,121.0,14.0,22.12460108896869,8.642857142857142
ENSG00000101199,101.0,10.0,15.170006759397735,10.1
ENSG00000066697,230.0,4.0,8.841008179720868,57.5
ENSG00000153896,73.0,8.0,10.081056023745049,9.125
ENSG00000198783,60.0,12.0,15.70887394305246,5.0
ENSG00000175387,99.0,18.0,16.66245831616051,5.5
ENSG00000141510,113.0,11.0,13.367074137297434,10.272727272727273
ENSG00000174332,127.0,1.0,13.136832911580614,127.0
ENSG00000116717,97.0,3.0,11.843313943418181,32.333333333333336
ENSG00000274349,43.0,1.0,3.3626396459419285,43.0
ENSG00000272602,75.0,1.0,11.191007926548071,75.0
ENSG00000168237,130.0,4.0,21.172532705254863,32.5
ENSG00000130844,57.0,3.0,6.068099334330436,19.0
ENSG00000107249,72.0,10.0,11.100592620660152,7.2
ENSG00000128573,58.0,2.0,5.257203272279219,29.0
ENSG00000028277,50.0,1.0,4.629964826199689,50.0
ENSG00000116016,61.0,3.0,7.509457472742014,20.333333333333332
ENSG00000083817,53.0,2.0,5.6043664833178335,26.5
ENSG00000141644,104.0,29.0,25.847786988144012,3.586206896551724
ENSG00000198517,39.0,1.0,3.9844414814000015,39.0
ENSG00000203780,42.0,9.0,9.296109442168738,4.666666666666667
ENSG00000196345,39.0,2.0,3.612762943437188,19.5
ENSG00000115524,69.0,14.0,12.077377828200634,4.928571428571429
ENSG00000091640,125.0,24.0,26.20029065642855,5.208333333333333
ENSG00000083828,89.0,16.0,17.055162503081974,5.5625
ENSG00000075407,36.0,8.0,7.945611244176302,4.5
ENSG00000078140,136.0,34.0,31.24908534722077,4.0
ENSG00000169740,82.0,16.0,16.294601792046432,5.125
ENSG00000196793,28.0,3.0,4.468428166640967,9.333333333333334
ENSG00000131368,161.0,16.0,20.533344125650746,10.0625
ENSG00000074047,39.0,3.0,4.4354135036832645,13.0
ENSG00000115966,117.0,23.0,23.469901773228457,5.086956521739131
ENSG00000106006,42.0,2.0,4.091892685853837,21.0
ENSG00000254004,45.0,10.0,8.290401462333458,4.5
ENSG00000159885,36.0,8.0,7.358892267889266,4.5
ENSG00000180667,52.0,2.0,5.8873470625773034,26.0
ENSG00000198185,74.0,4.0,5.963168125878797,18.5
ENSG00000144026,60.0,6.0,7.735089945160824,10.0
ENSG00000197128,37.0,4.0,3.991251137588053,9.25
ENSG00000181135,47.0,6.0,7.476036830323365,7.833333333333333
ENSG00000188613,88.0,,9.066437346424019,
ENSG00000118620,57.0,16.0,14.121840972443563,3.5625
ENSG00000168067,67.0,9.0,8.23723951424052,7.444444444444445
ENSG00000244687,161.0,43.0,39.78376049195756,3.744186046511628
ENSG00000087842,72.0,6.0,8.104496755411075,12.0
ENSG00000151612,82.0,13.0,11.064523444966001,6.3076923076923075
ENSG00000196391,74.0,6.0,8.130351296232313,12.333333333333334
ENSG00000152284,79.0,16.0,14.495105674798252,4.9375
ENSG00000181690,24.0,6.0,6.348135888778046,4.0
ENSG00000143842,62.0,8.0,10.333393735127066,7.75
ENSG00000083812,91.0,10.0,14.026400954277202,9.1
ENSG00000186130,60.0,16.0,14.28779719965463,3.75
ENSG00000197016,27.0,4.0,3.5233358398541426,6.75
ENSG00000107485,91.0,1.0,4.955019135141975,91.0
ENSG00000135100,151.0,3.0,19.63289681394091,50.333333333333336
ENSG00000182568,52.0,9.0,10.531401885930254,5.777777777777778
ENSG00000052850,26.0,,2.690419883007139,
ENSG00000122194,82.0,1.0,9.434624903225384,82.0
ENSG00000143178,131.0,4.0,7.968327294725175,32.75
ENSG00000025293,81.0,32.0,26.305486633930176,2.53125
ENSG00000276644,55.0,5.0,8.296100009572699,11.0
ENSG00000267508,51.0,6.0,6.625584423451122,8.5
ENSG00000146757,53.0,11.0,10.282675864430763,4.818181818181818
ENSG00000267680,229.0,7.0,9.2658890468797,32.714285714285715
ENSG00000071575,73.0,7.0,8.136509791950846,10.428571428571429
ENSG00000036549,122.0,50.0,27.448396043300736,2.44
ENSG00000067225,90.0,3.0,11.12257238220358,30.0
ENSG00000186017,56.0,9.0,8.864398365266181,6.222222222222222
ENSG00000120068,53.0,3.0,5.871925665066109,17.666666666666668
ENSG00000178386,30.0,8.0,6.555554782608829,3.75
ENSG00000112242,87.0,8.0,14.70122696879583,10.875
ENSG00000198482,67.0,6.0,9.186111197527536,11.166666666666666
ENSG00000196724,55.0,3.0,6.414628689045306,18.333333333333332
ENSG00000054392,98.0,16.0,12.221960439658877,6.125
ENSG00000166529,101.0,7.0,9.676282644329559,14.428571428571429
ENSG00000167562,65.0,14.0,11.489951823023116,4.642857142857143
ENSG00000029993,126.0,2.0,15.911046088565284,63.0
ENSG00000147601,163.0,68.0,37.785800333467364,2.3970588235294117
ENSG00000071564,45.0,22.0,14.635703988683874,2.0454545454545454
ENSG00000177426,69.0,5.0,7.420860913672664,13.8
ENSG00000167384,91.0,15.0,13.398585900945768,6.066666666666666
ENSG00000181220,77.0,5.0,8.438436840809995,15.4
ENSG00000104980,145.0,3.0,11.397303453026286,48.333333333333336
ENSG00000212993,80.0,3.0,8.678255807799239,26.666666666666668
ENSG00000198131,113.0,5.0,10.452034413853227,22.6
ENSG00000117010,59.0,1.0,4.121919523195044,59.0
ENSG00000245680,59.0,12.0,7.814007687865338,4.916666666666667
ENSG00000116096,139.0,,11.718028992618589,
ENSG00000143889,126.0,32.0,22.507156638018422,3.9375
ENSG00000148737,62.0,25.0,16.82824117728628,2.48
ENSG00000106031,145.0,2.0,8.366485689246847,72.5
ENSG00000140836,51.0,8.0,7.171176110462048,6.375
ENSG00000164758,57.0,4.0,5.093506526884159,14.25
ENSG00000196867,117.0,8.0,8.971778985919332,14.625
ENSG00000198105,78.0,8.0,10.540278370626321,9.75
ENSG00000180318,66.0,4.0,6.875309738886204,16.5
ENSG00000165684,74.0,6.0,8.302845108136152,12.333333333333334
ENSG00000116819,67.0,2.0,4.778075893913082,33.5
ENSG00000175745,52.0,4.0,5.389033010604094,13.0
ENSG00000115415,77.0,3.0,7.207161342227097,25.666666666666668
ENSG00000020256,160.0,31.0,27.564470435702727,5.161290322580645
ENSG00000103199,67.0,10.0,8.65213463308263,6.7
ENSG00000076604,63.0,6.0,8.09521677517984,10.5
ENSG00000177494,56.0,1.0,3.308153970986569,56.0
ENSG00000010539,39.0,2.0,4.3741293346214425,19.5
ENSG00000197619,37.0,6.0,5.820986602489877,6.166666666666667
ENSG00000174099,51.0,8.0,9.064024077399228,6.375
ENSG00000099364,62.0,9.0,9.66735412768522,6.888888888888889
ENSG00000229809,112.0,8.0,17.919094575312677,14.0
ENSG00000159915,67.0,2.0,7.445172993254705,33.5
ENSG00000151702,47.0,4.0,6.350926379681131,11.75
ENSG00000186777,111.0,1.0,7.41357679989583,111.0
ENSG00000115207,116.0,25.0,26.267588721470617,4.64
ENSG00000197385,64.0,10.0,8.944953976359363,6.4
ENSG00000114861,61.0,11.0,11.688014386378851,5.545454545454546
ENSG00000072364,74.0,14.0,14.356717742435494,5.285714285714286
ENSG00000118689,42.0,4.0,6.045716766742261,10.5
ENSG00000101412,44.0,9.0,11.10860362075537,4.888888888888889
ENSG00000108813,83.0,2.0,5.044777426923527,41.5
ENSG00000197013,47.0,7.0,7.583846538019383,6.714285714285714
ENSG00000007968,165.0,,6.46648143505427,
ENSG00000132109,48.0,4.0,5.875451132087501,12.0
ENSG00000135638,128.0,2.0,14.50310512199967,64.0
ENSG00000163435,64.0,3.0,7.004802492708078,21.333333333333332
ENSG00000150907,61.0,11.0,11.945879120237546,5.545454545454546
ENSG00000172000,45.0,,4.6778007512848765,
ENSG00000196418,42.0,2.0,4.098020254606798,21.0
ENSG00000172789,44.0,7.0,7.590426032788209,6.285714285714286
ENSG00000106511,90.0,1.0,4.431131542643818,90.0
ENSG00000129173,204.0,4.0,8.647507886330622,51.0
ENSG00000168874,88.0,1.0,4.945302036427819,88.0
ENSG00000078399,84.0,2.0,5.427524607190112,42.0
ENSG00000177888,67.0,9.0,8.531245917325155,7.444444444444445
ENSG00000103449,56.0,7.0,8.530476200244404,8.0
ENSG00000196110,18.0,2.0,2.406826880853705,9.0
ENSG00000131931,70.0,4.0,6.711014237871074,17.5
ENSG00000139187,85.0,2.0,5.4738152384455745,42.5
ENSG00000105379,126.0,5.0,13.126871840608272,25.2
ENSG00000188629,59.0,1.0,5.776592150076464,59.0
ENSG00000177606,67.0,,5.767708655227881,
ENSG00000142611,67.0,4.0,7.974746885999863,16.75
ENSG00000057657,82.0,2.0,6.169376690785146,41.0
ENSG00000126767,115.0,2.0,9.867276990252035,57.5
ENSG00000057935,190.0,41.0,42.48881941100366,4.634146341463414
ENSG00000204071,71.0,,9.613022980946285,
ENSG00000074800,132.0,10.0,16.393403331046812,13.2
ENSG00000073861,77.0,1.0,5.650256603687997,77.0
ENSG00000100320,60.0,26.0,16.306448445826252,2.3076923076923075
ENSG00000157554,39.0,1.0,5.214593110903248,39.0
ENSG00000112511,62.0,10.0,10.845387462332228,6.2
ENSG00000196189,58.0,4.0,5.932851957811912,14.5
ENSG00000089335,40.0,5.0,5.950923889930282,8.0
ENSG00000221923,64.0,1.0,3.218513885003601,64.0
ENSG00000214029,17.0,3.0,2.9572732437286313,5.666666666666667
ENSG00000169249,84.0,1.0,7.343094727450736,84.0
ENSG00000156127,42.0,2.0,6.015151863903583,21.0
ENSG00000152475,40.0,3.0,5.115145386832049,13.333333333333334
ENSG00000171443,76.0,15.0,17.034306322971986,5.066666666666666
ENSG00000137203,55.0,2.0,4.692241192779113,27.5
ENSG00000130700,122.0,,6.481480665961999,
ENSG00000173120,62.0,24.0,16.91800754077489,2.5833333333333335
ENSG00000129654,91.0,1.0,4.575621752097018,91.0
ENSG00000125733,57.0,2.0,7.39665064993242,28.5
ENSG00000110536,199.0,22.0,30.9442012039543,9.045454545454545
ENSG00000127152,54.0,1.0,5.576669419683153,54.0
ENSG00000189164,88.0,19.0,14.372006717856628,4.631578947368421
ENSG00000078900,53.0,,7.151326816396645,
ENSG00000053254,80.0,9.0,7.620271618769797,8.88888888888889
ENSG00000164093,95.0,1.0,6.57747702753126,95.0
ENSG00000137273,73.0,,6.509955383733297,
ENSG00000119725,102.0,19.0,19.768337992724472,5.368421052631579
ENSG00000251247,43.0,13.0,10.090532590383003,3.3076923076923075
ENSG00000164749,64.0,,10.720970089669411,
ENSG00000197961,69.0,3.0,4.515010401147106,23.0
ENSG00000061455,50.0,1.0,3.1403149611415726,50.0
ENSG00000175832,83.0,6.0,9.123248805680284,13.833333333333334
ENSG00000064961,148.0,28.0,29.07543776849947,5.285714285714286
ENSG00000105516,66.0,2.0,5.192189624844307,33.0
ENSG00000054598,94.0,5.0,11.811251614750812,18.8
ENSG00000090447,96.0,6.0,7.680536362127494,16.0
ENSG00000125398,72.0,1.0,7.890726230808198,72.0
ENSG00000119772,96.0,17.0,16.348330136290162,5.647058823529412
ENSG00000106462,51.0,,4.356931536666388,
ENSG00000244405,77.0,5.0,8.338387166557656,15.4
ENSG00000133250,76.0,12.0,13.829607834187982,6.333333333333333
ENSG00000176222,49.0,2.0,5.568890394399924,24.5
ENSG00000104856,96.0,,12.150091002129063,
ENSG00000159882,119.0,7.0,10.057326116547218,17.0
ENSG00000197343,125.0,29.0,15.891603756365658,4.310344827586207
ENSG00000168661,68.0,7.0,9.525554989550358,9.714285714285714
ENSG00000140396,103.0,26.0,18.59121561393484,3.9615384615384617
ENSG00000176678,53.0,3.0,4.682940452884533,17.666666666666668
ENSG00000115112,125.0,1.0,7.77207659186225,125.0
ENSG00000169696,107.0,2.0,9.704306066510126,53.5
ENSG00000113300,68.0,23.0,16.213320996667395,2.9565217391304346
ENSG00000182132,82.0,1.0,6.799971727487397,82.0
ENSG00000203883,43.0,1.0,4.132824298165825,43.0
ENSG00000123411,88.0,4.0,8.106260783806023,22.0
ENSG00000152804,54.0,,3.7324219446471063,
ENSG00000187079,68.0,3.0,7.192905155171946,22.666666666666668
ENSG00000105672,155.0,1.0,13.327252275232988,155.0
ENSG00000171222,129.0,13.0,17.701183539904296,9.923076923076923
ENSG00000198466,24.0,2.0,3.2767885444202984,12.0
ENSG00000079263,59.0,4.0,7.36983887089888,14.75
ENSG00000180479,37.0,9.0,8.577844037748129,4.111111111111111
ENSG00000171466,64.0,5.0,8.250790056767134,12.8
ENSG00000260027,94.0,5.0,10.627210558928384,18.8
ENSG00000167380,23.0,1.0,2.348253692380022,23.0
ENSG00000125347,55.0,,5.389702964888264,
ENSG00000172273,94.0,14.0,15.625899961710934,6.714285714285714
ENSG00000159592,125.0,48.0,32.48466868445279,2.6041666666666665
ENSG00000121406,59.0,3.0,5.548162317544778,19.666666666666668
ENSG00000119138,90.0,2.0,7.459225479440692,45.0
ENSG00000196812,55.0,4.0,7.409711030222028,13.75
ENSG00000162367,80.0,,8.02801373753932,
ENSG00000143190,40.0,21.0,11.960643151609679,1.9047619047619047
ENSG00000006468,34.0,4.0,4.5385708394416735,8.5
ENSG00000204611,46.0,4.0,5.572741852373984,11.5
ENSG00000164330,89.0,4.0,7.559730403890312,22.25
ENSG00000162419,72.0,11.0,11.860385236227339,6.545454545454546
ENSG00000157933,75.0,19.0,16.923808225176124,3.9473684210526314
ENSG00000181649,78.0,,4.639178896186853,
ENSG00000136932,86.0,8.0,10.195094573527205,10.75
ENSG00000134046,92.0,9.0,13.10923917473627,10.222222222222221
ENSG00000115350,133.0,10.0,13.400614323429638,13.3
ENSG00000050344,39.0,3.0,3.8566015095053183,13.0
ENSG00000143390,107.0,27.0,19.472145234395935,3.962962962962963
ENSG00000204519,70.0,4.0,8.26425176136842,17.5
ENSG00000198521,85.0,4.0,6.216098809527612,21.25
ENSG00000187098,113.0,11.0,12.676481595205136,10.272727272727273
ENSG00000172819,63.0,9.0,8.418682616984185,7.0
ENSG00000125651,145.0,14.0,14.3294091945834,10.357142857142858
ENSG00000229676,89.0,2.0,7.469434357939864,44.5
ENSG00000154227,27.0,1.0,2.7874963580982155,27.0
ENSG00000116809,78.0,17.0,17.114195571120327,4.588235294117647
ENSG00000153207,87.0,26.0,13.321256136283726,3.3461538461538463
ENSG00000196460,243.0,2.0,9.620634559054475,121.5
ENSG00000102935,87.0,4.0,6.794966610115275,21.75
ENSG00000108924,79.0,4.0,9.94200227790819,19.75
ENSG00000160973,75.0,1.0,6.006983298148936,75.0
ENSG00000140488,41.0,1.0,3.4547782492832595,41.0
ENSG00000144792,94.0,1.0,4.034823667922078,94.0
ENSG00000197114,58.0,,6.262280226690664,
ENSG00000018869,53.0,3.0,4.100907678166161,17.666666666666668
ENSG00000174282,78.0,22.0,12.109247585253673,3.5454545454545454
ENSG00000175879,71.0,4.0,7.070558031258852,17.75
ENSG00000065978,53.0,7.0,8.391385119948835,7.571428571428571
ENSG00000164164,75.0,14.0,11.752148184542708,5.357142857142857
ENSG00000172888,210.0,2.0,6.481836192885642,105.0
ENSG00000180535,271.0,2.0,10.646979362105244,135.5
ENSG00000196378,55.0,11.0,9.450904297539537,5.0
ENSG00000142556,25.0,6.0,6.988815089884083,4.166666666666667
ENSG00000198205,60.0,9.0,9.354699050701614,6.666666666666667
ENSG00000139083,74.0,2.0,8.674397761856008,37.0
ENSG00000066135,112.0,24.0,20.40776855440603,4.666666666666667
ENSG00000196152,36.0,1.0,2.962879559187562,36.0
ENSG00000160917,89.0,12.0,13.459983164367507,7.416666666666667
ENSG00000186446,22.0,1.0,1.3857685038466498,22.0
ENSG00000128652,118.0,6.0,10.14225801510289,19.666666666666668
ENSG00000172379,67.0,2.0,4.749072000286342,33.5
ENSG00000172922,93.0,6.0,11.401150460137767,15.5
ENSG00000101665,35.0,1.0,3.8627385690579334,35.0
ENSG00000162086,47.0,2.0,4.797084778792024,23.5
ENSG00000102034,53.0,8.0,10.60328518442753,6.625
ENSG00000066422,27.0,1.0,1.9480157170115229,27.0
ENSG00000179772,43.0,1.0,3.863179419692088,43.0
ENSG00000230797,46.0,1.0,2.4775078046111014,46.0
ENSG00000122359,98.0,14.0,16.129766646624446,7.0
ENSG00000119559,76.0,7.0,11.544473647724733,10.857142857142858
ENSG00000100226,44.0,11.0,8.943169103554233,4.0
ENSG00000198728,66.0,4.0,6.222612125032261,16.5
ENSG00000138795,68.0,2.0,5.800825939795249,34.0
ENSG00000198046,21.0,3.0,4.520785672696492,7.0
ENSG00000165244,92.0,,11.811105777844174,
ENSG00000188033,75.0,5.0,6.8817080156078605,15.0
ENSG00000101096,19.0,9.0,7.961589122492289,2.111111111111111
ENSG00000099326,69.0,3.0,7.677830494409605,23.0
ENSG00000179348,86.0,1.0,7.823229269336551,86.0
ENSG00000182983,23.0,2.0,2.729134128257999,11.5
ENSG00000120093,48.0,3.0,3.7257022729664127,16.0
ENSG00000167182,96.0,8.0,9.814847529809601,12.0
ENSG00000112658,69.0,2.0,4.985457146223365,34.5
ENSG00000125618,130.0,4.0,7.586608975121033,32.5
ENSG00000197566,50.0,3.0,5.948334122147885,16.666666666666668
ENSG00000119715,85.0,,6.949808740051272,
ENSG00000120693,76.0,1.0,4.296480627194844,76.0
ENSG00000169981,45.0,7.0,6.423730974039251,6.428571428571429
ENSG00000118495,75.0,6.0,7.5765466377413455,12.5
ENSG00000198300,49.0,2.0,4.614209490186271,24.5
ENSG00000135097,71.0,,5.8707268407110025,
ENSG00000140262,77.0,41.0,17.345808353025014,1.8780487804878048
ENSG00000137834,95.0,,6.62567645572597,
ENSG00000165495,30.0,5.0,4.718134347607314,6.0
ENSG00000118156,100.0,,7.385967621421849,
ENSG00000119927,69.0,3.0,6.031150061343542,23.0
ENSG00000128191,42.0,8.0,7.44693398920218,5.25
ENSG00000113356,59.0,3.0,5.447950603207953,19.666666666666668
ENSG00000125817,84.0,9.0,12.22254557535594,9.333333333333334
ENSG00000123388,77.0,5.0,6.4840196476166225,15.4
ENSG00000197808,39.0,6.0,4.652707006478882,6.5
ENSG00000196705,24.0,3.0,2.7475192908091097,8.0
ENSG00000116151,138.0,14.0,17.804118328109762,9.857142857142858
ENSG00000237440,45.0,5.0,4.682406014726536,9.0
ENSG00000005889,66.0,10.0,9.316540743226929,6.6
ENSG00000197951,50.0,11.0,9.580725336589538,4.545454545454546
ENSG00000204947,121.0,18.0,14.48654518244519,6.722222222222222
ENSG00000171223,41.0,,5.474063176198234,
ENSG00000162613,131.0,60.0,25.356412815549326,2.183333333333333
ENSG00000102038,79.0,12.0,13.048419592828473,6.583333333333333
ENSG00000189042,60.0,9.0,11.703914428779612,6.666666666666667
ENSG00000204366,58.0,1.0,3.8746001751540455,58.0
ENSG00000198538,44.0,3.0,4.15520723838906,14.666666666666666
ENSG00000196628,52.0,2.0,7.558718763274423,26.0
ENSG00000123405,38.0,,4.4759111669324465,
ENSG00000116044,86.0,10.0,10.909854432931525,8.6
ENSG00000186280,70.0,1.0,4.457292452756373,70.0
ENSG00000135111,65.0,2.0,4.705612759723031,32.5
ENSG00000157429,70.0,8.0,7.214534944410034,8.75
ENSG00000183850,79.0,2.0,5.781609377115609,39.5
ENSG00000188227,49.0,4.0,3.6968385342814454,12.25
ENSG00000204604,61.0,1.0,3.057776556142714,61.0
ENSG00000249709,48.0,6.0,6.0105331745382315,8.0
ENSG00000178229,50.0,11.0,6.047293256360247,4.545454545454546
ENSG00000128645,62.0,,5.370253165371656,
ENSG00000143498,75.0,5.0,8.228601163538274,15.0
ENSG00000122299,94.0,34.0,23.729346418764788,2.764705882352941
ENSG00000186350,107.0,5.0,11.579173541476987,21.4
ENSG00000178665,44.0,3.0,3.841677827900899,14.666666666666666
ENSG00000039600,70.0,1.0,3.5908015399211797,70.0
ENSG00000162892,46.0,,3.4802364038322136,
ENSG00000087510,39.0,1.0,4.192045776569687,39.0
ENSG00000180855,52.0,3.0,5.357522642329686,17.333333333333332
ENSG00000185630,77.0,5.0,8.640386472031299,15.4
ENSG00000198740,81.0,26.0,10.503384888438351,3.1153846153846154
ENSG00000010818,138.0,6.0,9.108996863501428,23.0
ENSG00000148516,80.0,3.0,5.6500193797411065,26.666666666666668
ENSG00000169131,59.0,5.0,7.396375048299822,11.8
ENSG00000182742,89.0,4.0,9.61824333983677,22.25
ENSG00000197062,44.0,4.0,4.610600788435765,11.0
ENSG00000196458,242.0,3.0,7.7075558037828005,80.66666666666667
ENSG00000069812,68.0,,7.5601665649731356,
ENSG00000197044,50.0,2.0,4.449164733544949,25.0
ENSG00000130818,30.0,4.0,3.1980852881895943,7.5
ENSG00000184517,97.0,7.0,9.785276443992506,13.857142857142858
ENSG00000175787,51.0,5.0,6.005666444433071,10.2
ENSG00000125850,46.0,4.0,5.161212457050618,11.5
ENSG00000198346,46.0,1.0,3.5107557229912896,46.0
ENSG00000118922,46.0,13.0,9.436826807208215,3.5384615384615383
ENSG00000198093,84.0,8.0,11.783613885771674,10.5
ENSG00000160321,49.0,1.0,4.001243646956797,49.0
ENSG00000177599,45.0,5.0,5.269212306616853,9.0
ENSG00000136870,100.0,2.0,6.1579988006296436,50.0
ENSG00000198353,80.0,13.0,12.534481959853366,6.153846153846154
ENSG00000183621,50.0,6.0,7.185283454343964,8.333333333333334
ENSG00000134138,77.0,7.0,7.317472531760923,11.0
ENSG00000163541,115.0,1.0,16.234234943738887,115.0
ENSG00000183647,21.0,4.0,4.371994323261861,5.25
ENSG00000198182,58.0,4.0,7.1948535977784775,14.5
ENSG00000170561,41.0,3.0,5.263992343809761,13.666666666666666
ENSG00000196233,47.0,7.0,7.892660485329561,6.714285714285714
ENSG00000129535,89.0,2.0,8.466856251326268,44.5
ENSG00000161298,71.0,4.0,4.6406987325663325,17.75
ENSG00000178860,90.0,1.0,6.806042169635089,90.0
ENSG00000136504,80.0,17.0,13.416005381877596,4.705882352941177
ENSG00000131759,74.0,2.0,5.7860354617895124,37.0
ENSG00000187801,65.0,,3.281237695825651,
ENSG00000109133,93.0,10.0,13.310969097163323,9.3
ENSG00000198440,35.0,1.0,3.878323586119511,35.0
ENSG00000113580,48.0,15.0,7.774681121685447,3.2
ENSG00000083844,56.0,2.0,3.0298107026104693,28.0
ENSG00000121454,78.0,1.0,6.374125425702168,78.0
ENSG00000176842,76.0,,6.880775388873244,
ENSG00000161642,55.0,5.0,8.902372417162969,11.0
ENSG00000143171,50.0,,4.2065101001269465,
ENSG00000258289,83.0,11.0,12.8991909626684,7.545454545454546
ENSG00000180806,53.0,6.0,7.204530299969594,8.833333333333334
ENSG00000100219,265.0,6.0,12.759099110991635,44.166666666666664
ENSG00000161405,35.0,,4.220635952711627,
ENSG00000102103,92.0,20.0,17.1683191845763,4.6
ENSG00000120075,133.0,6.0,10.35818255817379,22.166666666666668
ENSG00000127081,107.0,2.0,4.000284363518708,53.5
ENSG00000137185,62.0,14.0,9.208430205394917,4.428571428571429
ENSG00000104903,223.0,2.0,6.232354787809449,111.5
ENSG00000124216,59.0,,3.166124491865686,
ENSG00000100968,38.0,3.0,3.0648807140335186,12.666666666666666
ENSG00000168066,57.0,11.0,8.450496970829457,5.181818181818182
ENSG00000153250,135.0,8.0,11.585416419051842,16.875
ENSG00000133878,120.0,,8.343844211696792,
ENSG00000164002,88.0,1.0,5.228964253610994,88.0
ENSG00000177873,155.0,13.0,12.884524538140772,11.923076923076923
ENSG00000166925,55.0,4.0,7.706734220013343,13.75
ENSG00000256223,41.0,2.0,3.339450817320176,20.5
ENSG00000148606,90.0,6.0,8.946681700949018,15.0
ENSG00000118526,91.0,,6.904053564222692,
ENSG00000147180,42.0,5.0,5.595842828457556,8.4
ENSG00000189298,31.0,3.0,3.451993961793341,10.333333333333334
ENSG00000160961,48.0,20.0,7.787325496667739,2.4
ENSG00000197933,59.0,3.0,5.176933159307399,19.666666666666668
ENSG00000213347,28.0,3.0,3.0362646795778243,9.333333333333334
ENSG00000184271,59.0,8.0,7.114529351474535,7.375
ENSG00000185278,21.0,4.0,3.209335239812185,5.25
ENSG00000144485,131.0,2.0,5.415201366019002,65.5
ENSG00000196357,59.0,6.0,7.784280369180521,9.833333333333334
ENSG00000119042,45.0,4.0,5.620033786673215,11.25
ENSG00000269404,71.0,1.0,4.241355692439396,71.0
ENSG00000137871,95.0,19.0,14.867002259821385,5.0
ENSG00000182903,62.0,14.0,9.235078893921148,4.428571428571429
ENSG00000141448,91.0,2.0,7.003355023795398,45.5
ENSG00000147117,58.0,1.0,4.422937680185536,58.0
ENSG00000177508,71.0,1.0,4.185926280670913,71.0
ENSG00000152433,46.0,,4.70850387133075,
ENSG00000105880,50.0,1.0,5.326130896210512,50.0
ENSG00000102383,74.0,6.0,9.533227842194902,12.333333333333334
ENSG00000197362,63.0,5.0,7.105981047147541,12.6
ENSG00000173275,67.0,1.0,4.067848652865282,67.0
ENSG00000162409,98.0,2.0,5.172458172528234,49.0
ENSG00000082175,55.0,5.0,8.752075381397558,11.0
ENSG00000242852,35.0,1.0,3.6753677178263056,35.0
ENSG00000160352,46.0,1.0,3.7961280043219827,46.0
ENSG00000179528,77.0,1.0,5.06957065879777,77.0
ENSG00000037965,78.0,5.0,6.380333619368879,15.6
ENSG00000172530,33.0,6.0,4.613650403930091,5.5
ENSG00000105722,121.0,,5.708784866545825,
ENSG00000174738,28.0,1.0,1.9220309730559033,28.0
ENSG00000166261,93.0,2.0,7.106647803506214,46.5
ENSG00000135899,64.0,3.0,6.161747874404568,21.333333333333332
ENSG00000188171,40.0,4.0,5.001680998667215,10.0
ENSG00000178764,48.0,8.0,8.420657541145843,6.0
ENSG00000198034,81.0,9.0,10.726037951565912,9.0
ENSG00000082258,193.0,3.0,7.1986970605632505,64.33333333333333
ENSG00000160180,55.0,1.0,5.160030349053577,55.0
ENSG00000043039,77.0,1.0,8.298740051109396,77.0
ENSG00000146592,65.0,,3.2656214864544437,
ENSG00000153879,79.0,11.0,11.954136577295577,7.181818181818182
ENSG00000116604,52.0,3.0,4.195029025950506,17.333333333333332
ENSG00000136367,51.0,1.0,3.6712743918193107,51.0
ENSG00000198039,38.0,2.0,3.7153237351624533,19.0
ENSG00000164631,39.0,14.0,10.069012969431252,2.7857142857142856
ENSG00000196693,62.0,7.0,7.881554203461911,8.857142857142858
ENSG00000140044,30.0,6.0,5.519035838412851,5.0
ENSG00000077150,50.0,8.0,6.699172991961267,6.25
ENSG00000197063,96.0,1.0,8.080054582129716,96.0
ENSG00000171604,72.0,4.0,6.9890924298846375,18.0
ENSG00000160908,82.0,14.0,11.832449196346353,5.857142857142857
ENSG00000143867,53.0,,4.390295267813975,
ENSG00000123933,52.0,3.0,4.035154524534331,17.333333333333332
ENSG00000140987,55.0,2.0,3.8084248504987444,27.5
ENSG00000163132,56.0,1.0,2.6591690940473156,56.0
ENSG00000196712,96.0,18.0,10.908430928640385,5.333333333333333
ENSG00000182986,33.0,2.0,3.5408049960688017,16.5
ENSG00000188290,81.0,1.0,6.292402825935702,81.0
ENSG00000168813,51.0,9.0,6.107323209391606,5.666666666666667
ENSG00000105991,54.0,3.0,4.407378636463668,18.0
ENSG00000256087,45.0,3.0,4.086411707439214,15.0
ENSG00000120094,61.0,1.0,4.3747814866553,61.0
ENSG00000089775,54.0,9.0,8.915899257706075,6.0
ENSG00000065970,81.0,18.0,12.207939290851241,4.5
ENSG00000171291,67.0,4.0,5.5152640355057505,16.75
ENSG00000167981,53.0,2.0,5.425465588165233,26.5
ENSG00000170608,49.0,1.0,5.007740683137648,49.0
ENSG00000187140,96.0,,5.6429518727398325,
ENSG00000099246,135.0,11.0,15.18406601218458,12.272727272727273
ENSG00000091831,47.0,1.0,3.0035141837981367,47.0
ENSG00000088038,62.0,26.0,15.211212859776392,2.3846153846153846
ENSG00000115816,77.0,13.0,10.709549990655029,5.923076923076923
ENSG00000172201,34.0,1.0,2.8590012415273187,34.0
ENSG00000165891,93.0,,9.630631902279847,
ENSG00000106546,45.0,3.0,5.789161965281241,15.0
ENSG00000256683,61.0,5.0,6.146648721434675,12.2
ENSG00000068323,110.0,10.0,11.750229654864512,11.0
ENSG00000159348,76.0,12.0,13.625099849587789,6.333333333333333
ENSG00000162664,46.0,4.0,4.050699666923512,11.5
ENSG00000180787,79.0,2.0,5.084198924053575,39.5
ENSG00000149054,98.0,,4.625711385394982,
ENSG00000137270,83.0,,4.942965869900051,
ENSG00000159917,48.0,2.0,2.62031886553283,24.0
ENSG00000167074,56.0,1.0,4.5800365820120295,56.0
ENSG00000085276,55.0,2.0,4.23903948454101,27.5
ENSG00000147099,371.0,32.0,35.02997709674836,11.59375
ENSG00000197647,103.0,2.0,5.9128786748403845,51.5
ENSG00000197381,32.0,,4.34305713132916,
ENSG00000198429,81.0,4.0,9.377444268265036,20.25
ENSG00000072736,51.0,4.0,5.24239789793027,12.75
ENSG00000170949,41.0,7.0,5.365730423694039,5.857142857142857
ENSG00000181315,56.0,1.0,2.5943464119642807,56.0
ENSG00000134317,38.0,,2.2000400953380312,
ENSG00000185697,39.0,,4.912848557109045,
ENSG00000100206,46.0,1.0,3.710624842945763,46.0
ENSG00000169016,102.0,3.0,7.082972732130947,34.0
ENSG00000128604,81.0,,4.402565911008768,
ENSG00000095951,63.0,5.0,5.275820429560922,12.6
ENSG00000049768,29.0,,2.729147498601274,
ENSG00000121903,56.0,1.0,3.149542303051444,56.0
ENSG00000170485,59.0,,6.79221188902707,
ENSG00000005801,54.0,2.0,2.95183494193834,27.0
ENSG00000203326,35.0,7.0,6.1677248620225,5.0
ENSG00000213762,53.0,3.0,4.0198876038328,17.666666666666668
ENSG00000118520,55.0,,6.05486937882646,
ENSG00000119547,97.0,,5.002414537968051,
ENSG00000256294,31.0,5.0,4.663139801493175,6.2
ENSG00000138378,77.0,,3.4481601164358406,
ENSG00000251192,42.0,4.0,5.16731418147975,10.5
ENSG00000187187,117.0,4.0,6.0269396123961485,29.25
ENSG00000182141,61.0,4.0,4.264940260471321,15.25
ENSG00000178187,40.0,1.0,2.084058818294102,40.0
ENSG00000157613,44.0,,3.808099323239366,
ENSG00000108511,64.0,3.0,6.104074155483587,21.333333333333332
ENSG00000112246,43.0,1.0,4.292278997535431,43.0
ENSG00000160224,48.0,,6.280503157175942,
ENSG00000119608,68.0,2.0,5.833365417481849,34.0
ENSG00000074219,77.0,1.0,5.150702061595609,77.0
ENSG00000221944,23.0,4.0,4.597938751617136,5.75
ENSG00000198963,55.0,,3.2900790957490966,
ENSG00000136826,46.0,2.0,3.967379357019321,23.0
ENSG00000165410,187.0,1.0,9.662331380710151,187.0
ENSG00000101883,68.0,1.0,4.380854472016587,68.0
ENSG00000102145,70.0,,4.883975660534692,
ENSG00000141956,45.0,3.0,4.985425490826394,15.0
ENSG00000143365,58.0,,4.101552469364746,
ENSG00000175197,63.0,,4.4620108399683405,
ENSG00000134532,27.0,,2.6138702612512845,
ENSG00000140948,56.0,8.0,4.029906186776369,7.0
ENSG00000236609,32.0,1.0,2.687963415346324,32.0
ENSG00000115738,85.0,,5.080177217034167,
ENSG00000186230,65.0,1.0,3.726425318088578,65.0
ENSG00000176024,65.0,,3.9263304571809234,
ENSG00000164379,79.0,1.0,7.656991483699254,79.0
ENSG00000079432,94.0,2.0,8.571831217866816,47.0
ENSG00000120149,33.0,,3.795870565381455,
ENSG00000253293,87.0,6.0,6.429666493351636,14.5
ENSG00000008196,74.0,3.0,4.701557374328671,24.666666666666668
ENSG00000136997,138.0,2.0,5.2690750172811756,69.0
ENSG00000234284,70.0,4.0,4.660102970646988,17.5
ENSG00000163792,126.0,,4.795460972192694,
ENSG00000161551,49.0,3.0,4.868475467479964,16.333333333333332
ENSG00000067066,54.0,8.0,7.858161870091394,6.75
ENSG00000180938,40.0,2.0,5.185613270556281,20.0
ENSG00000113916,88.0,2.0,8.830204094244522,44.0
ENSG00000196466,38.0,1.0,2.9573516139474116,38.0
ENSG00000180626,63.0,2.0,2.877106284382559,31.5
ENSG00000065534,42.0,1.0,3.778817974036229,42.0
ENSG00000196150,75.0,5.0,5.482574352607776,15.0
ENSG00000080608,58.0,1.0,4.40572729739638,58.0
ENSG00000143067,89.0,,3.8594022670260695,
ENSG00000150347,58.0,4.0,4.78178968943428,14.5
ENSG00000186051,52.0,1.0,4.986989640961698,52.0
ENSG00000204103,93.0,5.0,7.733282327824461,18.6
ENSG00000131408,80.0,6.0,8.373235539810128,13.333333333333334
ENSG00000121413,43.0,4.0,3.8807711309516937,10.75
ENSG00000205903,64.0,,4.908666873294668,
ENSG00000152454,35.0,1.0,3.156739128231568,35.0
ENSG00000179922,39.0,,2.484140546774081,
ENSG00000171425,150.0,6.0,15.251729613896467,25.0
ENSG00000123154,121.0,6.0,13.804591674732313,20.166666666666668
ENSG00000260428,68.0,2.0,4.496611257274982,34.0
ENSG00000149922,61.0,2.0,4.157998899630811,30.5
ENSG00000196653,24.0,1.0,2.1838968652336574,24.0
ENSG00000100784,37.0,,3.330198129802251,
ENSG00000181444,55.0,1.0,4.007069331401114,55.0
ENSG00000178338,26.0,3.0,2.5147643953995087,8.666666666666666
ENSG00000137709,52.0,,2.9141748958555054,
ENSG00000124613,29.0,2.0,2.2706570142267863,14.5
ENSG00000197024,39.0,4.0,3.7605567619435902,9.75
ENSG00000138738,75.0,1.0,5.305735729772859,75.0
ENSG00000197576,46.0,1.0,3.771721500356133,46.0
ENSG00000197497,44.0,1.0,3.3467972631307954,44.0
ENSG00000151789,77.0,2.0,7.571269153436346,38.5
ENSG00000171606,64.0,8.0,6.9775045997911755,8.0
ENSG00000103343,184.0,12.0,13.849822219438357,15.333333333333334
ENSG00000165304,91.0,1.0,9.143163798668926,91.0
ENSG00000171368,69.0,,5.762257513920453,
ENSG00000197360,75.0,,4.8128026007876095,
ENSG00000136936,87.0,2.0,6.3076824425793525,43.5
ENSG00000197372,39.0,4.0,3.2162108420003777,9.75
ENSG00000197928,54.0,2.0,3.5474425594985575,27.0
ENSG00000218891,68.0,2.0,3.74817918744219,34.0
ENSG00000188095,67.0,,3.135684764676876,
ENSG00000112592,45.0,10.0,5.141623681106136,4.5
ENSG00000164684,54.0,4.0,5.277323353483887,13.5
ENSG00000160336,58.0,1.0,3.2899272289445607,58.0
ENSG00000172006,81.0,1.0,4.068631362634638,81.0
ENSG00000132170,101.0,4.0,7.217761725390672,25.25
ENSG00000257591,44.0,4.0,3.8709511432954127,11.0
ENSG00000171940,68.0,4.0,5.362959242705077,17.0
ENSG00000170365,104.0,5.0,8.433037918305793,20.8
ENSG00000116035,45.0,,4.903513079702453,
ENSG00000161653,111.0,,7.169291602000524,
ENSG00000178175,27.0,,2.3627817836365983,
ENSG00000204390,55.0,,3.2315246227782164,
ENSG00000214575,79.0,1.0,4.852110605108064,79.0
ENSG00000174576,101.0,,5.665395467422744,
ENSG00000167157,39.0,1.0,3.0494055553816675,39.0
ENSG00000170684,63.0,1.0,5.169893151713477,63.0
ENSG00000221818,47.0,,3.7308922285464368,
ENSG00000198914,27.0,1.0,2.5104935164295528,27.0
ENSG00000170689,34.0,1.0,3.2605592688690628,34.0
ENSG00000131061,91.0,,5.483735571568675,
ENSG00000173258,47.0,,3.566138865431801,
ENSG00000256463,69.0,,4.960638407026,
ENSG00000198464,109.0,2.0,3.8165519966481734,54.5
ENSG00000101190,59.0,1.0,4.404106493261131,59.0
ENSG00000121068,37.0,,5.289727657166905,
ENSG00000028839,92.0,5.0,9.081314991607789,18.4
ENSG00000121417,43.0,1.0,3.3806520959380904,43.0
ENSG00000198597,87.0,,4.086789816187057,
ENSG00000197363,84.0,2.0,5.646246757840066,42.0
ENSG00000250312,20.0,,1.4473479270577265,
ENSG00000127989,82.0,2.0,6.396209228166602,41.0
ENSG00000175691,40.0,1.0,2.3382784185583576,40.0
ENSG00000142149,53.0,1.0,4.393797356982616,53.0
ENSG00000105708,16.0,1.0,1.6532391542813953,16.0
ENSG00000114315,67.0,,5.0275264900203105,
ENSG00000198911,100.0,,5.9434447195051465,
ENSG00000164853,73.0,,3.9393145351306686,
ENSG00000213928,61.0,1.0,5.877539915547287,61.0
ENSG00000063587,54.0,2.0,2.9097289035329412,27.0
ENSG00000196456,43.0,2.0,3.424281907527806,21.5
ENSG00000143379,101.0,22.0,11.783778581541167,4.590909090909091
ENSG00000125968,88.0,,6.19437236538386,
ENSG00000188295,48.0,1.0,3.618249307868467,48.0
ENSG00000092607,43.0,,1.8295684878172702,
ENSG00000010030,35.0,,3.843331601861657,
ENSG00000176293,42.0,2.0,3.9145144060036516,21.0
ENSG00000198939,59.0,,5.33236208759168,
ENSG00000130684,85.0,2.0,5.643813483515846,42.5
ENSG00000106571,48.0,2.0,3.703124099109577,24.0
ENSG00000125878,71.0,,5.398887577244293,
ENSG00000140548,45.0,2.0,2.902142322129601,22.5
ENSG00000197779,30.0,1.0,2.4535882046896687,30.0
ENSG00000183864,127.0,5.0,10.122256575907512,25.4
ENSG00000273706,57.0,,3.992924609344987,
ENSG00000134453,42.0,2.0,2.9551920950090684,21.0
ENSG00000168795,77.0,2.0,4.620239778973874,38.5
ENSG00000140265,49.0,2.0,3.8164285264718716,24.5
ENSG00000131196,80.0,,5.808498445766805,
ENSG00000102554,41.0,1.0,3.845758250557233,41.0
ENSG00000125945,38.0,,1.8389720906200155,
ENSG00000120669,84.0,,5.375662991115731,
ENSG00000122691,36.0,,2.0216125196388472,
ENSG00000157259,105.0,8.0,8.618425074126321,13.125
ENSG00000167034,53.0,,3.221253577321628,
ENSG00000177679,118.0,,4.8537871279157345,
ENSG00000152467,42.0,,4.0626466493488165,
ENSG00000106004,42.0,3.0,5.379319656211588,14.0
ENSG00000100105,59.0,2.0,5.662900336268965,29.5
ENSG00000123358,66.0,,5.116991482384624,
ENSG00000173334,76.0,,3.6208544764050448,
ENSG00000101076,142.0,2.0,11.32091740776854,71.0
ENSG00000196482,105.0,1.0,7.095421633095276,105.0
ENSG00000251369,49.0,3.0,3.848347090612148,16.333333333333332
ENSG00000124920,47.0,,4.345035538266653,
ENSG00000188816,112.0,,7.369873313149323,
ENSG00000167081,48.0,6.0,5.689783906681453,8.0
ENSG00000111087,56.0,,2.6930890788237227,
ENSG00000101489,67.0,,4.097287267490364,
ENSG00000140382,54.0,6.0,5.18586172834877,9.0
ENSG00000141994,30.0,1.0,1.8171690821506774,30.0
ENSG00000081059,35.0,2.0,3.7222169435495513,17.5
ENSG00000162772,51.0,,3.3431869378869736,
ENSG00000213799,51.0,,3.4951261502068958,
ENSG00000237289,72.0,,4.180486729356364,
ENSG00000258405,22.0,,1.1763340298856302,
ENSG00000119508,76.0,,4.129789020318149,
ENSG00000064195,72.0,,4.287058254650133,
ENSG00000140563,49.0,,3.1553022453918884,
ENSG00000197935,51.0,,2.7938330750865834,
ENSG00000102908,53.0,2.0,4.658145668104588,26.5
ENSG00000278570,50.0,,4.22976318486796,
ENSG00000126603,120.0,,4.9750745237272005,
ENSG00000068305,57.0,2.0,3.8907283052544006,28.5
ENSG00000069011,99.0,,4.702417248477288,
ENSG00000144852,44.0,,1.9597531014223666,
ENSG00000172216,41.0,,2.269215067501175,
ENSG00000171817,63.0,,5.797613820897373,
ENSG00000172748,35.0,,3.0665028672001795,
ENSG00000127528,42.0,,2.6345228599761255,
ENSG00000173825,53.0,,2.498439684939631,
ENSG00000147421,54.0,,3.144700863291634,
ENSG00000142065,52.0,4.0,4.380518604719893,13.0
ENSG00000135439,34.0,,3.1049331411839205,
ENSG00000072310,66.0,,4.309553476784456,
ENSG00000179388,64.0,,4.234754863069524,
ENSG00000124664,83.0,,6.035943937842003,
ENSG00000136630,73.0,,3.3434310836784857,
ENSG00000196247,33.0,,3.252278106583217,
ENSG00000171827,53.0,,3.650069414229765,
ENSG00000170122,134.0,2.0,5.369797068713623,67.0
ENSG00000187821,90.0,,4.482402524616844,
ENSG00000166704,26.0,1.0,2.394479147013885,26.0
ENSG00000185869,40.0,2.0,2.6061566414286386,20.0
ENSG00000155090,21.0,,2.16330182111801,
ENSG00000167377,32.0,,1.7417050172212685,
ENSG00000228623,104.0,,4.877822708128812,
ENSG00000122877,101.0,,4.419744846709118,
ENSG00000116918,143.0,2.0,5.033878552893378,71.5
ENSG00000213973,47.0,,2.225289437435128,
ENSG00000233608,50.0,,2.9202034822258325,
ENSG00000113722,67.0,,3.8391118976956533,
ENSG00000185252,60.0,,2.9683541514896024,
ENSG00000204531,74.0,,3.6821709338534143,
ENSG00000130522,56.0,,2.048333916370722,
ENSG00000179588,38.0,,2.384908150218309,
ENSG00000235268,91.0,,6.0786800558953615,
ENSG00000089902,75.0,2.0,4.394552168209483,37.5
ENSG00000213967,52.0,,3.245396571803973,
ENSG00000125740,128.0,,6.194373903751863,
ENSG00000277462,49.0,,3.9683748873970406,
ENSG00000214652,57.0,,3.1247743493316116,
ENSG00000198342,81.0,,3.7959034359566313,
ENSG00000101191,83.0,13.0,6.358779095534619,6.384615384615385
ENSG00000092067,57.0,,2.995072669471156,
ENSG00000198298,76.0,1.0,4.75041672855601,76.0
ENSG00000182759,77.0,,4.565879538441233,
ENSG00000158055,51.0,,3.1035140710792177,
ENSG00000106536,80.0,,3.9734017922345726,
ENSG00000171056,94.0,,6.613345988700836,
ENSG00000131845,56.0,2.0,3.915178298245736,28.0
ENSG00000197279,102.0,,6.051158097605004,
ENSG00000167637,36.0,3.0,2.0713467430025476,12.0
ENSG00000066336,47.0,,4.099439790562935,
ENSG00000116132,66.0,,4.007901309840123,
ENSG00000205922,37.0,,1.9157866402298573,
ENSG00000196767,63.0,,2.2150005533146526,
ENSG00000183340,79.0,3.0,6.4891818602426525,26.333333333333332
ENSG00000162924,29.0,,1.9802567434053142,
ENSG00000197020,31.0,,2.0679000321974543,
ENSG00000173041,39.0,1.0,2.2624453610978468,39.0
ENSG00000120738,81.0,,3.9288134824965253,
ENSG00000181450,63.0,1.0,4.353037800704845,63.0
ENSG00000103241,45.0,,2.42014556782362,
ENSG00000184635,43.0,,1.6982287409937975,
ENSG00000170166,61.0,,3.640773331888075,
ENSG00000143476,83.0,,4.717579701732537,
ENSG00000116001,63.0,9.0,5.385523835975172,7.0
ENSG00000133740,27.0,1.0,1.8871473800664134,27.0
ENSG00000175395,60.0,,3.4242000911433967,
ENSG00000160094,75.0,1.0,2.940941152505266,75.0
ENSG00000197841,41.0,2.0,3.7108928238420735,20.5
ENSG00000187815,40.0,,2.472568055548876,
ENSG00000261678,48.0,,2.6106090524946564,
ENSG00000179909,32.0,,2.632169041236433,
ENSG00000100625,34.0,,2.544033561962492,
ENSG00000154957,49.0,,3.0490628305430736,
ENSG00000080007,63.0,,3.8860952268401134,
ENSG00000160201,93.0,,2.773818265772371,
ENSG00000159387,65.0,,4.6709659643774994,
ENSG00000179965,57.0,,2.491396165988899,
ENSG00000106852,51.0,,2.8952153322206864,
ENSG00000158691,45.0,2.0,3.4384460297372654,22.5
ENSG00000101057,63.0,,3.7302040988663325,
ENSG00000188779,19.0,,1.7385229451670807,
ENSG00000131127,98.0,,3.2024922825590796,
ENSG00000257315,29.0,,1.5449545187820368,
ENSG00000077092,49.0,,2.731485434714666,
ENSG00000152439,73.0,,4.246038381731679,
ENSG00000170577,21.0,,1.0354820731426455,
ENSG00000129911,96.0,,4.416573136833396,
ENSG00000127483,55.0,1.0,2.4991680457978114,55.0
ENSG00000198807,59.0,,2.7454249952052043,
ENSG00000129194,20.0,,1.3526207638339982,
ENSG00000196109,34.0,,2.2234655605336204,
ENSG00000198633,60.0,,3.0498482237678295,
ENSG00000078401,46.0,,2.410749969500362,
ENSG00000150051,59.0,,3.0549923976348814,
ENSG00000136866,27.0,1.0,1.537277189317328,27.0
ENSG00000109819,78.0,,4.189534989393564,
ENSG00000012817,49.0,,2.3060936271145556,
ENSG00000180532,94.0,,4.108528902915703,
ENSG00000179111,59.0,,4.031446342458371,
ENSG00000242441,103.0,,3.9397108723409424,
ENSG00000197472,62.0,,2.643713798044468,
ENSG00000172818,97.0,,3.6759536320856614,
ENSG00000273274,59.0,,2.4506417344511298,
ENSG00000059728,50.0,,2.5882369985460074,
ENSG00000110777,35.0,,1.2574796611045376,
ENSG00000137265,38.0,,1.8938884817785648,
ENSG00000196597,32.0,,2.597896140446199,
ENSG00000168612,52.0,,3.4610880082467514,
ENSG00000171786,67.0,,3.8970411573843355,
ENSG00000189190,47.0,,3.1428516166072105,
ENSG00000148200,39.0,,2.3459615659622446,
ENSG00000170549,42.0,,1.8205423410310038,
ENSG00000185669,49.0,,3.2648495354686777,
ENSG00000128709,54.0,,2.30537938552572,
ENSG00000097007,52.0,,3.214988188927705,
ENSG00000124440,43.0,,1.9349334493281674,
ENSG00000167840,34.0,,1.3003752137350824,
ENSG00000135547,68.0,,3.9808078136997676,
ENSG00000213020,69.0,,2.6558670733757292,
ENSG00000104177,49.0,1.0,2.6353306206434013,49.0
ENSG00000126778,72.0,,3.1001791883165386,
ENSG00000251493,43.0,,1.8605063377167674,
ENSG00000164107,62.0,,2.596645146616081,
ENSG00000178150,45.0,,2.524720950870868,
ENSG00000184492,29.0,,2.019182934831291,
ENSG00000196267,34.0,,2.174231203301546,
ENSG00000153234,72.0,,2.961039793497549,
ENSG00000183734,76.0,,3.042598894723645,
ENSG00000088881,54.0,,2.8003072938078946,
ENSG00000172733,32.0,,1.9171266763704211,
ENSG00000197608,34.0,,1.4495846368613738,
ENSG00000170345,38.0,,1.443482988822707,
ENSG00000256229,32.0,,0.9192209112602356,
ENSG00000012223,79.0,,3.269549648155041,
ENSG00000205927,88.0,,3.6226051080083432,
ENSG00000102317,52.0,,2.132823963959841,
ENSG00000172466,38.0,13.0,1.4341494506435701,2.923076923076923
ENSG00000172059,46.0,,2.0558484879105543,
ENSG00000112837,40.0,,1.773859974825483,
ENSG00000184058,46.0,,1.9433641950282698,
ENSG00000204335,58.0,,2.2210751132054902,
ENSG00000140009,72.0,,2.3418007537758134,
ENSG00000197124,32.0,,1.350268869675739,
ENSG00000105750,56.0,,2.059682570418448,
ENSG00000187607,56.0,,1.7858804368923002,
ENSG00000170100,105.0,1.0,3.0481320031524564,105.0
ENSG00000161082,39.0,,1.4719408740403885,
ENSG00000174652,40.0,,1.30777925176361,
ENSG00000063438,34.0,,1.506313320113762,
ENSG00000204524,19.0,,0.754657386599263,
ENSG00000189120,28.0,,0.904155983981339,
ENSG00000062370,44.0,,1.2459695111757074,
ENSG00000160229,70.0,,2.2492041879329734,
ENSG00000196453,44.0,,1.2348923292611653,
