,tissue,num_non_tfs,num_tfs,mae,f1_005,f1_001,abs_time_saving,rel_time_saving,abs_emission_saving,rel_emission_saving,total_runtime,num_samples
0,Adipose_Tissue,1,-1,0.0150602015462775,0.8120611432542673,0.8719800234656707,817550.1564948559,264.0179752169512,34.72712571178474,359.8952569235115,3108.343282699585,1204
1,Adipose_Tissue,2,-1,0.0148294212128749,0.8194203139043085,0.8737778415517844,817443.8046307564,255.283459955665,34.729655920823234,369.55885583670766,3214.6951467990875,1204
2,Adipose_Tissue,3,-1,0.0141568651261044,0.8313260883334089,0.8738016217149124,817617.3507494926,269.85145818398325,34.7406557771585,418.3999019645924,3041.1490280628204,1204
3,Adipose_Tissue,4,-1,0.0137026452684073,0.8393693679827094,0.8752740426775797,817627.5653572083,270.760889535691,34.732661757573126,381.7356939003945,3030.9344203472137,1204
4,Adipose_Tissue,5,-1,0.0135739548289944,0.8434852893150112,0.8745760856842748,817584.813002348,266.99483707872247,34.72702162210854,359.50851992327694,3073.6867752075195,1204
5,Adipose_Tissue,6,-1,0.0137122903731851,0.8427848427877973,0.8745682733216126,817694.2063724995,276.8479322518521,34.73311135312019,383.62636495167385,2964.293405056,1204
6,Adipose_Tissue,7,-1,0.0134706122903132,0.8436525391824684,0.8743847504954748,817678.9015817642,275.42589498703404,34.72951434691265,369.0044584017904,2979.5981957912445,1204
7,Adipose_Tissue,8,-1,0.0137013913269822,0.8425685263359404,0.8747237606952238,817678.5139288902,275.39006607871505,34.7300315135523,371.0377655545113,2979.9858486652374,1204
8,Adipose_Tissue,9,-1,0.0136696317267917,0.84250321814041,0.8756474638847226,817220.1451601982,238.67767903716688,34.71310896456813,314.3576545470809,3438.354617357254,1204
9,Adipose_Tissue,10,-1,0.0135198842782455,0.8436009416154565,0.8749876427922879,817617.0595622063,269.8256226231076,34.727759359615824,362.2675935748962,3041.4402153491974,1204
10,Adipose_Tissue,20,-1,0.0135667119232756,0.8431225577405724,0.8742473504457812,817347.706099987,247.8736459289956,34.712379637978586,312.3015603957361,3310.793677568436,1204
11,Adipose_Tissue,30,-1,0.0132749280527442,0.8481323146694437,0.8755759948171872,817373.6493759155,249.8313163265662,34.719979615465874,335.1438972693593,3284.8504016399384,1204
12,Adipose_Tissue,40,-1,0.0134512222322678,0.8482386173416082,0.8750595539748675,815964.4355332851,174.8289876473823,34.6794060717825,241.0277626723177,4694.064244270325,1204
13,Adipose_Tissue,50,-1,0.0133417422532918,0.847481227951856,0.8746666828827788,816015.7617020607,176.7617484408917,34.64184471951771,191.2957199222635,4642.738075494766,1204
14,Adipose_Tissue,60,-1,0.0133195266126556,0.848181626701712,0.8749696056022954,816063.790523529,178.60945152479454,34.63964642585431,189.0132453046133,4594.709254026413,1204
15,Adipose_Tissue,70,-1,0.0132695472565254,0.8498661357863665,0.876245015013695,814590.9712252617,135.25416365240054,34.587745332147485,147.4703906681122,6067.5285522937775,1204
16,Adipose_Tissue,80,-1,0.0132974250845792,0.8490064216309238,0.875716970688596,814637.5193049908,136.29981088910387,34.589475964010866,148.55914949027095,6020.980472564697,1204
17,Adipose_Tissue,90,-1,0.0132399382890687,0.8500655985921075,0.8762636135582598,814568.1269402504,134.74684090780374,34.605492901951635,159.45442534511986,6090.372837305069,1204
18,Adipose_Tissue,100,-1,0.0132711260297261,0.849023520941787,0.8749610388820553,813232.8337557316,110.516483957891,34.575119809259945,139.98591630342122,7425.666021823883,1204
19,Adrenal_Gland,1,-1,0.01690033038956,0.8137554408555896,0.8616929660691336,180918.8659236431,139.16299829193338,7.405376502504328,195.66279575286785,1309.4596104621887,258
20,Adrenal_Gland,2,-1,0.0160409836799628,0.8290732842499482,0.8629370731529162,181092.60268878937,160.4514043947169,7.410887122847394,228.8068227729683,1135.7228453159332,258
21,Adrenal_Gland,3,-1,0.0155337557353507,0.8382726882229028,0.8646148671375715,181080.6293625832,158.77749709003876,7.411395945888654,232.4424448560376,1147.6961715221405,258
22,Adrenal_Gland,4,-1,0.0156285857208728,0.8374289337005608,0.8627208221260246,181214.95038080213,179.82316315939173,7.417395077012087,286.02681001262266,1013.3751533031464,258
23,Adrenal_Gland,5,-1,0.0152650338117929,0.8387174654881032,0.8643658872236771,181166.6503624916,171.64225971030984,7.415797980179263,269.48797409549394,1061.6751716136932,258
24,Adrenal_Gland,6,-1,0.0151651201406119,0.842301060146638,0.8666566972186692,181179.9114973545,173.81332102235172,7.416409746177234,275.59203623906984,1048.4140367507937,258
25,Adrenal_Gland,7,-1,0.0153029298975542,0.8427193201298009,0.8654130652563894,180992.1694524288,147.4153047784759,7.411927836393421,236.36848560503145,1236.1560816764832,258
26,Adrenal_Gland,8,-1,0.0152876402918029,0.8417614338911249,0.865716097430438,180948.58073806763,142.39426962181665,7.407118830834862,205.05428941075724,1279.744796037674,258
27,Adrenal_Gland,9,-1,0.0153631040066433,0.8430537549244213,0.8669309214396415,180727.10220241547,121.38655301139111,7.405473865247692,196.16484902676424,1501.2233316898346,258
28,Adrenal_Gland,10,-1,0.0152749482397814,0.8427562903787528,0.8668212527278826,180934.4736361504,140.8417190732069,7.405308123429355,195.31173089107395,1293.8518979549408,258
29,Adrenal_Gland,20,-1,0.015029825559196,0.8410384373551965,0.8656741606544546,180471.78377342224,103.7426661938529,7.398850785564081,167.01340589688346,1756.5417606830597,258
30,Adrenal_Gland,30,-1,0.015048612542128,0.8455690306415186,0.8656584455189527,180348.2699701786,96.92709568301376,7.386986717176736,131.90099796085167,1880.0555639266968,258
31,Adrenal_Gland,40,-1,0.0151553065731158,0.8441780875645752,0.8663305619521102,179934.8256354332,79.45425488774266,7.376816553002121,111.75964592226217,2293.499898672104,258
32,Adrenal_Gland,50,-1,0.0152495028801513,0.8443025927612029,0.8665409601729287,179776.027875185,74.30921971125555,7.369630871435152,100.87613591630968,2452.297658920288,258
33,Adrenal_Gland,60,-1,0.0148961954399384,0.8468942102973013,0.8671435292477653,180024.40035939217,82.68353555053172,7.374096992231857,107.37519407431348,2203.9251747131348,258
34,Adrenal_Gland,70,-1,0.0149560289468409,0.8445649154699473,0.8672096018701316,179982.93816900253,81.15674309308541,7.367840575899847,98.4865768641732,2245.387365102768,258
35,Adrenal_Gland,80,-1,0.015040279670029,0.8466994438623358,0.8671768870737376,179775.20820498466,74.28439046550957,7.364426524412327,94.22996832102857,2453.117329120636,258
36,Adrenal_Gland,90,-1,0.0149641094036761,0.8471640826354351,0.8668931501771031,179642.49865865707,70.47197446368789,7.371837650498326,103.9860613781977,2585.826875448227,258
37,Adrenal_Gland,100,-1,0.0149376992685501,0.8461222546036571,0.8675308214897223,180083.4949016571,84.96163882464813,7.36975091337263,101.04051423737774,2144.8306324481964,258
38,Bladder,1,-1,0.0258075855549461,0.7998621279297361,0.7785780372090849,214189.04380202293,242.43989162899337,4.631701016781399,222.51483379344623,887.1319580078125,21
39,Bladder,2,-1,0.0248724450841147,0.8099570476340153,0.7804890050409509,214002.98443984985,200.40804627806563,4.6251501029159074,169.43148587819317,1073.191320180893,21
40,Bladder,3,-1,0.0251176276905364,0.8046926935175405,0.7812303781607117,214223.7893702984,252.32239551309837,4.628964122788522,196.76008727854256,852.3863897323608,21
41,Bladder,4,-1,0.0246209454342303,0.8099799307359433,0.7807329466448945,214431.2221724987,333.47543128341005,4.6353069444329975,268.8859326579872,644.9535875320435,21
42,Bladder,5,-1,0.0255133360839311,0.8060188405897765,0.7855971314241307,214246.66322135925,259.2801985904712,4.6329941357140205,237.18330611188844,829.5125386714935,21
43,Bladder,6,-1,0.0252665422478004,0.809611588919982,0.7767471622224732,214553.94525694847,411.8414655800876,4.639648440285849,358.9481182108026,522.2305030822754,21
44,Bladder,7,-1,0.025190338928472,0.808624767466469,0.7834241217677824,214249.99960303307,260.3272606433189,4.630530302343602,210.71672802545388,826.1761569976807,21
45,Bladder,8,-1,0.0258214342411842,0.8077702561569018,0.7830393529489249,214220.46767306328,251.34292761242463,4.630005849185356,205.82780619939044,855.7080869674683,21
46,Bladder,9,-1,0.0248781543944453,0.8108684853590592,0.7832880499159989,214208.1625683308,247.7798469154709,4.631749122411516,223.0279520904012,868.0131916999817,21
47,Bladder,10,-1,0.0252282225497871,0.8083089503618947,0.7886110752812269,214032.66651654243,206.10854872838487,4.624003190720114,162.6386461249135,1043.5092434883118,21
48,Bladder,20,-1,0.0254110414201257,0.8069644186752603,0.7864700473384872,214307.9112648964,279.9506903184669,4.631725284178702,222.77338633060683,768.2644951343536,21
49,Bladder,30,-1,0.0252470015902655,0.8121401547507969,0.7832475942299245,214093.5283281803,218.87420532409945,4.625624245062482,172.40838692166247,982.6474318504332,21
50,Bladder,40,-1,0.0250375677366312,0.8069579140148926,0.7843994574718023,213899.14350366592,182.72751200912515,4.619249097899546,139.46199839044382,1177.0322563648224,21
51,Bladder,50,-1,0.0250583568045944,0.811197769952839,0.7849250048488244,213782.60420703888,166.2653876877447,4.617756300784363,133.4888277848626,1293.571552991867,21
52,Bladder,60,-1,0.0253050973231965,0.8093568634061251,0.7855037913098885,213572.8003759384,143.06219061175057,4.616945419205192,130.45380173710237,1503.375384092331,21
53,Bladder,70,-1,0.0251612080513825,0.8093749337241506,0.7830763512525276,213473.3561728001,134.18614139326485,4.609144959846222,107.04201660921277,1602.8195872306824,21
54,Bladder,80,-1,0.0253698386742794,0.8105147070131,0.785921525190481,213381.72201299667,126.92950523818924,4.608745540231857,106.06732191362042,1694.4537470340729,21
55,Bladder,90,-1,0.0255370225044302,0.8071066526448551,0.7866049459944118,213316.3247323036,122.21271708310717,4.611254546315886,112.50231533249207,1759.851027727127,21
56,Bladder,100,-1,0.0256787192554294,0.8082249253287356,0.7866053113045407,213118.24375724792,109.84864410732423,4.606636172568936,101.20077350190888,1957.9320027828217,21
57,Blood,1,-1,0.0181018405654616,0.8028260025816241,0.912875508093417,509855.8769350052,233.7280787296264,21.578174213341804,385.60632762285326,2190.7793838977814,929
58,Blood,2,-1,0.017816065450549,0.8050617034486297,0.9143653278602568,509897.30853033066,238.23350462003464,21.56683894766012,320.7937452486869,2149.3477885723114,929
59,Blood,3,-1,0.01751221084866,0.8083436355578363,0.9118736484723426,509968.3526995182,246.37721435065524,21.5712834666526,343.4267579108643,2078.3036193847656,929
60,Blood,4,-1,0.0170642538896035,0.8119811770237113,0.9148998566602128,510011.1616153717,251.55882519889732,21.57909122301407,392.0136539052672,2035.4947035312653,929
61,Blood,5,-1,0.0172394868652188,0.8114825511849609,0.9139824919055044,509995.2768061161,249.61088532237076,21.571487314455428,344.54166709657136,2051.379512786865,929
62,Blood,6,-1,0.0169501090610337,0.8147733325473535,0.9138909435013192,510059.8436295986,257.7226625717733,21.580368650595187,401.3026129549239,1986.812689304352,929
63,Blood,7,-1,0.0166620561242495,0.8184170547893507,0.9150487110828583,509604.2332649231,209.6469960372076,21.56932086257531,333.0506451186065,2442.4230539798737,929
64,Blood,8,-1,0.0166046627757537,0.818751865280697,0.9157362263590676,509470.4084587097,198.75675172050128,21.553760651459434,268.6882715227731,2576.247860193253,929
65,Blood,9,-1,0.016655686680842,0.8203775627551171,0.9149936027335004,509470.26863884926,198.74596524550532,21.565699511386114,315.4637964543776,2576.387680053711,929
66,Blood,10,-1,0.016493683262216,0.8213679080841721,0.9140215006122075,509438.4682617188,196.3227516928763,21.5512043120405,260.4202876871319,2608.18805718422,929
67,Blood,20,-1,0.0163702939063249,0.8254660970071804,0.91499225813794,509692.4188184738,217.4999999896196,21.56547339893952,314.4271001670027,2354.237500429153,929
68,Blood,30,-1,0.0163117251507647,0.8221953779013674,0.9162845170237556,509936.10352516174,242.61257895910504,21.553817425452163,268.87785948889086,2110.552793741226,929
69,Blood,40,-1,0.016299539498916,0.8223235443466486,0.9145805819324844,508901.9521141052,162.82824169525853,21.52308782923478,194.5686873584997,3144.7042047977448,929
70,Blood,50,-1,0.0163486256333632,0.8238732276826931,0.9158886051115804,508880.94581890106,161.74778341815983,21.531441204497632,210.3732717636575,3165.710500001908,929
71,Blood,60,-1,0.0162823104296679,0.8260513766852032,0.9154487063276004,508859.8323163986,160.67616407950794,21.51176260037587,176.5830238669406,3186.8240025043488,929
72,Blood,70,-1,0.0163080651104328,0.8265703957353827,0.9147479962327828,507964.99912428856,125.45067650329108,21.475908834028637,136.60595535392696,4081.6571946144095,929
73,Blood,80,-1,0.0161497848762343,0.8257995305460143,0.9160696329344477,507907.02592515945,123.69381022344204,21.46252174221377,125.9586106456549,4139.630393743515,929
74,Blood,90,-1,0.0161617144758788,0.8260215981806485,0.916411032611869,507871.16722631454,122.6315396746685,21.46121632224652,125.00849771860558,4175.489092588425,929
75,Blood,100,-1,0.0161997474970732,0.8258178762198839,0.916329647796599,506855.47921180725,98.63787070932264,21.42532973033758,103.5385327203404,5191.177107095718,929
76,Blood_Vessel,1,-1,0.0155384599373864,0.8040756547021657,0.8516228220575736,868346.9176273346,262.2184704909514,36.642848164531785,370.2804300895946,3324.2171428203583,1335
77,Blood_Vessel,2,-1,0.0151636253616018,0.8104219847689378,0.8521763845242055,868315.3766756058,259.7538649123805,36.64144748467568,365.1263738059484,3355.758094549179,1335
78,Blood_Vessel,3,-1,0.0142514457550238,0.8305169783125795,0.8546601297755606,868458.0737128258,271.28993791818016,36.64547230334012,380.338726314094,3213.061057329178,1335
79,Blood_Vessel,4,-1,0.0145001800274545,0.8302808441424407,0.852843908384985,868403.7393035889,266.7785836424171,36.63595797486271,346.23827872460447,3267.395466566086,1335
80,Blood_Vessel,5,-1,0.0142438622753882,0.834199498798667,0.8560738016902135,868312.3695149422,259.52130278152856,36.65086037318559,402.8052127168445,3358.765255212784,1335
81,Blood_Vessel,6,-1,0.0142319526987791,0.8344738117714415,0.8578053148748729,868432.1829214096,269.12136255060693,36.65217118623944,408.67812538560605,3238.951848745346,1335
82,Blood_Vessel,7,-1,0.0143505680092459,0.8307684671400001,0.8540200720784783,868470.8507847786,272.3730577515124,36.63273699505555,336.0385528846136,3200.283985376358,1335
83,Blood_Vessel,8,-1,0.0143515728402612,0.8324676728548535,0.8567438586521323,867836.3643224239,227.30725258559116,36.63879758688776,355.7580188974649,3834.770447731018,1335
84,Blood_Vessel,9,-1,0.0141969752631346,0.8352265435804028,0.8545300325094174,868447.6484475136,270.4125432912942,36.65063483114516,401.811681639515,3223.4863226413727,1335
85,Blood_Vessel,10,-1,0.0143309857825667,0.8342832370151521,0.8562354292664797,868400.989790678,266.55427824780475,36.64763260153155,389.03860628766193,3270.1449794769287,1335
86,Blood_Vessel,20,-1,0.0139698668174147,0.8393399260572906,0.855366750034178,868173.6463413239,249.2277394214217,36.63736505206533,350.8909403910996,3497.4884288311005,1335
87,Blood_Vessel,30,-1,0.0141122919647858,0.8379741415012807,0.8547538938393466,868227.1966376305,253.1030178905098,36.63040915821916,329.03339495086215,3443.9381325244904,1335
88,Blood_Vessel,40,-1,0.0137826288685678,0.843747089852925,0.8577687569312883,866844.9926195145,180.61447581987892,36.59172239175855,244.371313161614,4826.142150640488,1335
89,Blood_Vessel,50,-1,0.0138844741482962,0.8418689913301259,0.8567728151028636,866775.9102573395,178.06560914380117,36.55016884500309,191.4576951489377,4895.224512815476,1335
90,Blood_Vessel,60,-1,0.0138273465105501,0.8439898596870888,0.8576774072843516,866603.7733950615,172.01676972447584,36.53850506210042,180.487944321375,5067.36137509346,1335
91,Blood_Vessel,70,-1,0.0138680202067844,0.8421873445634512,0.8582001747152818,865152.5131158829,133.72016064145888,36.49571208691843,149.13749110068332,6518.62165427208,1335
92,Blood_Vessel,80,-1,0.0138085934358213,0.8431433909436535,0.8570588377860899,865119.8529987335,133.0535252769365,36.477616590071946,138.93283106943127,6551.2817714214325,1335
93,Blood_Vessel,90,-1,0.0137613550654379,0.8435297454882765,0.8583076623938011,865160.8586192131,133.89157611141417,36.47981895222821,140.09955115836553,6510.276150941849,1335
94,Blood_Vessel,100,-1,0.0139335897559604,0.8430463624050969,0.8578395450453135,863574.6998240948,107.66110523673387,36.420167335700114,114.13824873050702,8096.434946060181,1335
95,Brain,1,-1,0.0155756361039876,0.8690248246812066,0.8862974396799055,1877004.0339286327,280.3239703559313,78.94901963615794,442.6713635264824,6719.810088396072,2642
96,Brain,2,-1,0.0149745846477612,0.872325709780636,0.8851581345747465,1877149.3085989952,286.51816808988127,78.95203331875035,450.2626598206558,6574.5354180336,2642
97,Brain,3,-1,0.0149227915213131,0.8747109018085079,0.88810109852504,1877067.9602627757,283.0163376596309,78.91983383969139,380.538342267768,6655.883754253387,2642
98,Brain,4,-1,0.0149257775442799,0.8747124671865634,0.888704636649545,1877173.8686552048,287.5925083621154,78.91936411231707,379.6806454009416,6549.975361824036,2642
99,Brain,5,-1,0.0146975601452292,0.876864001698753,0.8891747771935713,1877277.61747694,292.22116726774584,78.91725066787235,375.8689619023153,6446.226540088654,2642
100,Brain,6,-1,0.0143461320105522,0.8802120673152845,0.8890098006808114,1877241.510192633,290.5934644907783,78.91576401650434,373.233255662902,6482.333824396133,2642
101,Brain,7,-1,0.0142187805510499,0.8802443218303152,0.8890055718271865,1876966.4271450045,278.7638945016961,78.89903801039712,345.9406352568507,6757.416872024536,2642
102,Brain,8,-1,0.0142741844637882,0.879908189800046,0.8914380493237057,1876761.171226263,270.5460820326521,78.93061860612848,401.3548945649461,6962.672790765762,2642
103,Brain,9,-1,0.0142192981415344,0.8804611367470937,0.8904214439536141,1876782.5148711205,271.37797450901905,78.88655272548776,328.0349390839151,6941.329145908356,2642
104,Brain,10,-1,0.0141236747811776,0.8818540957293822,0.8923998562713409,1877068.2285368445,283.0277454617608,78.8952860220411,340.35760992985365,6655.615480184555,2642
105,Brain,20,-1,0.0138668575445547,0.883754113385835,0.8922948976245139,1877140.1555905344,286.1198346562694,78.9176847137826,376.64552368853793,6583.688426494598,2642
106,Brain,30,-1,0.0138317853565062,0.8851591648100644,0.8924849482054118,1877077.178101778,283.40883505139374,78.85554267257984,290.6677422503276,6646.665915250778,2642
107,Brain,40,-1,0.0138284284266178,0.8854451008541168,0.8927395463278696,1873999.9174449444,193.72049244230692,78.817557197304,255.0755811141597,9723.926572084429,2642
108,Brain,50,-1,0.013765377213248,0.885465208620181,0.8923211659469222,1873637.799369812,186.76536837826063,78.79627430344624,238.69907074985983,10086.044647216797,2642
109,Brain,60,-1,0.0137982659399111,0.8863351961701994,0.8934843221189348,1873755.150545597,188.96396497850012,78.72642896524195,197.1583205605564,9968.693471431732,2642
110,Brain,70,-1,0.0138318011607958,0.8853822027435632,0.8931743296608887,1870615.1269347668,143.70009148843218,78.62636300438005,157.81138720834554,13108.71708226204,2642
111,Brain,80,-1,0.0136685265510267,0.8853389991476746,0.8927178817140641,1870345.8557407856,140.80770629483715,78.66989566223859,172.81538518308858,13377.98827624321,2642
112,Brain,90,-1,0.0136889634730192,0.8865422329599434,0.8930797578618687,1870364.6957256796,141.00628295568933,78.66123037831872,169.6055964270454,13359.148291349413,2642
113,Brain,100,-1,0.0137822255737325,0.8852092337707124,0.8940194579433791,1866959.0114643571,112.3616259272964,78.47689028194402,121.57045267692612,16764.832552671432,2642
114,Breast,1,-1,0.0158677919509685,0.8069211563140886,0.8719897642483436,322486.7658996582,207.44218014222776,12.644115760656074,275.13840301990933,1562.1166453361511,459
115,Breast,2,-1,0.0151906484139822,0.820267161270803,0.8713653627908221,322338.2283320427,189.42979831433144,12.640288266417944,254.05576217887972,1710.6542129516602,459
116,Breast,3,-1,0.0144389980959919,0.833700821174959,0.8729105521055085,322657.2948052883,232.8627030110561,12.650034905521666,315.64644877539865,1391.5877397060394,459
117,Breast,4,-1,0.0143101274088154,0.8333441100779805,0.8743097554562188,322538.234139204,214.50979678852607,12.644765655407111,279.0706299877294,1510.648405790329,459
118,Breast,5,-1,0.0144186355181574,0.8324970074215945,0.8749639123294414,322596.14090943336,223.0602294398067,12.645411335182631,283.09026343829066,1452.7416355609894,459
119,Breast,6,-1,0.0144182813614932,0.8314547617194458,0.8720319188807517,322478.96367836,206.41122890617805,12.64234078553174,264.942508586039,1569.918866634369,459
120,Breast,7,-1,0.0143325256722902,0.8370931057767168,0.8718911694299839,322568.3125705719,218.8676578230626,12.644376815182197,276.7045370370371,1480.5699744224548,459
121,Breast,8,-1,0.0145121632011031,0.8322280524974042,0.873695120931546,322248.7635138035,180.01525284170748,12.631028340446846,214.32401960252253,1800.1190311908722,459
122,Breast,9,-1,0.0144336611438694,0.8347934623104559,0.8739175041645063,322544.78932881355,215.4446805948772,12.648968737035055,307.492070153622,1504.0932161808014,459
123,Breast,10,-1,0.0143550921458769,0.8346452757578029,0.8750569183574111,322150.5427284241,170.7011988667294,12.632377075723207,219.3198266866667,1898.339816570282,459
124,Breast,20,-1,0.0141881870926787,0.8387082862539784,0.8746293856361785,322083.7011461258,164.89515050954745,12.626959897407998,200.54432282974133,1965.1813988685608,459
125,Breast,30,-1,0.0141599501074618,0.8392240537939112,0.8741332762080578,322220.55764222145,177.23812767278406,12.62873794823186,206.34225208778696,1828.3249027729037,459
126,Breast,40,-1,0.0138914501516645,0.8403240177433726,0.8741221029792522,321559.65694379807,130.18060009878604,12.619202582659792,178.64445343049988,2489.225601196289,459
127,Breast,50,-1,0.0139488246755546,0.8409284469950378,0.8747125586490532,321662.5758509636,135.79515296821987,12.61915941439775,178.53595836080112,2386.3066940307617,459
128,Breast,60,-1,0.0139697571080541,0.8420214779513472,0.8766940855133499,321764.0399699211,141.8254745776552,12.609374113995244,156.9316395701954,2284.842575073242,459
129,Breast,70,-1,0.0139356104553336,0.840997918557739,0.8757384682160755,321514.00985360146,127.83635393023674,12.593300984753403,130.9110337216001,2534.8726913928986,459
130,Breast,80,-1,0.0139060626899588,0.840279355366213,0.8749330768538304,321296.3502218724,117.72754849158176,12.585943149707612,121.6755465741753,2752.5323231220245,459
131,Breast,90,-1,0.0139388659503569,0.8395637265981543,0.8757967013877922,321434.0072402954,123.92517607347352,12.602705554027157,144.9760998078003,2614.875304698944,459
132,Breast,100,-1,0.013843473652599,0.8410429116582536,0.8742247057544674,320805.715770483,99.91742795706836,12.5702526763044,105.76415830849729,3243.1667745113373,459
133,Cervix_Uteri,1,-1,0.0255322244409246,0.7997363939955928,0.7460046188700024,212645.8643667698,223.81908963192976,4.155936731817991,157.4833193320432,954.3431162834167,19
134,Cervix_Uteri,2,-1,0.0248531026685716,0.8084408612930332,0.7515093703104824,212790.7729198933,263.8881723177,4.160837171389515,193.116394609822,809.4345631599426,19
135,Cervix_Uteri,3,-1,0.0252330211406469,0.8098368087854784,0.7504894842172949,212803.18818306923,267.9987893484474,4.160295903569303,188.4077630589049,797.0192999839783,19
136,Cervix_Uteri,4,-1,0.0252122085360855,0.8082976167359344,0.7520076503865519,212953.61889338493,330.3494848132701,4.166755812359971,265.736508988772,646.5885896682739,19
137,Cervix_Uteri,5,-1,0.024176312465362,0.8102714254097141,0.7559333775943192,212965.1170668602,336.3303901883139,4.165237284551594,242.3541169009549,635.0904161930084,19
138,Cervix_Uteri,6,-1,0.025475628503261,0.8083107955026891,0.7527396839852856,212931.5444600582,319.443725968756,4.167276228474848,274.8235063123311,668.6630229949951,19
139,Cervix_Uteri,7,-1,0.0247534660538511,0.8117881429120914,0.7558741272869484,212535.7340893745,200.66279603746784,4.153278180711616,143.1533382906865,1064.4733936786652,19
140,Cervix_Uteri,8,-1,0.024959340482597,0.8084487542175636,0.755270973011068,212464.4555363655,188.0694178918168,4.152212464734584,138.11543602529983,1135.7519466876984,19
141,Cervix_Uteri,9,-1,0.0242959889615369,0.812155341969593,0.755682217899112,212742.17132782936,248.94080066745985,4.162342650609779,207.54308603604355,858.0361552238464,19
142,Cervix_Uteri,10,-1,0.0243907377676104,0.813919198302192,0.7571429600547491,212701.85934710503,237.76996793966092,4.161436155292035,198.60925213388344,898.3481359481812,19
143,Cervix_Uteri,20,-1,0.0246085259786866,0.8139114622800963,0.7559141161907201,212512.25664567947,196.3325916441913,4.159688940547329,183.3934728731901,1087.9508373737335,19
144,Cervix_Uteri,30,-1,0.0250654389384667,0.8083087305701838,0.7552225068032655,212576.87627339363,208.73027761374533,4.158466873876211,174.0661367451315,1023.3312096595764,19
145,Cervix_Uteri,40,-1,0.0248106730234282,0.8132425739883601,0.7578628126941225,212452.84537553787,186.1663428519652,4.150048823416677,128.90536379030908,1147.362107515335,19
146,Cervix_Uteri,50,-1,0.0246383410307743,0.8107647282537429,0.7613856097353784,212277.9248485565,161.5389946978753,4.147973082732826,121.15453198065944,1322.2826344966888,19
147,Cervix_Uteri,60,-1,0.0248677656478518,0.8107509754245198,0.7597822012268776,212316.77148342133,166.4284058919327,4.147657221545716,120.05607104588252,1283.4359996318815,19
148,Cervix_Uteri,70,-1,0.0252173165484849,0.8140085204075166,0.7576198050677808,211938.3024349213,128.52732334085488,4.142844163325045,105.48296477484668,1661.9050481319427,19
149,Cervix_Uteri,80,-1,0.0251754563958047,0.8122882316350346,0.7575899406717193,211987.51118421555,132.44912116249284,4.138724644291136,95.555277627511,1612.6962988376615,19
150,Cervix_Uteri,90,-1,0.0246621636821668,0.8147030640105533,0.7565874031390533,211985.60648345947,132.29287454720964,4.1386934178407335,95.4871557172618,1614.6009995937347,19
151,Cervix_Uteri,100,-1,0.0247141326610646,0.812388520945776,0.7570632440019361,211656.16944932935,109.87450028120033,4.129910084469056,79.5378209110235,1944.0380337238312,19
152,Colon,1,-1,0.0159736674642766,0.7891133012644741,0.8957944945854734,546189.2902503014,236.6713273688303,21.784417899065208,303.2089296658363,2317.5890607833862,779
153,Colon,2,-1,0.0158393777121887,0.7923281891047811,0.8944941131586404,546230.2709107399,240.93158894959703,21.7880945295573,319.5052406509632,2276.6084003448486,779
154,Colon,3,-1,0.0151406875388658,0.8119180851661986,0.8988370649455358,546277.6916537285,246.0568438466928,21.78599889159165,310.00823237819463,2229.187657356262,779
155,Colon,4,-1,0.0151365944128691,0.811497825164282,0.8971126998337025,546268.6257240772,245.06020340815,21.789085846630726,324.203397147149,2238.2535870075226,779
156,Colon,5,-1,0.0151558217198469,0.8125861698302106,0.8971411614521512,546224.7052037716,240.3440112449841,21.78567666120506,308.5978012240841,2282.174107313156,779
157,Colon,6,-1,0.0148837484967081,0.8157663443986208,0.8976589399923235,546329.4567658901,251.90649399749705,21.78465376076029,304.20429862975675,2177.422545194626,779
158,Colon,7,-1,0.0149252340106366,0.8169571924847534,0.8987949063603023,546055.1998400688,223.72699441162823,21.780194952637977,286.4288629218963,2451.67947101593,779
159,Colon,8,-1,0.0146940519741131,0.8217989957269242,0.8988644403813687,545660.4006934166,192.69664486727257,21.76571097323287,240.73452382007932,2846.478617668152,779
160,Colon,9,-1,0.014763556662594,0.8179466847815706,0.8984183338213722,546256.0939955711,243.69577832700585,21.795077907492587,355.83025084943347,2250.785315513611,779
161,Colon,10,-1,0.0148156057377681,0.8179121140388055,0.8972063217971934,545697.9215478897,195.27060410021537,21.780334628692447,286.9541183454426,2808.957763195038,779
162,Colon,20,-1,0.0143296017737607,0.8270088845783439,0.8979366745435258,546047.1331598759,222.99328694609935,21.77601742431271,271.5618315778794,2459.7461512088776,779
163,Colon,30,-1,0.0142581052703816,0.8278151349468443,0.8995312561326388,545905.533437252,210.85503655188307,21.778696989560714,280.914300192656,2601.345873832702,779
164,Colon,40,-1,0.0142302339721408,0.8312111281042895,0.8993510258541799,545060.8602495193,159.17116809618526,21.734017343720808,178.44297228970683,3446.019061565399,779
165,Colon,50,-1,0.0142769888495972,0.829384200607879,0.8995373059364574,544986.2683188915,155.7987748511185,21.744567946699004,195.2625476223156,3520.610992193222,779
166,Colon,60,-1,0.0140433267805821,0.8317249575055644,0.9002379086430811,545295.2202179432,170.7861461642713,21.733001507603213,176.97521283197975,3211.659093141556,779
167,Colon,70,-1,0.0142715473399814,0.8304124116756597,0.8999137030349398,544526.431694746,137.80030091580727,21.726765906372304,168.46911417689623,3980.44761633873,779
168,Colon,80,-1,0.0141485605306968,0.8294308978114768,0.8995328218627008,544403.1098444462,133.65928173357452,21.700122665936096,139.7660438855335,4103.769466638565,779
169,Colon,90,-1,0.0142342599329425,0.8306069241022394,0.8993287085383956,544339.891203165,131.6314962043217,21.714163182546283,153.55279138252268,4166.988107919693,779
170,Colon,100,-1,0.0141799413514759,0.830079008344795,0.8992960245514768,543198.9845614433,103.33793437560904,21.656205867079844,109.12101188480815,5307.8947496414185,779
171,Esophagus,1,-1,0.016681561275747,0.7858522707316217,0.8925756781312915,974639.4451475143,265.82051797149376,39.00104619502255,407.237987034912,3680.377383947373,1445
172,Esophagus,2,-1,0.0164759528819042,0.794047695220409,0.8909718914721857,974649.0322458744,266.5147683245911,38.97988111103802,333.6765843492852,3670.790285587311,1445
173,Esophagus,3,-1,0.0156026710081453,0.813680218874044,0.8961643048512423,974708.2099428176,270.8817179360785,38.99744495271436,392.51444625628193,3611.612588644028,1445
174,Esophagus,4,-1,0.015350650376184,0.819006569019834,0.8952445345352167,974885.1103248596,284.8331282751917,38.990198437760114,365.8950977938629,3434.712206602097,1445
175,Esophagus,5,-1,0.0150823287225499,0.8232605363300871,0.8958826666666667,974831.843243122,280.48326599931505,39.001634406820514,409.7484587591988,3487.979288339615,1445
176,Esophagus,6,-1,0.0152599748819378,0.8217470343735961,0.8961598526408521,974844.7982506752,281.5289170612745,39.00139872615605,408.7388729948851,3475.0242807865143,1445
177,Esophagus,7,-1,0.0152667382042415,0.8229685251527012,0.896313496044132,974489.6662242413,255.42556074987644,38.97384016399658,317.31671963145817,3830.156307220459,1445
178,Esophagus,8,-1,0.0149882551540684,0.8252446801982287,0.8953308662310021,974522.5034661292,257.6343482598086,38.99459062950869,381.5799119973366,3797.3190653324127,1445
179,Esophagus,9,-1,0.0149738076788846,0.8246898485029226,0.896472271094519,974665.7721531392,267.73572371505213,38.97251213108963,313.9329970397683,3654.050378322601,1445
180,Esophagus,10,-1,0.0150379579324273,0.8253102087138686,0.8939810701952429,974597.8738193512,262.85150554283393,38.9735242123737,316.50510427223884,3721.94871211052,1445
181,Esophagus,20,-1,0.014734298910201,0.8293359453306578,0.8963487552635294,974629.115960598,265.0765656242644,38.96337389156296,292.47246514826577,3690.706570863724,1445
182,Esophagus,30,-1,0.0147086492226024,0.8308138216319123,0.8956948359304366,974458.6107718945,253.3711910794308,38.95439349435784,274.0611822589733,3861.2117595672607,1445
183,Esophagus,40,-1,0.0147636206007374,0.8318195255412905,0.8958191333739901,973054.5616085528,185.806522574192,38.93583543611855,242.5132098399854,5265.260922908783,1445
184,Esophagus,50,-1,0.0146500845111363,0.8313984075973583,0.8974097534712759,972831.2138228416,178.24550345426752,38.88540089137503,184.72439882645645,5488.608708620071,1445
185,Esophagus,60,-1,0.0146786511998356,0.8328154804095075,0.8970929058184408,972921.7885711192,181.23632228304933,38.87452030831104,175.69236981545,5398.033960342407,1445
186,Esophagus,70,-1,0.0146355396893887,0.8327765820017539,0.8966794078662519,971223.8400771618,137.86953798605194,38.82985937873478,146.32555573517772,7095.982454299927,1445
187,Esophagus,80,-1,0.0146066860547138,0.8327990277994807,0.8971769206010581,971182.3223981856,137.06757327686805,38.85517832750783,161.642705376973,7137.500133275986,1445
188,Esophagus,90,-1,0.0145428114277789,0.8340662629113191,0.8975426800133627,971157.1586313248,136.58602946771754,38.79986833303005,131.55872064755312,7162.663900136948,1445
189,Esophagus,100,-1,0.014525637682843,0.834022882031504,0.8972703012122687,969402.053766489,109.70455147638694,38.75276272550904,113.55885555005698,8917.768764972687,1445
190,Fallopian_Tube,1,-1,0.0415563895057512,0.8032501879156608,0.5497793338923764,210412.5717346668,292.9145739708886,4.005506588458268,209.1334911146333,720.8018732070923,9
191,Fallopian_Tube,2,-1,0.0392604976707568,0.800597565988581,0.534002149280873,210631.78358864784,420.9281794196007,4.01166083899115,307.452575631663,501.5900192260742,9
192,Fallopian_Tube,3,-1,0.0409696593235921,0.8000574427299726,0.5572998046669356,210601.14257836345,396.6949724860215,4.010403738234516,280.5146187393929,532.231029510498,9
193,Fallopian_Tube,4,-1,0.0403584423113773,0.8005982852595873,0.5461385012850357,210697.5578069687,484.45552724185626,4.014482444830044,391.9308072459785,435.81580090522766,9
194,Fallopian_Tube,5,-1,0.0407700133432625,0.79994121913412,0.5500390788989931,210617.83738803864,409.5412998825436,4.011052336653408,293.79583826990034,515.5362198352814,9
195,Fallopian_Tube,6,-1,0.0411163520016486,0.8025873755837415,0.5501895620661797,210770.6428487301,582.0663626823986,4.015925794653887,456.02704461285913,362.73075914382935,9
196,Fallopian_Tube,7,-1,0.0410536273619238,0.797895432575147,0.5487833687691944,210418.0731782913,295.1674078136344,4.00839361782606,246.04384663146445,715.3004295825958,9
197,Fallopian_Tube,8,-1,0.0415933011100591,0.7982786172714159,0.5613278808641758,210248.11898088452,238.5001638747836,4.004245605399519,196.2730895623876,885.2546269893646,9
198,Fallopian_Tube,9,-1,0.040170157062778,0.8049573413889962,0.5594011638509873,210390.14250946045,284.07499909324054,4.004992028907334,203.68740703679063,743.2310984134674,9
199,Fallopian_Tube,10,-1,0.040007154367451,0.8034470942335271,0.554057793683515,210366.8217177391,275.4325914854146,4.005010578811821,203.87880568643263,766.5518901348114,9
200,Fallopian_Tube,20,-1,0.0421437081434421,0.8007432666617543,0.5602954259166796,210374.09553337097,278.07121092768364,4.0073608479584735,231.43214870865265,759.278074502945,9
201,Fallopian_Tube,30,-1,0.0402663092601533,0.8031886082685804,0.5549587986150767,210213.64208960533,229.5597893669417,3.9996174403684615,160.13149668156956,919.7315182685852,9
202,Fallopian_Tube,40,-1,0.0386064172908309,0.8097801760289948,0.5551289019513111,209939.75946640968,176.8857843363617,3.994042181869229,131.05970003868794,1193.6141414642334,9
203,Fallopian_Tube,50,-1,0.0404102859106728,0.7993107224135747,0.5515448539644383,209955.4148628712,179.23664517417512,3.992662451905536,125.4245342979552,1177.9587450027466,9
204,Fallopian_Tube,60,-1,0.0380005215173041,0.8097130868412417,0.5582838454912066,209920.57804489136,174.08818110172305,3.995871980483948,139.36361307657165,1212.7955629825592,9
205,Fallopian_Tube,70,-1,0.0428679276001847,0.7969034824801483,0.5571053056919006,209582.12126755717,136.10511205724245,3.989396901963,113.83961102886909,1551.2523403167725,9
206,Fallopian_Tube,80,-1,0.040317339692912,0.8037761217262058,0.5559996026117425,209692.76461720467,146.55841729114132,3.985126750852397,101.57170801702802,1440.6089906692505,9
207,Fallopian_Tube,90,-1,0.0404459113266476,0.8032266032354006,0.5608064524278287,209309.9912467003,115.79215533925468,3.976834093245185,83.99355020024235,1823.3823611736295,9
208,Fallopian_Tube,100,-1,0.0405313410125904,0.8028779303567088,0.5541242152733546,209432.27234697345,124.11569990613496,3.984260378745577,99.3984183156217,1701.1012609004974,9
209,Heart,1,-1,0.0161384371629488,0.8638367008732851,0.8649419656366184,560875.7584741116,244.0231480062521,22.166436933025903,323.6404579326374,2307.910843372345,861
210,Heart,2,-1,0.0157294783064179,0.8668137179443255,0.8624482843820148,560849.3069767952,241.25803415391297,22.174864644411613,368.8918151646813,2334.362340688705,861
211,Heart,3,-1,0.0150135458439426,0.8738751537655529,0.8664935884374979,560948.7374043465,251.99142130771983,22.1674178907081,328.3283936775369,2234.931913137436,861
212,Heart,4,-1,0.0150268404764443,0.8746174831209902,0.8642934753543677,561035.0193026066,262.11047188605994,22.168555664604348,333.93876193943635,2148.65001487732,861
213,Heart,5,-1,0.0149758362480002,0.8745540179617789,0.8654843260475257,561069.2731621265,266.35674109154746,22.16719176366361,327.2357418159765,2114.396155357361,861
214,Heart,6,-1,0.0150806752290988,0.8752828515182762,0.8656282213102714,561076.8018629551,267.3085428828922,22.167225322330037,327.39743839544855,2106.8674545288086,861
215,Heart,7,-1,0.0148511803743314,0.8771504132135876,0.8657674024124644,560275.8232645988,193.67726457138755,22.15979027930958,295.0919538298569,2907.8460528850555,861
216,Heart,8,-1,0.015031416630252,0.874987765370329,0.865671835885432,560379.946991682,200.8699877782713,22.161068869648943,300.1857192778615,2803.7223258018494,861
217,Heart,9,-1,0.0148326591669498,0.8758008255600412,0.8659073917746235,560134.3112652302,184.68925579311536,22.15654679070801,282.9137314662769,3049.358052253723,861
218,Heart,10,-1,0.014741903832617,0.8788666818629329,0.8663618761318741,560289.1367256641,194.5680870580269,22.147160848088223,252.73149502472927,2894.532591819763,861
219,Heart,20,-1,0.0147202884516508,0.8795277433866456,0.8661702086290369,560540.6152102947,213.08064325494095,22.1482040166174,255.7640838452912,2643.0541071891785,861
220,Heart,30,-1,0.0145969740311548,0.8808196930748265,0.8672475373305287,560723.9180233479,228.9595987448374,22.147771214486227,254.4970975681449,2459.751294136048,861
221,Heart,40,-1,0.0145574640129578,0.8807888466080059,0.8666440509659114,559986.650826931,176.15902785100414,22.117519281177493,189.0407768330313,3197.018490552902,861
222,Heart,50,-1,0.0145632223989226,0.8801411071903922,0.8677613146200659,559983.6193130016,175.99214653791026,22.109811110174025,177.4141127111094,3200.0500044822693,861
223,Heart,60,-1,0.0145197266983771,0.8815366771041557,0.8671769706157018,559829.8469986916,167.922929656058,22.099775481806677,164.2610341085432,3353.822318792343,861
224,Heart,70,-1,0.0146596310462423,0.8792089713795765,0.8684719005838416,559003.9249997139,134.74117709141504,22.09520764368182,158.89903609036602,4179.744317770004,861
225,Heart,80,-1,0.0145345316743597,0.8831998885757231,0.8668284512753501,558930.030806303,132.40045383196778,22.065769329856465,131.2808210650025,4253.638511180878,861
226,Heart,90,-1,0.0146636579842387,0.8800306127816084,0.8680599388426573,558814.3095295429,128.8938646965667,22.055357325749057,123.67777853565342,4369.359787940979,861
227,Heart,100,-1,0.014431108277676,0.8827820661713753,0.8686043693567012,557921.132086277,107.01751732563515,22.01939642696601,103.0627449113721,5262.537231206894,861
228,Kidney,1,-1,0.0186517122079321,0.8626715177647613,0.813980933389823,274100.1849155426,235.5965736737051,5.712991031911323,188.4361650092484,1168.3895490169523,89
229,Kidney,2,-1,0.0186615367762836,0.8602302392431225,0.8146411852413479,274330.55120396614,293.45602185858223,5.717127968437632,218.02871581448477,938.0232605934144,89
230,Kidney,3,-1,0.0177968623597937,0.8711132668119689,0.8135407169878546,274564.55918097496,390.9980093940435,5.723692075883238,290.3878607010886,704.0152835845947,89
231,Kidney,4,-1,0.0179945853404388,0.8704324362154638,0.8199354743980983,274498.7959303856,357.59450574955946,5.722069371202393,268.3698883393487,769.7785341739655,89
232,Kidney,5,-1,0.0176154851590554,0.8673749753768809,0.8192234930201993,274433.8765144348,329.78225766988203,5.7234186011439645,286.42748889291045,834.6979501247406,89
233,Kidney,6,-1,0.0174054642955112,0.8689256780777433,0.8198203627331275,274633.687554121,433.5710343664549,5.725719662668519,323.5570083120997,634.8869104385376,89
234,Kidney,7,-1,0.0175663450247509,0.8706083706908058,0.8182217784315089,274152.7542309761,246.6961668014713,5.712784976511193,187.17081121740097,1115.8202335834503,89
235,Kidney,8,-1,0.017766550926914,0.8705099946707098,0.8161895035860596,274211.8544766903,260.4933924072001,5.714806989713951,200.37433311754336,1056.7199878692627,89
236,Kidney,9,-1,0.0174692252781746,0.8703115867584821,0.8220794727853485,274138.7027387619,243.62816431239463,5.71251925297006,185.56391704412283,1129.8717257976532,89
237,Kidney,10,-1,0.0178893140794184,0.8678392397992972,0.8175951242112407,274212.5015950203,260.6530121208895,5.713675041453379,192.76203548199567,1056.0728695392609,89
238,Kidney,20,-1,0.0175439771154047,0.8728543944441838,0.8194519923109503,274091.3035569191,233.8192277394045,5.711642410482506,180.45178698167567,1177.2709076404572,89
239,Kidney,30,-1,0.0173964745728935,0.8719046864672045,0.8186599421756227,273994.64537620544,216.0784120411292,5.708258660305825,163.11101746222695,1273.9290883541107,89
240,Kidney,40,-1,0.0173437140517672,0.8720939534781579,0.819355455675624,273481.7140946388,154.0515303256578,5.69327298266996,114.41698248744436,1786.8603699207306,89
241,Kidney,50,-1,0.0175394219703562,0.8718073887169908,0.8213595035358637,273620.11443543434,166.9852890583195,5.697040857805916,123.70215202173152,1648.4600291252136,89
242,Kidney,60,-1,0.0173467753129076,0.8736659783242483,0.8211057658934364,273476.24991869926,153.58188063670943,5.69555438901165,119.86464018529578,1792.3245458602903,89
243,Kidney,70,-1,0.0174450027431791,0.873200641478488,0.8187210589795066,272959.97574329376,119.2362154275262,5.679249746713111,89.4329795603435,2308.598721265793,89
244,Kidney,80,-1,0.0176314048698219,0.8733302780025938,0.8192316542535143,273043.64832258224,123.7203200911317,5.682115614482763,93.61035320833636,2224.92614197731,89
245,Kidney,90,-1,0.017565286336605,0.8730356201544776,0.8219534610923316,273162.2640750408,130.6875642993218,5.681980563508126,93.4047564845879,2106.310389518738,89
246,Kidney,100,-1,0.0173384561568288,0.8726972556131808,0.8223091382226202,272753.3429543972,109.44065122927452,5.676057246548065,85.19769993201434,2515.231510162353,89
247,Liver,1,-1,0.0167610369062274,0.8228550864055698,0.845679128193579,154257.8316924572,140.664945232306,5.857511824221857,193.4008283690433,1104.4849617481232,226
248,Liver,2,-1,0.0165158693256367,0.8305653029369063,0.8470157174368488,154416.30128240585,164.22811011905856,5.864367119413702,249.6057772399432,946.015371799469,226
249,Liver,3,-1,0.0162565823331373,0.8345708359401186,0.8468355714913912,154287.6575343609,144.56892775142964,5.856573854892476,187.62036855952672,1074.6591198444366,226
250,Liver,4,-1,0.01609879478713,0.8399980810817482,0.8501016753695849,154398.30015182495,161.1614700273089,5.860756310062055,216.4703189010116,964.0165023803712,226
251,Liver,5,-1,0.0158479352688229,0.8412740617642985,0.8453954236960064,154512.88923168182,182.9024028829342,5.862863985440196,234.6532587753497,849.4274225234985,226
252,Liver,6,-1,0.0157011937081232,0.8427429176790981,0.8505333586770576,154572.6268942356,196.7384212505988,5.8644385381530695,250.36378518153052,789.6897599697113,226
253,Liver,7,-1,0.0156846283013582,0.8430116396041921,0.850644624265461,154361.36591649055,155.2147481392612,5.862647941268223,232.65013453352336,1000.9507377147676,226
254,Liver,8,-1,0.0157598393467062,0.844896058164094,0.8509647351536191,153808.58680677414,99.993133884291,5.843973953815514,133.8713801783904,1553.7298474311829,226
255,Liver,9,-1,0.0154854412485166,0.8445070007911538,0.8498602418423771,154271.69511795044,142.45300637259422,5.855834916123423,183.30422048462927,1090.6215362548828,226
256,Liver,10,-1,0.0157010722874441,0.8443725137685603,0.8528559244565376,154245.34179282188,139.09204407857496,5.855249397645513,180.02269514174566,1116.974861383438,226
257,Liver,20,-1,0.015404616831774,0.8467095664092437,0.851446748638894,153924.64756536484,108.06542191117764,5.852141202097448,164.39944539989963,1437.6690888404846,226
258,Liver,30,-1,0.0152986610815352,0.8492442119768963,0.8511505378793055,153361.38123178482,77.64484296363041,5.831234415887222,103.80424958600344,2000.9354224205017,226
259,Liver,40,-1,0.0153802475366573,0.8470001002175691,0.8501358497002778,153457.73136544228,81.57277994891322,5.84031775471477,123.59688402207163,1904.5852887630465,226
260,Liver,50,-1,0.0153752692888149,0.8477583235990732,0.8493566475675791,153106.8922946453,68.88385150035062,5.8312521547225655,103.83672290230274,2255.424359560013,226
261,Liver,60,-1,0.0152974281946398,0.8495649388828431,0.852288684241488,152971.8086051941,64.99133802057968,5.814930622831211,80.6287482111319,2390.5080490112305,226
262,Liver,70,-1,0.0152460167012221,0.8501552444003598,0.852292688282222,152921.57656288147,63.65377338065402,5.8161566618898295,82.00555477535436,2440.7400913238525,226
263,Liver,80,-1,0.0154948071232512,0.8483285873897465,0.850383489963663,153031.1782221794,66.6465425303745,5.815117216192913,80.83529696452487,2331.1384320259094,226
264,Liver,90,-1,0.0154984936968108,0.8481729065566262,0.8512349783987205,153222.68426823616,72.61168678928593,5.817532355821676,83.60749286093356,2139.632385969162,226
265,Liver,100,-1,0.0153537668403202,0.8485592952655038,0.8516180253906698,152695.6508743763,58.26088812080772,5.807929836579485,73.57525956175715,2666.6657798290253,226
266,Lung,1,-1,0.0153815634582394,0.7945005598716336,0.8644813328121077,409428.23061442375,209.22125832841888,16.100638730143118,323.9803063948228,1966.313304901123,578
267,Lung,2,-1,0.0148531596254153,0.8024844096270175,0.8652730561953674,409541.8533368111,222.05248291440404,16.0965636631652,299.49751608431507,1852.6905825138087,578
268,Lung,3,-1,0.0144965567243677,0.812553371402808,0.8699414992119471,409609.4933292866,230.46660201966492,16.098314000271742,309.5448977426728,1785.0505900382996,578
269,Lung,4,-1,0.0146381293454377,0.8099683815630918,0.8684085000458045,409485.3096489906,215.47619918183392,16.091476443847576,273.6790973633557,1909.234270334244,578
270,Lung,5,-1,0.0140060184346405,0.8242071337044193,0.8699942436357574,409591.90673971176,228.21816201950267,16.09590392799527,295.8776759961437,1802.6371796131132,578
271,Lung,6,-1,0.0137982094953362,0.8283981124925915,0.8696510345131047,409672.7737970352,238.93697456675636,16.096870300524067,301.2102994376811,1721.7701222896576,578
272,Lung,7,-1,0.0136954796773231,0.8293957551546499,0.8718922895682578,409652.4402337074,236.1481393534369,16.09715570667976,302.8221885902356,1742.103685617447,578
273,Lung,8,-1,0.0137720933211105,0.8275011619015509,0.8714992798878008,409138.343211174,182.3395154664655,16.08089561704359,232.0694908491764,2256.200708150864,578
274,Lung,9,-1,0.0136756412430856,0.829790157445527,0.8706807014897465,409516.2796158791,219.02910211549613,16.08932776443137,264.06436125011385,1878.264303445816,578
275,Lung,10,-1,0.0138947933579792,0.8285079781340031,0.8707401159412118,409311.30226802826,197.47807157334424,16.086052821993153,250.6433871349582,2083.241651296616,578
276,Lung,20,-1,0.0138437670384568,0.8306993348298233,0.8714212590636314,408895.9611735344,164.65115858677362,16.07387470826752,210.8027038323639,2498.5827457904816,578
277,Lung,30,-1,0.0135430031627241,0.8333314825405462,0.8725552941176471,409294.20561122894,195.8706091935617,16.081735560572206,234.90462775667925,2100.338308095932,578
278,Lung,40,-1,0.0135418085437187,0.8334812018393513,0.8713513445735092,408939.7244131565,167.58647341916188,16.06442585191781,187.6587019237534,2454.819506168365,578
279,Lung,50,-1,0.0134899447358009,0.8336121551172093,0.8713680829318149,408774.4188959599,157.0133257957942,16.06904702398425,198.30681907929505,2620.1250233650208,578
280,Lung,60,-1,0.013586384833406,0.8338132241887276,0.8720223864803217,408731.52343821526,154.48418321886368,16.053934561878275,167.2683090732547,2663.020481109619,578
281,Lung,70,-1,0.0134570835852138,0.833554008297875,0.8739289470002657,408035.3039112091,122.46655282903713,16.048514045630768,158.37709600609108,3359.2400081157684,578
282,Lung,80,-1,0.0135218577217333,0.834772783879267,0.8713857580400564,408183.3318099976,128.111918463556,16.027020044593108,130.80612579386113,3211.2121093273163,578
283,Lung,90,-1,0.0134715810341942,0.8360575926309866,0.8721202495888313,407921.1073198319,118.44020529390716,16.0388033431534,144.60671927135144,3473.4365994930267,578
284,Lung,100,-1,0.0134208422447475,0.8344986835458964,0.8727878173864556,407587.20044350624,108.05291052204558,16.003163001493515,109.6241992652157,3807.343475818634,578
285,Muscle,1,-1,0.0153228719018939,0.8316540628912672,0.8531186247951573,512950.8132460117,237.0723408183888,20.447741157786307,324.05036507488745,2172.8543524742126,803
286,Muscle,2,-1,0.0148507972716412,0.8408076985207579,0.850893139030591,512959.1614706516,237.98669866270555,20.455632016156,370.2020990462319,2164.50612783432,803
287,Muscle,3,-1,0.0144969987946728,0.8469456066557918,0.8510172164848759,513166.7481453419,263.23192136031224,20.45016913791108,336.9765295557469,1956.9194531440733,803
288,Muscle,4,-1,0.0144908073100604,0.8459882498299852,0.8494515021173018,513138.4605152607,259.4810747710987,20.451459096696183,344.27262250082083,1985.2070832252505,803
289,Muscle,5,-1,0.0144746764906159,0.8464737446149037,0.8527593771184817,513138.9428207874,259.54413094788003,20.45096412748609,341.4359946844544,1984.7247776985168,803
290,Muscle,6,-1,0.0144154434624267,0.8499650340773497,0.8525225099323205,513161.67855000496,262.5517548109177,20.44574063038624,314.12222122481995,1961.9890484809875,803
291,Muscle,7,-1,0.0144535669914051,0.8479513612559169,0.8528649265459058,513008.6546063423,243.5557935161392,20.446651708674736,318.56718034157893,2115.012992143631,803
292,Muscle,8,-1,0.0144182636843114,0.8500546346174354,0.853418303419548,512459.71370244026,193.3680865735418,20.42721067503089,244.68494660473547,2663.953896045685,803
293,Muscle,9,-1,0.0144568017814007,0.8480488360741805,0.852843662331038,513110.2045388222,255.8396416195022,20.446481601341745,317.72773663326603,2013.4630596637728,803
294,Muscle,10,-1,0.0142944024488378,0.8534402152370245,0.8518091703373992,512502.8959918022,196.55420040600657,20.42713394355969,244.4611759896181,2620.771606683731,803
295,Muscle,20,-1,0.0144106038303497,0.8508180305417704,0.8525694805550802,512503.4805922508,196.5980544032441,20.42373458110769,234.9423990248208,2620.1870062351227,803
296,Muscle,30,-1,0.0141893641505723,0.8512497439238434,0.8534458434440841,512895.74343037605,231.2123881826292,20.42837536107849,248.1325093121305,2227.924168109894,803
297,Muscle,40,-1,0.0141230081469998,0.8530147094351604,0.8520204461335752,512164.8508021832,174.0978583879074,20.41985090811296,224.93605322666235,2958.8167963027954,803
298,Muscle,50,-1,0.0141527392466903,0.8531628311814203,0.851288375370624,512000.6919324398,164.94642375829352,20.396287474937346,178.74617840021057,3122.9756660461426,803
299,Muscle,60,-1,0.0143015312178748,0.8514836795935828,0.8505197384274069,511902.8283672333,159.93461039598074,20.382775267856427,159.91549868563317,3220.8392312526703,803
300,Muscle,70,-1,0.0141563119998197,0.8539574301915742,0.8534017911957554,511131.5919890404,129.0365509059152,20.36419741795664,139.68330838351918,3992.075609445572,803
301,Muscle,80,-1,0.0142288588442652,0.8525655547635755,0.8531577668852928,511126.79630732536,128.88172524787706,20.35753468599694,133.62038666188542,3996.871291160584,803
302,Muscle,90,-1,0.0141959798593851,0.8535819865461706,0.8528190590253184,511047.6228890419,126.37831631359768,20.37198826507366,147.50971106526927,4076.044709444046,803
303,Muscle,100,-1,0.0142007473926601,0.8534198890263545,0.8518150042116853,510250.8220472336,105.71311201646736,20.31105286503429,102.56332679082162,4872.845551252365,803
304,Nerve,1,-1,0.0143975070343142,0.8032488617666774,0.8704598223456106,436697.2950787544,226.9326442680962,17.163932424838308,293.9745077486804,1932.8649761676788,619
305,Nerve,2,-1,0.0140036079904469,0.8111245245903856,0.8698605038258969,436745.7953743935,232.773498987398,17.166552598757608,307.73785538667227,1884.3646805286407,619
306,Nerve,3,-1,0.014023992373686,0.8117842574115652,0.8716613187684036,436695.12112760544,226.67769307523656,17.166169177879013,305.64385999266904,1935.0389273166656,619
307,Nerve,4,-1,0.0141052340109601,0.810094096284503,0.8732756572418902,436489.72274947166,204.92548832801043,17.159627784017598,273.852700481978,2140.4373054504395,619
308,Nerve,5,-1,0.0140108185320472,0.8131903918678053,0.8716275353239198,436427.4077105522,199.1282230052036,17.156324448926355,260.18620115207847,2202.7523443698883,619
309,Nerve,6,-1,0.0136893950685031,0.8207076624867845,0.8736679807651997,436575.5821561813,213.4891844810335,17.158747221497634,270.0712454795784,2054.5778987407684,619
310,Nerve,7,-1,0.0134676990597488,0.8223414613372977,0.8724022325529346,436698.1437954903,227.03233366364785,17.164298116113592,295.82103913733414,1932.016259431839,619
311,Nerve,8,-1,0.013693544681261,0.819541982374133,0.8717941528338568,436066.1003084183,171.06861907293973,17.15732942901105,264.1973946419711,2564.05974650383,619
312,Nerve,9,-1,0.0135554191620543,0.8210967563930665,0.871551299827497,436715.46938443184,229.0866962560636,17.161137800655013,280.5898165704321,1914.690670490265,619
313,Nerve,10,-1,0.0135521259963614,0.8238984807161898,0.8740063187144727,436267.0164039135,185.61299050428516,17.152496485264216,245.96213738890285,2363.143651008606,619
314,Nerve,20,-1,0.0130953231848945,0.8318692044899951,0.8737589005394361,436214.7972340584,181.6001125239105,17.14460467668522,221.04857220618965,2415.362820863724,619
315,Nerve,30,-1,0.0130393670714961,0.834587698143271,0.8747611500807938,436340.3902385235,191.56080969955545,17.142881444346973,216.26533597847927,2289.7698163986206,619
316,Nerve,40,-1,0.0131590845784263,0.8316842195178568,0.8758118045566909,435376.9079017639,134.8282086370432,17.113469308333283,157.9349262301054,3253.252153158188,619
317,Nerve,50,-1,0.0130179835982535,0.8348276812049311,0.8758077847040375,435493.517649889,139.84066508540738,17.11506717545235,160.28353742055725,3136.642405033112,619
318,Nerve,60,-1,0.013030827946493,0.8345239822446219,0.8758039593352182,435720.8510873318,150.76781632382705,17.109750444669626,152.72650363908627,2909.308967590332,619
319,Nerve,70,-1,0.0130527183326577,0.8352409307067185,0.8760704290394264,434807.3521106243,114.74030776492326,17.102722564434806,143.76666234182804,3822.807944297791,619
320,Nerve,80,-1,0.0130134532113705,0.8367340956435867,0.8754683492850062,434332.90584445,102.0721927471759,17.066852772777263,110.63853854964172,4297.254210472107,619
321,Nerve,90,-1,0.0130969677047233,0.833095537904816,0.8760531271682029,435116.9105160237,124.85027186325304,17.082591589336456,123.08312227569756,3513.249538898468,619
322,Nerve,100,-1,0.0129861341414701,0.8360169301796195,0.8758029713038518,434485.3302490711,105.82585548765762,17.063305928377595,108.17378246208304,4144.829805850983,619
323,Ovary,1,-1,0.0160754497375037,0.7677825413087693,0.8436751757244707,134882.87233901024,129.07999185202277,5.028683247759785,171.4522950235276,1053.1143107414246,180
324,Ovary,2,-1,0.0154873779230332,0.7841020382615868,0.844384456442045,134746.048848629,114.23789253648444,5.025292355807205,153.77746589579525,1189.9378011226654,180
325,Ovary,3,-1,0.0146714331030421,0.809396963143335,0.8515224414963881,135067.66322398186,156.5499474222276,5.033092060358554,201.5760529155569,868.3234257698059,180
326,Ovary,4,-1,0.0145972635874318,0.8060651260274073,0.8503295462517245,134886.80574321747,129.56391581581002,5.028451773190148,170.11754186744787,1049.180906534195,180
327,Ovary,5,-1,0.0144666592296365,0.8091134456592529,0.8509022856123015,134778.96945858002,117.4883032741259,5.026449180908263,159.38287519862973,1157.017191171646,180
328,Ovary,6,-1,0.0143843255415583,0.8116470183603727,0.8510028844390349,135086.23876714706,159.97213930452924,5.0367553400042855,236.0339485312824,849.747882604599,180
329,Ovary,7,-1,0.0145678332391309,0.8091749861519646,0.848523180697799,134891.04460811615,130.0894989706688,5.031907483749778,192.48919543883,1044.9420416355133,180
330,Ovary,8,-1,0.0143492788399778,0.8125698525558037,0.8525947892748377,134523.12359976768,96.21313732515912,5.020353320382889,133.70150237540113,1412.8630499839785,180
331,Ovary,9,-1,0.01445715892065,0.8110283624789917,0.8516159998400082,134481.81493592262,93.48001020581876,5.018057031770687,126.05059525353134,1454.1717138290403,180
332,Ovary,10,-1,0.0143439352895344,0.8125178957886272,0.8519728122514917,134724.1993918419,112.17809542264798,5.022854291708159,143.1658271756692,1211.7872579097748,180
333,Ovary,20,-1,0.0143343284480534,0.8110686195047888,0.8508630195857639,134341.8920109272,85.27472794839538,5.01470103592795,116.3223450134415,1594.094638824463,180
334,Ovary,30,-1,0.0142102628954635,0.8154076114416252,0.8522671005753403,134269.39479875565,81.56525340533211,5.00845263439237,101.70761433955992,1666.5918509960177,180
335,Ovary,40,-1,0.0142070420298617,0.8146953141517012,0.851929782373452,133832.56605625153,64.62615563896864,5.007299939589992,99.40365181099249,2103.4205935001373,180
336,Ovary,50,-1,0.0142102823102638,0.8154489693589488,0.8531704094013012,133695.97914385796,60.68550497803648,4.993168030959676,77.79763051870525,2240.0075058937077,180
337,Ovary,60,-1,0.0141708165014274,0.8169668627245757,0.8538960984783381,133656.2348921299,59.62753891746527,4.994051464348468,78.86928141745045,2279.751757621765,180
338,Ovary,70,-1,0.0142354588260197,0.8164550488742128,0.8527844439932498,133189.17652082443,49.48867241247636,4.982898056322135,67.18520495937496,2746.810128927231,180
339,Ovary,80,-1,0.0142508980726614,0.8145799519945136,0.8534445817263843,133413.081043005,53.880726368135214,4.982701847094278,67.01056580108182,2522.9056067466736,180
340,Ovary,90,-1,0.0141525013752523,0.8171145619491468,0.8531606124466906,133319.73736190796,51.95834635536173,4.981071760671446,65.59404295125353,2616.249287843704,180
341,Ovary,100,-1,0.0141666363455606,0.8154515068816218,0.8532039656329574,132954.19391560557,45.58867727225816,4.97356683441231,59.77641475189104,2981.792734146118,180
342,Pancreas,1,-1,0.0162129340487108,0.8642336512683254,0.8527137968221118,225952.64520430565,174.70818842844557,8.798788199422102,275.9774153832023,1300.7598965168,328
343,Pancreas,2,-1,0.0160568684564989,0.8622613115283266,0.8553083299334282,225934.70877981183,172.33187162201654,8.792563123129872,231.0315166156645,1318.6963210105896,328
344,Pancreas,3,-1,0.0155443222865821,0.8734947147763258,0.8529100398989309,226120.0520749092,200.5142262868228,8.802189500961276,308.8020137818459,1133.3530259132383,328
345,Pancreas,4,-1,0.0151633774637063,0.874554965158908,0.8553401091912027,226147.6381914616,205.51655432714207,8.798432201035737,272.9407940275555,1105.7669093608856,328
346,Pancreas,5,-1,0.0150684456814893,0.8760166825070983,0.8573452987865845,226133.29732227325,202.88530215830625,8.796853743993593,260.24432090725844,1120.1077785491943,328
347,Pancreas,6,-1,0.0152552936532533,0.8754213353014285,0.855068223854051,226160.82593250275,207.99719753976245,8.796725425408097,259.263897910205,1092.579168319702,328
348,Pancreas,7,-1,0.0150977129070387,0.87299568928449,0.8550507449423819,225869.7538700104,164.2418262927762,8.791099848311859,222.51320476341564,1383.6512308120728,328
349,Pancreas,8,-1,0.0151663310417484,0.8753574041358247,0.8564779527830093,225908.04867577556,168.91687650199964,8.796132661856946,254.8291066006938,1345.3564250469208,328
350,Pancreas,9,-1,0.0151565595334678,0.874174190245161,0.8567246462735566,225801.75449943545,156.5482802016451,8.787177082819856,202.49760346199187,1451.650601387024,328
351,Pancreas,10,-1,0.0150204579215203,0.8786652541192446,0.8571737554225604,225809.04085111615,157.33801577201706,8.788650397830407,209.57807138617247,1444.3642497062683,328
352,Pancreas,20,-1,0.0149558250149766,0.8771673859842672,0.8575182891269203,225133.5677199364,107.20322565773044,8.764907946866957,134.04661491625438,2119.837380886078,328
353,Pancreas,30,-1,0.0150345063369374,0.8749059543959774,0.8570250121582605,225170.1267888546,109.08451539831012,8.766767256381055,137.93973268618458,2083.2783119678497,328
354,Pancreas,40,-1,0.0150100100333571,0.8773705080931319,0.8580926391717396,225278.4418349266,115.0671554378204,8.771073402875263,147.88712301066818,1974.9632658958435,328
355,Pancreas,50,-1,0.0150300933129481,0.8768905315274979,0.8578292938900809,224991.24803471565,100.45872079604476,8.770251302078819,145.87873309971212,2262.1570661067963,328
356,Pancreas,60,-1,0.0150282307719194,0.8768988358763065,0.8566188227078088,225308.3583598137,116.83698921444024,8.774897234353089,158.00527774726473,1945.0467410087583,328
357,Pancreas,70,-1,0.0151251969492612,0.8775856611758365,0.8577327667495316,224934.61682724956,98.00524165609022,8.752873188731508,113.34129250230248,2318.7882735729218,328
358,Pancreas,80,-1,0.0147691394374502,0.8786663560724163,0.8583117110520367,224748.5053472519,90.72355281958444,8.747482613224152,106.00699634666852,2504.8997535705566,328
359,Pancreas,90,-1,0.0148301644590724,0.8791370355827869,0.8586516290420242,224882.48470640185,95.85028904201393,8.74661776863973,104.91775974378216,2370.920394420624,328
360,Pancreas,100,-1,0.0148415935447809,0.8787906923735659,0.8576168346698574,224731.8314068317,90.12364209001775,8.741683763902131,99.108003425521,2521.5736939907074,328
361,Pituitary,1,-1,0.0161419004250559,0.7938756508503564,0.8567157804825967,216182.5403614044,161.30831663218743,8.392142238204524,217.2021983132752,1348.542264699936,283
362,Pituitary,2,-1,0.015412071454405,0.8019144763047632,0.8576137016160219,216204.06813430783,163.92517487251692,8.393530872269103,225.2608195497044,1327.0144917964935,283
363,Pituitary,3,-1,0.0147578158412666,0.8214031328671794,0.8598066015371197,216124.40125226972,154.6413329076187,8.390796178201551,209.9225437831293,1406.68137383461,283
364,Pituitary,4,-1,0.0146904587313279,0.8184682812622288,0.8618018105413545,216400.27920031548,192.3686094905034,8.397554905602542,252.39740272879476,1130.8034257888794,283
365,Pituitary,5,-1,0.0146125126867476,0.8208504143098715,0.8630066415522909,216434.15611863136,198.30962342886068,8.399481931649762,267.8494594503572,1096.926507472992,283
366,Pituitary,6,-1,0.0144586099269354,0.8214170860567587,0.8629895217467658,216393.93864703175,191.2959894520286,8.397954937754456,255.4566889575967,1137.1439790725708,283
367,Pituitary,7,-1,0.01474882381066,0.8192651654993636,0.8609095724909783,216073.58787202835,149.24999353703384,8.393767583030275,226.69455094665963,1457.494754076004,283
368,Pituitary,8,-1,0.014697001504074,0.822629825145133,0.8638301341781588,216190.74101400372,162.2952541816461,8.397006401185797,248.31985078611012,1340.3416121006012,283
369,Pituitary,9,-1,0.0143764403986237,0.8267124788908209,0.862642836214474,216171.3942658901,159.98598575325747,8.389967834744505,205.6803990110332,1359.6883602142334,283
370,Pituitary,10,-1,0.0144590628028746,0.8256301969009506,0.8631085668485645,216221.5725157261,166.1163826854825,8.397302619732875,250.5054164526952,1309.5101103782654,283
371,Pituitary,20,-1,0.0143335577321018,0.8265096885290827,0.8623388790888663,215507.7834846973,107.51306031535806,8.37322483587389,146.0321512740068,2023.299141407013,283
372,Pituitary,30,-1,0.0143911812837559,0.8272610523282402,0.8633404499534159,214943.7147839069,84.074277757645,8.356807799290438,113.7004541746209,2587.367842197418,283
373,Pituitary,40,-1,0.0142652424797421,0.8287802502575935,0.8633909949699423,215006.1916258335,86.15464295400076,8.355085104347532,111.11889813233176,2524.8910002708435,283
374,Pituitary,50,-1,0.0142780061256513,0.8288322743096349,0.8632742274284201,215496.84569334984,106.93497847939972,8.362404772556133,122.98338067921864,2034.2369327545168,283
375,Pituitary,60,-1,0.0141689310312501,0.8288853846044796,0.8619614002606075,215111.6529130936,89.91006494476925,8.35220154038252,107.0504474512278,2419.429713010788,283
376,Pituitary,70,-1,0.0141997739481083,0.8303011898978769,0.8619864298531598,214731.6194140911,77.70456910904217,8.354342678115298,110.04212734358522,2799.4632120132446,283
377,Pituitary,80,-1,0.0142906977345646,0.8296725980551107,0.8623069992128825,214976.2809996605,85.14597782251107,8.359274971025089,117.61375047464028,2554.801626443863,283
378,Pituitary,90,-1,0.0141533715438918,0.8316478132767161,0.8644034877896695,214495.85997915268,71.66890469948702,8.33211487781427,85.29600271174236,3035.2226469516754,283
379,Pituitary,100,-1,0.014155279264895,0.8292445331195749,0.8630301690987362,214784.5054168701,79.200789220396,8.341136657114566,93.86321126109397,2746.5772092342377,283
380,Prostate,1,-1,0.0157089505398385,0.8046715260044878,0.8647010903252085,185383.1649620533,105.12357758688152,7.399955587205458,152.21092490061116,1780.4148614406586,245
381,Prostate,2,-1,0.0153336235088883,0.8095257264389563,0.8674858351300573,185809.75425815585,138.24792840039737,7.411763172032961,200.61450157402123,1353.8255653381348,245
382,Prostate,3,-1,0.0150092178344262,0.8165513901038219,0.8648378480486052,186050.25224733356,168.11186916699853,7.417583447004515,237.9069794464927,1113.327576160431,245
383,Prostate,4,-1,0.0150118466461714,0.8160420624219976,0.8655852327523346,185961.58669042587,155.7110225295209,7.415376849972639,222.244198391795,1201.9931330680847,245
384,Prostate,5,-1,0.0143276665648967,0.830229145125246,0.8681578538171085,186204.6771464348,195.18516769345104,7.420416298466696,261.5734130535678,958.9026770591736,245
385,Prostate,6,-1,0.0143596457263767,0.8286337013599031,0.8682389443264592,186151.73367738724,184.9723701015645,7.417680018158605,238.64303671052184,1011.84614610672,245
386,Prostate,7,-1,0.0143819613273867,0.8276088488259623,0.867816462938729,185443.25240826607,108.79532475432916,7.400394722256687,153.58912611846247,1720.32741522789,245
387,Prostate,8,-1,0.0144910853033327,0.82823109565886,0.8678886391146464,185794.9230875969,136.74983282117162,7.4142595322289715,215.07444575364832,1368.6567358970642,245
388,Prostate,9,-1,0.0145060090130538,0.8268904453214856,0.8689692700252223,185959.29976034164,155.41532700755351,7.413944132679631,213.13351580368607,1204.2800631523132,245
389,Prostate,10,-1,0.014357475087624,0.8299443721449228,0.8686420246733544,185846.1794781685,142.07038922344773,7.410143785355142,192.23064684855413,1317.40034532547,245
390,Prostate,20,-1,0.0141518609907949,0.8328168437458054,0.8693584743745353,185489.79837155345,111.82079930835752,7.400599604087199,154.2407112505109,1673.7814519405365,245
391,Prostate,30,-1,0.0142816047720114,0.8314624485343931,0.8696138780078344,185222.94241905207,96.44438440437357,7.394795681235456,137.692904415308,1940.6374044418333,245
392,Prostate,40,-1,0.014102234339246,0.8322250465110312,0.8687015446877095,184821.64074540135,79.91821033019012,7.391558945541374,129.9196670681302,2341.939078092575,245
393,Prostate,50,-1,0.0140652445736728,0.8326982677967555,0.8692623095268865,184913.65734267235,83.1866792829,7.38091213563466,109.57249011149348,2249.922480821609,245
394,Prostate,60,-1,0.0140637018390322,0.834119714122528,0.870050316254746,184926.11939024925,83.65000651746692,7.378262942631221,105.46267626994953,2237.460433244705,245
395,Prostate,70,-1,0.0139663509388998,0.8338375060961609,0.8698909101587162,184864.83376169205,81.41985882372003,7.376855147834306,103.40169505391432,2298.7460618019104,245
396,Prostate,80,-1,0.0140740256333513,0.83421793534059,0.8699488342984613,184641.8937511444,74.2216019177624,7.369936319419082,94.34085892128684,2521.6860723495483,245
397,Prostate,90,-1,0.013946222141511,0.8339713106898108,0.8692667935021221,184640.6979546547,74.18642233518639,7.367187076133367,91.16649659337548,2522.881868839264,245
398,Prostate,100,-1,0.0140286149815767,0.8337350105807665,0.8693017247840162,184586.96171712875,72.63923953694588,7.365549322881619,89.3750322063018,2576.618106365204,245
399,Salivary_Gland,1,-1,0.0161283926172674,0.8160647411171088,0.881352674126458,128368.53718948364,119.00792525631869,4.977621167534693,161.03122078630133,1087.7958993911743,162
400,Salivary_Gland,2,-1,0.0157591871108928,0.8213347760504187,0.8806471489076595,128421.57065939905,125.1072994160196,4.9838977441767245,201.7411334178032,1034.7624294757843,162
401,Salivary_Gland,3,-1,0.0150063061320326,0.8313832609063717,0.8831777803778271,128618.38824605942,154.49266643126091,4.984755073320929,208.9567120217168,837.9448428153992,162
402,Salivary_Gland,4,-1,0.0149735764350035,0.8319843354952676,0.8855878880270218,128514.49744272232,137.4510867344195,4.980997636388865,180.6404555212584,941.8356461524965,162
403,Salivary_Gland,5,-1,0.0151090923102304,0.8300529323135233,0.885030693829241,128565.06585812569,145.24973949739388,4.986688094669676,227.28567221132136,891.2672307491302,162
404,Salivary_Gland,6,-1,0.0150736581824219,0.8311051425380818,0.884286950869952,128588.63676714896,149.19543836648583,4.9836294231016645,199.5841437284032,867.6963217258453,162
405,Salivary_Gland,7,-1,0.0149892870655364,0.8345599821861316,0.8834219798469445,128538.41229367256,141.03213890077555,4.985579754825696,216.4019137594616,917.9207952022552,162
406,Salivary_Gland,8,-1,0.0149880186988786,0.8337858510063673,0.8849575499035089,128242.5565187931,106.65581811334508,4.978703428270509,166.83626094256053,1213.7765700817108,162
407,Salivary_Gland,9,-1,0.0152289010177038,0.8353985271330701,0.8836402871229264,128321.21757555008,114.04683626400193,4.9765751881757145,155.79218155264527,1135.1155133247375,162
408,Salivary_Gland,10,-1,0.0149142877139914,0.8345489453756352,0.8846842614715066,128019.68777489662,90.11015581180509,4.9689885010667005,126.04774731341097,1436.6453139781952,162
409,Salivary_Gland,20,-1,0.0148434323201267,0.8347205259506011,0.8848711275166382,127761.9700872898,76.40413120905836,4.961466364550143,105.984879873271,1694.3630015850067,162
410,Salivary_Gland,30,-1,0.0147984112399669,0.8368561938379948,0.8840801953768388,127710.25013017654,74.14099796574739,4.960141330165438,103.0943418734862,1746.0829586982727,162
411,Salivary_Gland,40,-1,0.0148321416802677,0.836466145944741,0.8853254266316165,127399.27222299576,62.93267021710284,4.958797471857665,100.31944887643787,2057.060865879059,162
412,Salivary_Gland,50,-1,0.0148013986292987,0.8387270602815386,0.8859171689396944,127241.88843989372,58.45995434947538,4.954184972275484,91.8353780065518,2214.4446489810944,162
413,Salivary_Gland,60,-1,0.0147565492040648,0.8363492756109675,0.8856327369985497,127201.69076943398,57.41768083239935,4.942197296577525,75.28755118771026,2254.6423194408417,162
414,Salivary_Gland,70,-1,0.0147824903692509,0.8376533408479606,0.8846012286460655,126844.3340113163,49.5621664651888,4.933824550194317,66.87155857794635,2611.999077558517,162
415,Salivary_Gland,80,-1,0.0147330918411365,0.8361575716111841,0.8851459167056007,126612.68390774728,45.52472011949924,4.927895004838287,61.96599340876588,2843.649181127548,162
416,Salivary_Gland,90,-1,0.014792549248978,0.8372272904089793,0.8855399215147943,126370.66738891602,41.95410186223455,4.932339894578304,65.57181650313385,3085.6656999588013,162
417,Salivary_Gland,100,-1,0.0147787515567704,0.8374085149155742,0.8850806511847463,126605.83606672288,45.41535461459398,4.921945739080734,57.71784495000001,2850.497022151947,162
418,Skin,1,-1,0.0169514972582872,0.7746722666547518,0.8955993550886753,1172385.272629261,267.05495452951624,49.01971039714635,424.0450961285322,4406.55305480957,1809
419,Skin,2,-1,0.016487831290448,0.7862783374955499,0.8969111813826284,1172378.9877316952,266.6746067687821,49.01848985368896,419.6250119772331,4412.837952375412,1809
420,Skin,3,-1,0.0159761645978654,0.7959053000946928,0.8981605551833445,1172409.3204250336,268.5203453566764,49.0209259938316,428.5407990615042,4382.505259037018,1809
421,Skin,4,-1,0.0158807014976651,0.7965456985526864,0.8992948011269183,1172468.1876924038,272.1763079962226,48.999074824774056,359.9437586933762,4323.637991666794,1809
422,Skin,5,-1,0.0159112556992096,0.796698543566956,0.8976780449650027,1172473.737257719,272.52610634432267,48.99718269914263,355.0228556515826,4318.088426351547,1809
423,Skin,6,-1,0.0158851284815643,0.8003485858104288,0.8976953711562317,1172492.2927212715,273.7022453057223,48.99907505235576,359.94435877624124,4299.532962799072,1809
424,Skin,7,-1,0.0154436925833271,0.8121069910199896,0.9012191590698044,1172245.4518933296,258.841855036358,48.99346332265703,345.73170419249266,4546.373790740967,1809
425,Skin,8,-1,0.0154408921654579,0.8138231124511301,0.8991563237095341,1172199.2624354362,256.2385669993779,48.98707028301588,330.8490505161792,4592.563248634338,1809
426,Skin,9,-1,0.0153959843199635,0.8128493974460549,0.899705879783821,1172210.525948763,256.86855121367296,48.99007942776488,337.691264896629,4581.2997353076935,1809
427,Skin,10,-1,0.0153009749355339,0.8138274673607023,0.8993362168857634,1172329.2280619144,263.70108293910965,48.98584183338915,328.1348403736601,4462.597622156143,1809
428,Skin,20,-1,0.0153005743035068,0.8158803088940553,0.9008232085420051,1172350.370354414,264.9563573962718,48.97406141261738,304.2027741064094,4441.455329656601,1809
429,Skin,30,-1,0.0150133091211367,0.8209441908376641,0.9015260499001224,1172353.443072796,265.13978824058427,48.962977051756425,284.6676648717534,4438.382611274719,1809
430,Skin,40,-1,0.0149873962416258,0.8230463080313447,0.900806408384952,1170377.493035555,183.4628620260885,48.89981318107821,208.40411157539768,6414.332648515701,1809
431,Skin,50,-1,0.0149521846927666,0.8239696870051392,0.9012159228827268,1170347.6720769403,182.6138694741889,48.88631873504212,197.12175602436596,6444.153607130051,1809
432,Skin,60,-1,0.0149845347273725,0.8245287614631597,0.901837437938298,1170329.532803774,182.101283164071,48.87098611473969,185.6991614704344,6462.292880296707,1809
433,Skin,70,-1,0.0149671477981877,0.8235952848722986,0.9005053001592794,1168217.811200142,137.25097244585658,48.79924319302697,146.0887284782558,8574.01448392868,1809
434,Skin,80,-1,0.0148676818832469,0.8254830995727269,0.9007083010491227,1168121.4338548183,135.72533385559348,48.77795937076109,137.3943397643393,8670.391829252243,1809
435,Skin,90,-1,0.0149393754852812,0.8257218942876986,0.9010648871573784,1167815.88680768,131.1051514376288,48.76980446788486,134.3311890044317,8975.938876390457,1809
436,Skin,100,-1,0.0148883329618723,0.8260328140070134,0.901953848472431,1165898.0616385937,108.02435418753852,48.70506836125234,114.13196803471648,10893.764045476912,1809
437,Small_Intestine,1,-1,0.0162971862544044,0.8319162099754215,0.8789362085087515,146044.78746819496,126.45767689802318,5.684718996099583,179.84166475757127,1164.0960607528689,187
438,Small_Intestine,2,-1,0.016318218978588,0.8299931226045965,0.8809758440745565,146090.89564275742,131.67305777396894,5.683795963083001,174.7666705529495,1117.9878861904144,187
439,Small_Intestine,3,-1,0.0159644818347857,0.8375257338177706,0.8789997474989334,146145.52028155327,138.43706173749848,5.689840266269147,214.3819202928964,1063.3632473945618,187
440,Small_Intestine,4,-1,0.015442829874882,0.8439417714695244,0.88322087570174,146298.5567407608,161.70993256402306,5.690626508715255,220.89520897211275,910.326788187027,187
441,Small_Intestine,5,-1,0.0155446174736704,0.8448213874318176,0.8816443536336189,146352.61922049522,171.91991079830905,5.69057531063373,220.45905752422175,856.2643084526062,187
442,Small_Intestine,6,-1,0.0155920214442915,0.8397897503507474,0.8812956114326852,146236.4368581772,151.37990385867397,5.688381381659136,203.26119865764224,972.4466707706453,187
443,Small_Intestine,7,-1,0.0155307978193846,0.841771864346316,0.8814858001922096,145983.67237448692,120.14980682551796,5.686294703832866,189.22174177779937,1225.211154460907,187
444,Small_Intestine,8,-1,0.0156666317266578,0.8401717960061734,0.882331465209404,146057.2440814972,127.8254959525929,5.68199790622996,165.6602096578096,1151.6394474506378,187
445,Small_Intestine,9,-1,0.0154318594943546,0.8444457125497953,0.8810261854927481,145834.71802520752,107.12602166788731,5.677119167907346,145.13998159782895,1374.165503740311,187
446,Small_Intestine,10,-1,0.0154334455385329,0.8454568693725679,0.8814172005885692,145216.66512155533,73.89194025248513,5.66211950821205,105.11023339695949,1992.2184073925016,187
447,Small_Intestine,20,-1,0.0153344105624256,0.8438107245133954,0.8807017187642765,145680.48563027382,96.3158112535103,5.671958931358088,128.32702169712886,1528.3978986740112,187
448,Small_Intestine,30,-1,0.0152196291928068,0.8448353750673104,0.8821833373680678,145381.36340546608,80.55116966290295,5.664700565032496,110.3471172992016,1827.5201234817505,187
449,Small_Intestine,40,-1,0.0151600109422937,0.8459684099426182,0.8812632998152673,144600.41719079018,56.43503286798046,5.645404495684961,80.39998711120361,2608.466338157654,187
450,Small_Intestine,50,-1,0.0152677831757877,0.8451376706838085,0.882004048582996,144583.8999426365,56.079925336145656,5.664091933243215,109.06575068236243,2624.9835863113403,187
451,Small_Intestine,60,-1,0.0151148028841485,0.8480882197505994,0.8825172721935758,144628.35193133354,57.04595272735394,5.641433333183887,76.14698370064362,2580.5315976142883,187
452,Small_Intestine,70,-1,0.0152405908784486,0.8449473738134649,0.8822276023432556,144156.56762075424,48.22858706524533,5.632432669038977,67.99482694028872,3052.3159081935883,187
453,Small_Intestine,80,-1,0.0152598814669641,0.8467580796566984,0.8818601826345357,143851.7229833603,43.84922363109229,5.620510328839081,59.5500377600523,3357.16054558754,187
454,Small_Intestine,90,-1,0.0150752136363814,0.8493220714973138,0.883156406853978,144431.68780350685,53.00630495013929,5.633697177658364,69.03313117960852,2777.195725440979,187
455,Small_Intestine,100,-1,0.0151289762813771,0.8475952239211153,0.8818103099924955,144465.65657639503,53.662670305844735,5.633281029304353,68.68794320816465,2743.2269525527954,187
456,Spleen,1,-1,0.0161209092366846,0.8434478676072305,0.8722580570129339,174701.42161011696,141.87152103189823,6.888125316409122,190.8601511661597,1240.1471946239471,241
457,Spleen,2,-1,0.0157941349949126,0.8461250289082748,0.875016688046715,174666.47428393364,137.9831580590212,6.888469551735772,192.6884360628036,1275.0945208072662,241
458,Spleen,3,-1,0.0151595597821086,0.8557719665347312,0.8733583678927452,174994.69687962532,185.8134813567987,6.896252505891215,245.95791460287205,946.8719251155852,241
459,Spleen,4,-1,0.0152020524109414,0.855891458503758,0.8725059054492045,174722.19556474686,144.28852711709465,6.890227008441946,202.5965226479303,1219.373239994049,241
460,Spleen,5,-1,0.0150943429819334,0.8582333530055274,0.8751636978001894,174902.01503014565,169.24720308311316,6.894539442230351,231.8501193645062,1039.5537745952606,241
461,Spleen,6,-1,0.0151472033214099,0.8580920826399627,0.8738814643904926,174924.08714866638,172.91866418853093,6.894396184375562,230.7433110656864,1017.481656074524,241
462,Spleen,7,-1,0.0149932503629664,0.8559970776026481,0.8754064774166406,174826.8543047905,157.83554337237754,6.891662861710278,211.48097945377864,1114.714499950409,241
463,Spleen,8,-1,0.0150705244498362,0.8573175082998111,0.8772565566787169,174900.93385076523,169.0713617994165,6.893984485555693,227.6205572778031,1040.6349539756775,241
464,Spleen,9,-1,0.0149640748932048,0.8590869113948001,0.8746488728729419,174789.28950715065,152.69003719209817,6.890863587813972,206.4415477007613,1152.2792975902555,241
465,Spleen,10,-1,0.0149361201369187,0.8563878365161077,0.8740894511657904,174770.49546909332,150.23958231227962,6.89028092499149,202.91662526746052,1171.073335647583,241
466,Spleen,20,-1,0.0148517499350588,0.859439022834401,0.8768416001195406,173946.1232869625,88.1715723316882,6.880342091563209,157.14705713561807,1995.4455177783968,241
467,Spleen,30,-1,0.0147852915366608,0.8605414793927944,0.8746428602194382,174174.00990653038,99.53929624798582,6.872275543982815,132.8301595458215,1767.5588982105255,241
468,Spleen,40,-1,0.0147168010523573,0.8633896756098495,0.8766976170546353,173067.36344146729,61.2139866736417,6.862861919496903,112.51257214111924,2874.2053632736206,241
469,Spleen,50,-1,0.0146843597302476,0.862803411287954,0.875879894886486,173661.9459321499,77.18012085251881,6.854660532127254,99.2820594220006,2279.6228725910187,241
470,Spleen,60,-1,0.0147386506749094,0.862351403779284,0.8774066047071428,173258.328009367,65.57054778985014,6.864195802730191,115.00517899093865,2683.2407953739166,241
471,Spleen,70,-1,0.0146434444219492,0.8639146561050033,0.8770272826816027,173570.82112073898,74.21353608906372,6.851330888049317,94.75826153973198,2370.7476840019226,241
472,Spleen,80,-1,0.0146575139540394,0.8632687222444687,0.8769882147408407,173739.1803469658,79.88671035012578,6.853083679124248,97.087028142655,2202.388457775116,241
473,Spleen,90,-1,0.0148453774765603,0.8632234959345195,0.8768161031507968,173359.2337231636,68.13274158722851,6.862102102377461,111.1404280745722,2582.335081577301,241
474,Spleen,100,-1,0.0147399987853431,0.8611912843504794,0.8759584056253185,173040.08811092377,60.63854540878408,6.848859918821157,91.65887002608558,2901.4806938171387,241
475,Stomach,1,-1,0.0163377053564421,0.8263365529445406,0.8829987070332512,250378.87796902657,163.70896711179475,9.996827610100144,231.04473811488992,1538.8142547607422,359
476,Stomach,2,-1,0.0162711262230438,0.8277830264664522,0.8804761283154274,250490.7330341339,176.54162365006195,9.999993786362,249.2013847182456,1426.9591896533966,359
477,Stomach,3,-1,0.0158507537513176,0.831202714189701,0.8802664729712891,250700.3277723789,206.9369546090656,10.004953575534929,284.18538111756493,1217.3644514083862,359
478,Stomach,4,-1,0.0158289744701373,0.835935953390136,0.8816436665476831,250480.74329519272,175.3142976836177,10.002582405986049,266.31190815751177,1436.9489285945892,359
479,Stomach,5,-1,0.0158545915633178,0.8306310506169077,0.8825783787466972,250714.5802252293,209.38839652976287,10.003574609677225,273.51002160761067,1203.1119985580444,359
480,Stomach,6,-1,0.0157053070299797,0.8392760688795622,0.881363043002558,250496.36275196075,177.24088412804625,10.0033559030274,271.89014209647354,1421.3294718265531,359
481,Stomach,7,-1,0.0156155860319916,0.8347785565787129,0.8818640856809594,250422.25254535675,168.45727437710585,9.996743578415357,230.59882498330305,1495.4396784305573,359
482,Stomach,8,-1,0.0155382810830605,0.8394617930299965,0.8796511223220581,250383.23573327065,164.17389074288107,10.00293202369956,268.8046355561988,1534.4564905166626,359
483,Stomach,9,-1,0.0154952906575976,0.8385819729277174,0.8819462461027286,250589.223913908,189.63018564340092,10.00275603850852,267.5440792740459,1328.468309879303,359
484,Stomach,10,-1,0.0154590097083611,0.8390529960604342,0.8806034672366012,250395.63353538516,165.5111554786662,9.997922869733888,237.01852145612543,1522.058688402176,359
485,Stomach,20,-1,0.0152896324518048,0.839912078379143,0.8830461138183769,250351.0862662792,160.804758220439,9.99101148113022,203.77200581489475,1566.6059575080872,359
486,Stomach,30,-1,0.0152193331243961,0.8419074510819927,0.8814513011332061,249878.64149665835,123.5465547139632,9.977189751732755,159.13246525461548,2039.0507271289823,359
487,Stomach,40,-1,0.0152778806293424,0.8418780167047355,0.8823142032285364,249785.475165844,118.14823977947984,9.979547452339196,165.309784177512,2132.217057943344,359
488,Stomach,50,-1,0.0151665987835838,0.8428247624360178,0.8810757661117966,249947.38085722923,127.85679283973316,9.9729155782551,149.03628771341684,1970.311366558075,359
489,Stomach,60,-1,0.0152565056600024,0.841502482990965,0.8818234685477354,250023.33836889267,132.98344001195,9.973836502195288,151.1018562306547,1894.353854894638,359
490,Stomach,70,-1,0.0150794170739844,0.8443714685686223,0.8827280079181151,249715.0612127781,114.37126371355409,9.96147769587357,127.40518020280366,2202.6310110092163,359
491,Stomach,80,-1,0.0151350776873754,0.843414132074978,0.8812654482499649,249618.73775672916,109.57924388391628,9.958948953905455,123.44407946852664,2298.9544670581818,359
492,Stomach,90,-1,0.015040837323142,0.8439980009471951,0.8808458980948268,249682.4028749466,112.70026064162084,9.953702706539628,115.96416141200038,2235.289348840713,359
493,Stomach,100,-1,0.0151856114166002,0.8443597637146936,0.8821638516341871,249392.0685875416,99.74474763716428,9.942437589112927,102.61308508827308,2525.6236362457275,359
494,Testis,1,-1,0.0137727870581945,0.8364755855245775,0.8913952030600311,327727.7534725666,83.76074953669087,13.04244569370922,156.42975225830622,3959.941823959351,361
495,Testis,2,-1,0.0135193164105312,0.8373906796957845,0.8920830287070358,330000.58734989166,196.6013472689928,13.07874258445053,275.6754088327947,1687.1079466342926,361
496,Testis,3,-1,0.0128379835500932,0.8524807856283508,0.8894584252241664,329947.329713583,190.5850693367776,13.075675120705409,258.9907446371423,1740.3655829429626,361
497,Testis,4,-1,0.012701553279035,0.8553072051854135,0.8908243073203227,328350.2150762081,99.38266997877162,13.05703389087611,189.3480692616055,3337.4802203178406,361
498,Testis,5,-1,0.0127599866942083,0.8509468193465246,0.8910557631170891,328012.62462592125,90.2534196007581,13.025761558390228,130.48550413716077,3675.070670604706,361
499,Testis,6,-1,0.0126765406808075,0.8524119619613026,0.8918805514172026,330053.860401392,203.01175858367748,13.076347359675838,262.47208764590255,1633.8348951339722,361
500,Testis,7,-1,0.0128313839173815,0.8506381604240673,0.8914985748416916,329597.9010028839,158.71786821585607,13.06757527485758,223.3035516958627,2089.794293642044,361
501,Testis,8,-1,0.0127450724407602,0.853743566474126,0.891134432124945,329200.258882761,133.34519566451448,13.053705895359617,180.6745307861986,2487.4364137649536,361
502,Testis,9,-1,0.0127115984874599,0.8540303533939818,0.8919911898732985,329484.27469182014,150.5330823303303,13.060974912448057,200.76121237363932,2203.4206047058105,361
503,Testis,10,-1,0.0126740925085902,0.8538551941314201,0.8908515748753214,329524.6523864269,153.343095390253,13.059915599438952,197.56040322617645,2163.042910099029,361
504,Testis,20,-1,0.0125231857496456,0.8574654455934189,0.8911425383654039,325862.02423524857,56.935534431598526,12.998271094956102,102.48021214942992,5825.6710612773895,361
505,Testis,30,-1,0.0124371443422016,0.8572674117986251,0.8917972549697656,329276.0157086849,137.53389835399196,13.051127587835264,174.4824149064141,2411.679587841034,361
506,Testis,40,-1,0.0123154650156124,0.8606354533766591,0.8927295573849424,329362.4154074192,142.64420246800603,13.052998471555254,178.93223871265974,2325.2798891067505,361
507,Testis,50,-1,0.0122263251249718,0.860892074667351,0.8932238914323852,328037.27619051933,90.86290797425062,13.031225137159552,137.97943348467126,3650.4191060066223,361
508,Testis,60,-1,0.0122703776001988,0.8613003572041514,0.8926558577160422,328557.4766278267,105.9631068631879,13.02679723238976,131.8428726120932,3130.2186686992645,361
509,Testis,70,-1,0.0123435034611025,0.8606717204335151,0.8930285022624488,327970.6850924492,89.2350779485984,13.001992009067289,105.5463279256995,3717.010204076767,361
510,Testis,80,-1,0.0123999259821308,0.859586837869388,0.8927321502996719,328910.03897690773,119.4127916235925,13.027112654343844,132.26189678909026,2777.656319618225,361
511,Testis,90,-1,0.0124036816011595,0.8606107589811341,0.8914636443514693,328775.1256308556,113.88146323366324,13.026499503380002,131.4497813066673,2912.569665670395,361
512,Testis,100,-1,0.012364439672217,0.8614632337436651,0.8927226880900722,328125.7221457958,93.11908912860184,12.999049025438222,103.10642546181164,3561.973150730133,361
513,Thyroid,1,-1,0.0151039882098082,0.8042658189367223,0.8697012629952297,460232.5689167976,208.18150776912083,18.38729554612426,354.6710658516614,2221.3979127407074,653
514,Thyroid,2,-1,0.0141021876691643,0.8265292166717954,0.8731533712340406,460538.5920512676,241.44307008525016,18.383664477908017,331.51726799905805,1915.3747782707212,653
515,Thyroid,3,-1,0.0141178789921066,0.8288157026610953,0.8727022031859654,460481.3576104641,234.43769924514964,18.38098700606103,316.2916573702475,1972.6092190742493,653
516,Thyroid,4,-1,0.0138664600766397,0.8326102535389995,0.8732707673430836,460566.87396526337,245.061584188234,18.3812809233377,317.8943549545438,1887.0928642749784,653
517,Thyroid,5,-1,0.0140281220803693,0.8303009346607879,0.8717851148494583,460556.6970286369,243.74707625126464,18.38787472549205,358.66670091078055,1897.269800901413,653
518,Thyroid,6,-1,0.0140566094737856,0.8303020122702042,0.8723990297933318,460440.3410797119,229.6623227376788,18.38840106918648,362.3767246825578,2013.6257498264315,653
519,Thyroid,7,-1,0.013846331623176,0.8321015711550824,0.8725280347177711,460360.28801226616,220.88104584831245,18.374988454222574,286.7833683166466,2093.6788172721863,653
520,Thyroid,8,-1,0.0137871397300892,0.8309923432837877,0.8724783171740357,460552.1221094132,243.16073859021205,18.38079658510321,315.2619118727528,1901.8447201251984,653
521,Thyroid,9,-1,0.0138107598778723,0.8317236863643804,0.8721459306993885,460231.7130844593,208.1013330964552,18.37952194830228,308.53799212262555,2222.2537450790405,653
522,Thyroid,10,-1,0.0137701779043,0.8319729041253583,0.8723003171325319,460011.8454837799,189.36567899574052,18.370682168557668,268.78171348693223,2442.121345758438,653
523,Thyroid,20,-1,0.0138708295092603,0.8327683167043503,0.8730861657174352,459989.10769963264,187.61882219501555,18.36979837946971,265.36314042612264,2464.8591299057007,653
524,Thyroid,30,-1,0.013695717216549,0.8350739291428312,0.8746773175136929,459926.8420968056,182.99609862527504,18.36921037888897,263.1364731982183,2527.124732732773,653
525,Thyroid,40,-1,0.0137607573912292,0.8337289978855787,0.8739447263068243,458999.06683564186,133.85451609207834,18.331193252524933,170.5886259004768,3454.8999938964844,653
526,Thyroid,50,-1,0.013616117324356,0.8333977362609473,0.8734918254109331,458883.27720832825,129.51390792482653,18.32015657327695,154.78445395870838,3570.6896212100983,653
527,Thyroid,60,-1,0.013670109318331,0.8344520740977712,0.8732698332424299,459192.6259038448,141.7987194120772,18.336324359093627,179.0899841553033,3261.340925693512,653
528,Thyroid,70,-1,0.0136650979228572,0.8362893505480596,0.8728400635594462,458709.83778095245,123.51443041318278,18.32308183407517,158.68093526112978,3744.129048585892,653
529,Thyroid,80,-1,0.0135908840990034,0.8364364080570217,0.8740231386672316,458866.3826549053,128.90400456648317,18.298340419030183,130.8261528009172,3587.584174633026,653
530,Thyroid,90,-1,0.0135678405505831,0.8363704924058755,0.873434167122978,458409.7136979103,114.3484227564596,18.28300360344224,117.98744067451624,4044.253131628037,653
531,Thyroid,100,-1,0.0135641761098959,0.8360710470403496,0.874438849058295,458242.64534831047,109.81207891417088,18.273327731645058,111.10838781484031,4211.321481227875,653
532,Uterus,1,-1,0.0158310006938263,0.7765394896785281,0.8426984681369447,117117.4473104477,99.3536961060594,4.289819635377597,161.4059832280656,1190.7783026695251,142
533,Uterus,2,-1,0.0155702849912643,0.7822836886749509,0.8401777903870251,116962.38931250572,87.90684688721988,4.286505562417599,143.60977064999625,1345.836300611496,142
534,Uterus,3,-1,0.015286275174682,0.7924288037959327,0.8425965865128824,117126.31141734125,100.09882784717884,4.289498511326998,159.49088858315824,1181.9141957759855,142
535,Uterus,4,-1,0.0152822849925372,0.7948054512248204,0.8403672816106478,117362.38627672195,125.0827926696385,4.290004091335655,162.52696784222908,945.8393363952636,142
536,Uterus,5,-1,0.0149289631337683,0.8018229159659419,0.8461135212696962,117512.41963100432,148.66465981947755,4.296181188046544,211.7835035197018,795.8059821128845,142
537,Uterus,6,-1,0.0148872406659147,0.802234528925493,0.8466991641573383,117494.42307782172,145.3770668951778,4.297671285608114,228.4879477395449,813.8025352954865,142
538,Uterus,7,-1,0.0148832063933594,0.8012509360155334,0.8447499974718278,117198.13874053957,106.5756460468726,4.292598977907224,180.12570057499576,1110.0868725776672,142
539,Uterus,8,-1,0.0147587731909814,0.8034835255609781,0.8467114464451914,116709.0500371456,73.98076070617653,4.27924216953282,115.66049936534674,1599.1755759716034,142
540,Uterus,9,-1,0.0148134064811965,0.8042546587343538,0.845879663969337,117395.4123430252,129.60835418309802,4.292329270273542,178.12101628390946,912.8132700920104,142
541,Uterus,10,-1,0.0148791630151759,0.8061918005478875,0.8466254988447806,116698.52059435844,73.49683590124073,4.271006978351729,94.7525453847407,1609.7050187587738,142
542,Uterus,20,-1,0.0147039999616375,0.8065958781595227,0.8481306839584567,116882.56124210358,82.9846266895206,4.278459826009218,113.28573950313609,1425.6643710136414,142
543,Uterus,30,-1,0.0144679077948192,0.8083235141250602,0.8489782036992763,116749.18040323256,75.88505122431378,4.285280591276592,137.98625914422672,1559.0452098846436,142
544,Uterus,40,-1,0.0145168903238441,0.807886796650958,0.8478533102370189,116287.40579247476,58.544668062244135,4.261617261216629,78.56025818965387,2020.8198206424715,142
545,Uterus,50,-1,0.0144880906594419,0.8106285425337152,0.847933759119481,116140.44313049316,54.57569039394933,4.271224950485252,95.20808651878444,2167.782482624054,142
546,Uterus,60,-1,0.0145501004670211,0.8108537504262844,0.849226756353269,116139.24106550217,54.54544420023891,4.267485161288037,87.9531400888212,2168.9845476150517,142
547,Uterus,70,-1,0.0145124007698766,0.8103282823049414,0.8473890104190348,115547.13489723206,42.84836602161022,4.260625119400366,77.1668784536157,2761.0907158851624,142
548,Uterus,80,-1,0.0144605049190576,0.8106756757975507,0.8496685049472362,115404.79243278503,40.747700485940406,4.253013364579428,67.92411921747855,2903.433180332184,142
549,Uterus,90,-1,0.0145558834994426,0.8089008887795254,0.847838862255989,115494.12167143822,42.041171209379726,4.249847188204543,64.70060660928934,2814.103941679001,142
550,Uterus,100,-1,0.0144472245998868,0.8098759543058234,0.8483346864251763,115116.73254323006,37.06986762070586,4.241937760252955,57.84309077752976,3191.4930698871613,142
551,Vagina,1,-1,0.0162209980255678,0.8129113819923844,0.8697574003872199,124540.95190548895,122.03194281783033,4.704641280570439,167.70226634004135,1028.992421388626,156
552,Vagina,2,-1,0.0152618006360683,0.8275308197180846,0.8717191655303981,124617.56446313858,131.8485922559239,4.70752107025554,186.75943181553072,952.3798637390136,156
553,Vagina,3,-1,0.0154107669238923,0.8261970049421081,0.8715689933306046,124282.2291636467,97.51375763241056,4.705795059432046,174.85059791366362,1287.715163230896,156
554,Vagina,4,-1,0.0150149161030741,0.8318327645996137,0.870191668024583,124670.4261841774,139.5969001247031,4.710462587763732,211.283698473332,899.5181427001953,156
555,Vagina,5,-1,0.0152348116578097,0.830328761393015,0.8706170672043454,124771.59479022026,157.28692579021885,4.714180962725117,253.336275070348,798.3495366573334,156
556,Vagina,6,-1,0.0152116852639511,0.8321672642446758,0.8708740245027164,124691.2644739151,142.90750368694012,4.709230791710413,200.270875633278,878.6798529624939,156
557,Vagina,7,-1,0.015229217973281,0.834153639582915,0.8726513818908201,124075.6268734932,84.03163868726887,4.692705483392565,117.85717093842948,1494.3174533843994,156
558,Vagina,8,-1,0.0152062398525217,0.8306292670874963,0.8723843692863346,124237.59191441536,94.24679473114766,4.696549049368846,130.3314557621653,1332.3524124622345,156
559,Vagina,9,-1,0.0151094123734961,0.8319817413055018,0.8719410686908724,124043.87047624588,82.28300634002626,4.690473087806445,111.65042992131086,1526.073850631714,156
560,Vagina,10,-1,0.0151612508941879,0.8320548297636151,0.8723765101766182,124043.08063054083,82.24044138854386,4.697772937571794,134.87720646715422,1526.8636963367462,156
561,Vagina,20,-1,0.0149212173267672,0.8340235391029113,0.8736344542539364,123846.4319934845,72.8570036279733,4.69271283170694,117.87874119380884,1723.512333393097,156
562,Vagina,30,-1,0.0148597728608319,0.8354669013159259,0.8743787730730724,123908.44408488274,75.5762419728051,4.692117167881404,116.15547464776522,1661.5002419948578,156
563,Vagina,40,-1,0.0149031944275062,0.8369189519198813,0.8744382891411783,123254.56470751762,54.23298334187995,4.683506931928029,95.89202875117356,2315.37961935997,156
564,Vagina,50,-1,0.0149259138888839,0.8355581476749453,0.8744317149937186,122580.88649964333,42.00987454400159,4.6750513773080655,81.86684065492926,2989.057827234268,156
565,Vagina,60,-1,0.0147626254486833,0.8369407535314642,0.8741197025088104,123366.32770824432,56.98357112806616,4.677679865788014,85.76632299087798,2203.6166186332703,156
566,Vagina,70,-1,0.0148849409331727,0.8377890710500937,0.8748539900900214,122605.850366354,42.36368549689826,4.666667459442476,71.49810850198249,2964.0939605236053,156
567,Vagina,80,-1,0.0147849347034106,0.8350213692303947,0.8741406043414505,122694.29439806938,43.666631000150616,4.666626082915749,71.45344550956797,2875.6499288082123,156
568,Vagina,90,-1,0.0147943231502591,0.8367275209729789,0.8736793546473836,122394.45793914796,39.543530972795466,4.660648428932615,65.53880287413618,3175.486387729645,156
569,Vagina,100,-1,0.0148487468615513,0.8351943082465706,0.8750198712045999,122924.97915911674,47.47508430637727,4.652273574505526,58.72801786015896,2644.965167760849,156
