dataset,mode,alpha,num_permutations,pval_mode,num_clusters,num_sig
nk_cells,gt,0.01,1000,pvalue,-1,2230
nk_cells,gt,0.01,1000,pvalue_bh,-1,0
nk_cells,approx,0.01,1000,pvalue,1,1940
nk_cells,approx,0.01,1000,pvalue_bh,1,0
nk_cells,approx,0.01,1000,pvalue_westfall_young,1,66
nk_cells,approx,0.01,1000,pvalue,2,2113
nk_cells,approx,0.01,1000,pvalue_bh,2,0
nk_cells,approx,0.01,1000,pvalue_westfall_young,2,54
nk_cells,approx,0.01,1000,pvalue,3,2012
nk_cells,approx,0.01,1000,pvalue_bh,3,0
nk_cells,approx,0.01,1000,pvalue_westfall_young,3,71
nk_cells,approx,0.01,1000,pvalue,4,2202
nk_cells,approx,0.01,1000,pvalue_bh,4,0
nk_cells,approx,0.01,1000,pvalue_westfall_young,4,68
nk_cells,approx,0.01,1000,pvalue,5,2096
nk_cells,approx,0.01,1000,pvalue_bh,5,0
nk_cells,approx,0.01,1000,pvalue_westfall_young,5,62
nk_cells,approx,0.01,1000,pvalue,6,2029
nk_cells,approx,0.01,1000,pvalue_bh,6,0
nk_cells,approx,0.01,1000,pvalue_westfall_young,6,58
nk_cells,approx,0.01,1000,pvalue,7,2106
nk_cells,approx,0.01,1000,pvalue_bh,7,0
nk_cells,approx,0.01,1000,pvalue_westfall_young,7,67
nk_cells,approx,0.01,1000,pvalue,8,2000
nk_cells,approx,0.01,1000,pvalue_bh,8,0
nk_cells,approx,0.01,1000,pvalue_westfall_young,8,64
nk_cells,approx,0.01,1000,pvalue,9,2169
nk_cells,approx,0.01,1000,pvalue_bh,9,0
nk_cells,approx,0.01,1000,pvalue_westfall_young,9,64
nk_cells,approx,0.01,1000,pvalue,10,2130
nk_cells,approx,0.01,1000,pvalue_bh,10,0
nk_cells,approx,0.01,1000,pvalue_westfall_young,10,61
nk_cells,approx,0.01,1000,pvalue,20,1846
nk_cells,approx,0.01,1000,pvalue_bh,20,0
nk_cells,approx,0.01,1000,pvalue_westfall_young,20,70
nk_cells,approx,0.01,1000,pvalue,30,2090
nk_cells,approx,0.01,1000,pvalue_bh,30,0
nk_cells,approx,0.01,1000,pvalue_westfall_young,30,68
nk_cells,approx,0.01,1000,pvalue,40,2020
nk_cells,approx,0.01,1000,pvalue_bh,40,0
nk_cells,approx,0.01,1000,pvalue_westfall_young,40,66
nk_cells,approx,0.01,1000,pvalue,50,1988
nk_cells,approx,0.01,1000,pvalue_bh,50,0
nk_cells,approx,0.01,1000,pvalue_westfall_young,50,76
nk_cells,approx,0.01,1000,pvalue,60,2045
nk_cells,approx,0.01,1000,pvalue_bh,60,0
nk_cells,approx,0.01,1000,pvalue_westfall_young,60,70
nk_cells,approx,0.01,1000,pvalue,70,2084
nk_cells,approx,0.01,1000,pvalue_bh,70,0
nk_cells,approx,0.01,1000,pvalue_westfall_young,70,75
nk_cells,approx,0.01,1000,pvalue,80,2199
nk_cells,approx,0.01,1000,pvalue_bh,80,0
nk_cells,approx,0.01,1000,pvalue_westfall_young,80,70
nk_cells,approx,0.01,1000,pvalue,90,2083
nk_cells,approx,0.01,1000,pvalue_bh,90,0
nk_cells,approx,0.01,1000,pvalue_westfall_young,90,69
nk_cells,approx,0.01,1000,pvalue,100,2082
nk_cells,approx,0.01,1000,pvalue_bh,100,0
nk_cells,approx,0.01,1000,pvalue_westfall_young,100,72
nk_cells,gt,0.01,3000,pvalue,-1,2181
nk_cells,gt,0.01,3000,pvalue_bh,-1,0
nk_cells,approx,0.01,3000,pvalue,1,2025
nk_cells,approx,0.01,3000,pvalue_bh,1,0
nk_cells,approx,0.01,3000,pvalue_westfall_young,1,51
nk_cells,approx,0.01,3000,pvalue,2,1995
nk_cells,approx,0.01,3000,pvalue_bh,2,0
nk_cells,approx,0.01,3000,pvalue_westfall_young,2,55
nk_cells,approx,0.01,3000,pvalue,3,2023
nk_cells,approx,0.01,3000,pvalue_bh,3,0
nk_cells,approx,0.01,3000,pvalue_westfall_young,3,66
nk_cells,approx,0.01,3000,pvalue,4,2120
nk_cells,approx,0.01,3000,pvalue_bh,4,0
nk_cells,approx,0.01,3000,pvalue_westfall_young,4,65
nk_cells,approx,0.01,3000,pvalue,5,2047
nk_cells,approx,0.01,3000,pvalue_bh,5,0
nk_cells,approx,0.01,3000,pvalue_westfall_young,5,59
nk_cells,approx,0.01,3000,pvalue,6,2114
nk_cells,approx,0.01,3000,pvalue_bh,6,0
nk_cells,approx,0.01,3000,pvalue_westfall_young,6,60
nk_cells,approx,0.01,3000,pvalue,7,2017
nk_cells,approx,0.01,3000,pvalue_bh,7,0
nk_cells,approx,0.01,3000,pvalue_westfall_young,7,72
nk_cells,approx,0.01,3000,pvalue,8,2079
nk_cells,approx,0.01,3000,pvalue_bh,8,0
nk_cells,approx,0.01,3000,pvalue_westfall_young,8,66
nk_cells,approx,0.01,3000,pvalue,9,2070
nk_cells,approx,0.01,3000,pvalue_bh,9,0
nk_cells,approx,0.01,3000,pvalue_westfall_young,9,68
nk_cells,approx,0.01,3000,pvalue,10,2058
nk_cells,approx,0.01,3000,pvalue_bh,10,0
nk_cells,approx,0.01,3000,pvalue_westfall_young,10,67
nk_cells,approx,0.01,3000,pvalue,20,2015
nk_cells,approx,0.01,3000,pvalue_bh,20,0
nk_cells,approx,0.01,3000,pvalue_westfall_young,20,76
nk_cells,approx,0.01,3000,pvalue,30,2170
nk_cells,approx,0.01,3000,pvalue_bh,30,0
nk_cells,approx,0.01,3000,pvalue_westfall_young,30,63
nk_cells,approx,0.01,3000,pvalue,40,2064
nk_cells,approx,0.01,3000,pvalue_bh,40,0
nk_cells,approx,0.01,3000,pvalue_westfall_young,40,66
nk_cells,approx,0.01,3000,pvalue,50,1972
nk_cells,approx,0.01,3000,pvalue_bh,50,0
nk_cells,approx,0.01,3000,pvalue_westfall_young,50,71
nk_cells,approx,0.01,3000,pvalue,60,2112
nk_cells,approx,0.01,3000,pvalue_bh,60,0
nk_cells,approx,0.01,3000,pvalue_westfall_young,60,72
nk_cells,approx,0.01,3000,pvalue,70,2023
nk_cells,approx,0.01,3000,pvalue_bh,70,0
nk_cells,approx,0.01,3000,pvalue_westfall_young,70,71
nk_cells,approx,0.01,3000,pvalue,80,1992
nk_cells,approx,0.01,3000,pvalue_bh,80,0
nk_cells,approx,0.01,3000,pvalue_westfall_young,80,67
nk_cells,approx,0.01,3000,pvalue,90,2048
nk_cells,approx,0.01,3000,pvalue_bh,90,0
nk_cells,approx,0.01,3000,pvalue_westfall_young,90,68
nk_cells,approx,0.01,3000,pvalue,100,2150
nk_cells,approx,0.01,3000,pvalue_bh,100,0
nk_cells,approx,0.01,3000,pvalue_westfall_young,100,69
nk_cells,gt,0.01,5000,pvalue,-1,2201
nk_cells,gt,0.01,5000,pvalue_bh,-1,0
nk_cells,approx,0.01,5000,pvalue,1,2080
nk_cells,approx,0.01,5000,pvalue_bh,1,0
nk_cells,approx,0.01,5000,pvalue_westfall_young,1,56
nk_cells,approx,0.01,5000,pvalue,2,1909
nk_cells,approx,0.01,5000,pvalue_bh,2,0
nk_cells,approx,0.01,5000,pvalue_westfall_young,2,69
nk_cells,approx,0.01,5000,pvalue,3,1964
nk_cells,approx,0.01,5000,pvalue_bh,3,0
nk_cells,approx,0.01,5000,pvalue_westfall_young,3,66
nk_cells,approx,0.01,5000,pvalue,4,2163
nk_cells,approx,0.01,5000,pvalue_bh,4,0
nk_cells,approx,0.01,5000,pvalue_westfall_young,4,60
nk_cells,approx,0.01,5000,pvalue,5,2073
nk_cells,approx,0.01,5000,pvalue_bh,5,0
nk_cells,approx,0.01,5000,pvalue_westfall_young,5,65
nk_cells,approx,0.01,5000,pvalue,6,2185
nk_cells,approx,0.01,5000,pvalue_bh,6,0
nk_cells,approx,0.01,5000,pvalue_westfall_young,6,60
nk_cells,approx,0.01,5000,pvalue,7,1907
nk_cells,approx,0.01,5000,pvalue_bh,7,0
nk_cells,approx,0.01,5000,pvalue_westfall_young,7,65
nk_cells,approx,0.01,5000,pvalue,8,1919
nk_cells,approx,0.01,5000,pvalue_bh,8,0
nk_cells,approx,0.01,5000,pvalue_westfall_young,8,66
nk_cells,approx,0.01,5000,pvalue,9,2015
nk_cells,approx,0.01,5000,pvalue_bh,9,0
nk_cells,approx,0.01,5000,pvalue_westfall_young,9,68
nk_cells,approx,0.01,5000,pvalue,10,2098
nk_cells,approx,0.01,5000,pvalue_bh,10,0
nk_cells,approx,0.01,5000,pvalue_westfall_young,10,62
nk_cells,approx,0.01,5000,pvalue,20,2048
nk_cells,approx,0.01,5000,pvalue_bh,20,0
nk_cells,approx,0.01,5000,pvalue_westfall_young,20,67
nk_cells,approx,0.01,5000,pvalue,30,2097
nk_cells,approx,0.01,5000,pvalue_bh,30,0
nk_cells,approx,0.01,5000,pvalue_westfall_young,30,64
nk_cells,approx,0.01,5000,pvalue,40,2109
nk_cells,approx,0.01,5000,pvalue_bh,40,0
nk_cells,approx,0.01,5000,pvalue_westfall_young,40,69
nk_cells,approx,0.01,5000,pvalue,50,1959
nk_cells,approx,0.01,5000,pvalue_bh,50,0
nk_cells,approx,0.01,5000,pvalue_westfall_young,50,68
nk_cells,approx,0.01,5000,pvalue,60,2168
nk_cells,approx,0.01,5000,pvalue_bh,60,0
nk_cells,approx,0.01,5000,pvalue_westfall_young,60,69
nk_cells,approx,0.01,5000,pvalue,70,2032
nk_cells,approx,0.01,5000,pvalue_bh,70,0
nk_cells,approx,0.01,5000,pvalue_westfall_young,70,69
nk_cells,approx,0.01,5000,pvalue,80,2082
nk_cells,approx,0.01,5000,pvalue_bh,80,0
nk_cells,approx,0.01,5000,pvalue_westfall_young,80,69
nk_cells,approx,0.01,5000,pvalue,90,2141
nk_cells,approx,0.01,5000,pvalue_bh,90,0
nk_cells,approx,0.01,5000,pvalue_westfall_young,90,68
nk_cells,approx,0.01,5000,pvalue,100,2080
nk_cells,approx,0.01,5000,pvalue_bh,100,0
nk_cells,approx,0.01,5000,pvalue_westfall_young,100,67
nk_cells,gt,0.01,7000,pvalue,-1,2205
nk_cells,gt,0.01,7000,pvalue_bh,-1,0
nk_cells,approx,0.01,7000,pvalue,1,2025
nk_cells,approx,0.01,7000,pvalue_bh,1,0
nk_cells,approx,0.01,7000,pvalue_westfall_young,1,55
nk_cells,approx,0.01,7000,pvalue,2,1971
nk_cells,approx,0.01,7000,pvalue_bh,2,0
nk_cells,approx,0.01,7000,pvalue_westfall_young,2,62
nk_cells,approx,0.01,7000,pvalue,3,2085
nk_cells,approx,0.01,7000,pvalue_bh,3,0
nk_cells,approx,0.01,7000,pvalue_westfall_young,3,65
nk_cells,approx,0.01,7000,pvalue,4,2045
nk_cells,approx,0.01,7000,pvalue_bh,4,0
nk_cells,approx,0.01,7000,pvalue_westfall_young,4,59
nk_cells,approx,0.01,7000,pvalue,5,2116
nk_cells,approx,0.01,7000,pvalue_bh,5,0
nk_cells,approx,0.01,7000,pvalue_westfall_young,5,67
nk_cells,approx,0.01,7000,pvalue,6,2144
nk_cells,approx,0.01,7000,pvalue_bh,6,0
nk_cells,approx,0.01,7000,pvalue_westfall_young,6,65
nk_cells,approx,0.01,7000,pvalue,7,2156
nk_cells,approx,0.01,7000,pvalue_bh,7,0
nk_cells,approx,0.01,7000,pvalue_westfall_young,7,69
nk_cells,approx,0.01,7000,pvalue,8,2131
nk_cells,approx,0.01,7000,pvalue_bh,8,0
nk_cells,approx,0.01,7000,pvalue_westfall_young,8,64
nk_cells,approx,0.01,7000,pvalue,9,2099
nk_cells,approx,0.01,7000,pvalue_bh,9,0
nk_cells,approx,0.01,7000,pvalue_westfall_young,9,63
nk_cells,approx,0.01,7000,pvalue,10,2140
nk_cells,approx,0.01,7000,pvalue_bh,10,0
nk_cells,approx,0.01,7000,pvalue_westfall_young,10,62
nk_cells,approx,0.01,7000,pvalue,20,1982
nk_cells,approx,0.01,7000,pvalue_bh,20,0
nk_cells,approx,0.01,7000,pvalue_westfall_young,20,69
nk_cells,approx,0.01,7000,pvalue,30,2024
nk_cells,approx,0.01,7000,pvalue_bh,30,0
nk_cells,approx,0.01,7000,pvalue_westfall_young,30,70
nk_cells,approx,0.01,7000,pvalue,40,2043
nk_cells,approx,0.01,7000,pvalue_bh,40,0
nk_cells,approx,0.01,7000,pvalue_westfall_young,40,71
nk_cells,approx,0.01,7000,pvalue,50,1909
nk_cells,approx,0.01,7000,pvalue_bh,50,0
nk_cells,approx,0.01,7000,pvalue_westfall_young,50,71
nk_cells,approx,0.01,7000,pvalue,60,2015
nk_cells,approx,0.01,7000,pvalue_bh,60,0
nk_cells,approx,0.01,7000,pvalue_westfall_young,60,74
nk_cells,approx,0.01,7000,pvalue,70,2115
nk_cells,approx,0.01,7000,pvalue_bh,70,0
nk_cells,approx,0.01,7000,pvalue_westfall_young,70,69
nk_cells,approx,0.01,7000,pvalue,80,2092
nk_cells,approx,0.01,7000,pvalue_bh,80,0
nk_cells,approx,0.01,7000,pvalue_westfall_young,80,63
nk_cells,approx,0.01,7000,pvalue,90,2058
nk_cells,approx,0.01,7000,pvalue_bh,90,0
nk_cells,approx,0.01,7000,pvalue_westfall_young,90,67
nk_cells,approx,0.01,7000,pvalue,100,2153
nk_cells,approx,0.01,7000,pvalue_bh,100,0
nk_cells,approx,0.01,7000,pvalue_westfall_young,100,70
nk_cells,gt,0.01,10000,pvalue,-1,2145
nk_cells,gt,0.01,10000,pvalue_bh,-1,0
nk_cells,approx,0.01,10000,pvalue,1,1972
nk_cells,approx,0.01,10000,pvalue_bh,1,0
nk_cells,approx,0.01,10000,pvalue_westfall_young,1,56
nk_cells,approx,0.01,10000,pvalue,2,2075
nk_cells,approx,0.01,10000,pvalue_bh,2,0
nk_cells,approx,0.01,10000,pvalue_westfall_young,2,64
nk_cells,approx,0.01,10000,pvalue,3,1989
nk_cells,approx,0.01,10000,pvalue_bh,3,0
nk_cells,approx,0.01,10000,pvalue_westfall_young,3,70
nk_cells,approx,0.01,10000,pvalue,4,2046
nk_cells,approx,0.01,10000,pvalue_bh,4,0
nk_cells,approx,0.01,10000,pvalue_westfall_young,4,62
nk_cells,approx,0.01,10000,pvalue,5,2074
nk_cells,approx,0.01,10000,pvalue_bh,5,0
nk_cells,approx,0.01,10000,pvalue_westfall_young,5,65
nk_cells,approx,0.01,10000,pvalue,6,2137
nk_cells,approx,0.01,10000,pvalue_bh,6,0
nk_cells,approx,0.01,10000,pvalue_westfall_young,6,59
nk_cells,approx,0.01,10000,pvalue,7,2096
nk_cells,approx,0.01,10000,pvalue_bh,7,0
nk_cells,approx,0.01,10000,pvalue_westfall_young,7,67
nk_cells,approx,0.01,10000,pvalue,8,1937
nk_cells,approx,0.01,10000,pvalue_bh,8,0
nk_cells,approx,0.01,10000,pvalue_westfall_young,8,66
nk_cells,approx,0.01,10000,pvalue,9,2177
nk_cells,approx,0.01,10000,pvalue_bh,9,0
nk_cells,approx,0.01,10000,pvalue_westfall_young,9,65
nk_cells,approx,0.01,10000,pvalue,10,2071
nk_cells,approx,0.01,10000,pvalue_bh,10,0
nk_cells,approx,0.01,10000,pvalue_westfall_young,10,65
nk_cells,approx,0.01,10000,pvalue,20,2001
nk_cells,approx,0.01,10000,pvalue_bh,20,0
nk_cells,approx,0.01,10000,pvalue_westfall_young,20,67
nk_cells,approx,0.01,10000,pvalue,30,2028
nk_cells,approx,0.01,10000,pvalue_bh,30,0
nk_cells,approx,0.01,10000,pvalue_westfall_young,30,66
nk_cells,approx,0.01,10000,pvalue,40,2069
nk_cells,approx,0.01,10000,pvalue_bh,40,0
nk_cells,approx,0.01,10000,pvalue_westfall_young,40,68
nk_cells,approx,0.01,10000,pvalue,50,1933
nk_cells,approx,0.01,10000,pvalue_bh,50,0
nk_cells,approx,0.01,10000,pvalue_westfall_young,50,68
nk_cells,approx,0.01,10000,pvalue,60,2057
nk_cells,approx,0.01,10000,pvalue_bh,60,0
nk_cells,approx,0.01,10000,pvalue_westfall_young,60,70
nk_cells,approx,0.01,10000,pvalue,70,2050
nk_cells,approx,0.01,10000,pvalue_bh,70,0
nk_cells,approx,0.01,10000,pvalue_westfall_young,70,68
nk_cells,approx,0.01,10000,pvalue,80,2224
nk_cells,approx,0.01,10000,pvalue_bh,80,0
nk_cells,approx,0.01,10000,pvalue_westfall_young,80,65
nk_cells,approx,0.01,10000,pvalue,90,2050
nk_cells,approx,0.01,10000,pvalue_bh,90,0
nk_cells,approx,0.01,10000,pvalue_westfall_young,90,66
nk_cells,approx,0.01,10000,pvalue,100,2021
nk_cells,approx,0.01,10000,pvalue_bh,100,0
nk_cells,approx,0.01,10000,pvalue_westfall_young,100,72
nk_cells,gt,0.05,1000,pvalue,-1,7863
nk_cells,gt,0.05,1000,pvalue_bh,-1,0
nk_cells,approx,0.05,1000,pvalue,1,7638
nk_cells,approx,0.05,1000,pvalue_bh,1,0
nk_cells,approx,0.05,1000,pvalue_westfall_young,1,229
nk_cells,approx,0.05,1000,pvalue,2,7739
nk_cells,approx,0.05,1000,pvalue_bh,2,0
nk_cells,approx,0.05,1000,pvalue_westfall_young,2,196
nk_cells,approx,0.05,1000,pvalue,3,7580
nk_cells,approx,0.05,1000,pvalue_bh,3,0
nk_cells,approx,0.05,1000,pvalue_westfall_young,3,190
nk_cells,approx,0.05,1000,pvalue,4,7868
nk_cells,approx,0.05,1000,pvalue_bh,4,0
nk_cells,approx,0.05,1000,pvalue_westfall_young,4,191
nk_cells,approx,0.05,1000,pvalue,5,7677
nk_cells,approx,0.05,1000,pvalue_bh,5,0
nk_cells,approx,0.05,1000,pvalue_westfall_young,5,182
nk_cells,approx,0.05,1000,pvalue,6,7696
nk_cells,approx,0.05,1000,pvalue_bh,6,0
nk_cells,approx,0.05,1000,pvalue_westfall_young,6,161
nk_cells,approx,0.05,1000,pvalue,7,7843
nk_cells,approx,0.05,1000,pvalue_bh,7,0
nk_cells,approx,0.05,1000,pvalue_westfall_young,7,191
nk_cells,approx,0.05,1000,pvalue,8,7584
nk_cells,approx,0.05,1000,pvalue_bh,8,0
nk_cells,approx,0.05,1000,pvalue_westfall_young,8,182
nk_cells,approx,0.05,1000,pvalue,9,7831
nk_cells,approx,0.05,1000,pvalue_bh,9,0
nk_cells,approx,0.05,1000,pvalue_westfall_young,9,180
nk_cells,approx,0.05,1000,pvalue,10,7767
nk_cells,approx,0.05,1000,pvalue_bh,10,0
nk_cells,approx,0.05,1000,pvalue_westfall_young,10,175
nk_cells,approx,0.05,1000,pvalue,20,7523
nk_cells,approx,0.05,1000,pvalue_bh,20,0
nk_cells,approx,0.05,1000,pvalue_westfall_young,20,207
nk_cells,approx,0.05,1000,pvalue,30,7666
nk_cells,approx,0.05,1000,pvalue_bh,30,0
nk_cells,approx,0.05,1000,pvalue_westfall_young,30,169
nk_cells,approx,0.05,1000,pvalue,40,7564
nk_cells,approx,0.05,1000,pvalue_bh,40,0
nk_cells,approx,0.05,1000,pvalue_westfall_young,40,178
nk_cells,approx,0.05,1000,pvalue,50,7525
nk_cells,approx,0.05,1000,pvalue_bh,50,0
nk_cells,approx,0.05,1000,pvalue_westfall_young,50,204
nk_cells,approx,0.05,1000,pvalue,60,7580
nk_cells,approx,0.05,1000,pvalue_bh,60,0
nk_cells,approx,0.05,1000,pvalue_westfall_young,60,196
nk_cells,approx,0.05,1000,pvalue,70,7670
nk_cells,approx,0.05,1000,pvalue_bh,70,0
nk_cells,approx,0.05,1000,pvalue_westfall_young,70,199
nk_cells,approx,0.05,1000,pvalue,80,7912
nk_cells,approx,0.05,1000,pvalue_bh,80,0
nk_cells,approx,0.05,1000,pvalue_westfall_young,80,196
nk_cells,approx,0.05,1000,pvalue,90,7663
nk_cells,approx,0.05,1000,pvalue_bh,90,0
nk_cells,approx,0.05,1000,pvalue_westfall_young,90,189
nk_cells,approx,0.05,1000,pvalue,100,7700
nk_cells,approx,0.05,1000,pvalue_bh,100,0
nk_cells,approx,0.05,1000,pvalue_westfall_young,100,200
nk_cells,gt,0.05,3000,pvalue,-1,7894
nk_cells,gt,0.05,3000,pvalue_bh,-1,0
nk_cells,approx,0.05,3000,pvalue,1,7672
nk_cells,approx,0.05,3000,pvalue_bh,1,0
nk_cells,approx,0.05,3000,pvalue_westfall_young,1,200
nk_cells,approx,0.05,3000,pvalue,2,7571
nk_cells,approx,0.05,3000,pvalue_bh,2,0
nk_cells,approx,0.05,3000,pvalue_westfall_young,2,192
nk_cells,approx,0.05,3000,pvalue,3,7674
nk_cells,approx,0.05,3000,pvalue_bh,3,0
nk_cells,approx,0.05,3000,pvalue_westfall_young,3,183
nk_cells,approx,0.05,3000,pvalue,4,7883
nk_cells,approx,0.05,3000,pvalue_bh,4,0
nk_cells,approx,0.05,3000,pvalue_westfall_young,4,174
nk_cells,approx,0.05,3000,pvalue,5,7673
nk_cells,approx,0.05,3000,pvalue_bh,5,0
nk_cells,approx,0.05,3000,pvalue_westfall_young,5,175
nk_cells,approx,0.05,3000,pvalue,6,7769
nk_cells,approx,0.05,3000,pvalue_bh,6,0
nk_cells,approx,0.05,3000,pvalue_westfall_young,6,190
nk_cells,approx,0.05,3000,pvalue,7,7684
nk_cells,approx,0.05,3000,pvalue_bh,7,0
nk_cells,approx,0.05,3000,pvalue_westfall_young,7,189
nk_cells,approx,0.05,3000,pvalue,8,7676
nk_cells,approx,0.05,3000,pvalue_bh,8,0
nk_cells,approx,0.05,3000,pvalue_westfall_young,8,167
nk_cells,approx,0.05,3000,pvalue,9,7663
nk_cells,approx,0.05,3000,pvalue_bh,9,0
nk_cells,approx,0.05,3000,pvalue_westfall_young,9,178
nk_cells,approx,0.05,3000,pvalue,10,7646
nk_cells,approx,0.05,3000,pvalue_bh,10,0
nk_cells,approx,0.05,3000,pvalue_westfall_young,10,180
nk_cells,approx,0.05,3000,pvalue,20,7633
nk_cells,approx,0.05,3000,pvalue_bh,20,0
nk_cells,approx,0.05,3000,pvalue_westfall_young,20,205
nk_cells,approx,0.05,3000,pvalue,30,7822
nk_cells,approx,0.05,3000,pvalue_bh,30,0
nk_cells,approx,0.05,3000,pvalue_westfall_young,30,175
nk_cells,approx,0.05,3000,pvalue,40,7619
nk_cells,approx,0.05,3000,pvalue_bh,40,0
nk_cells,approx,0.05,3000,pvalue_westfall_young,40,187
nk_cells,approx,0.05,3000,pvalue,50,7549
nk_cells,approx,0.05,3000,pvalue_bh,50,0
nk_cells,approx,0.05,3000,pvalue_westfall_young,50,202
nk_cells,approx,0.05,3000,pvalue,60,7643
nk_cells,approx,0.05,3000,pvalue_bh,60,0
nk_cells,approx,0.05,3000,pvalue_westfall_young,60,205
nk_cells,approx,0.05,3000,pvalue,70,7588
nk_cells,approx,0.05,3000,pvalue_bh,70,0
nk_cells,approx,0.05,3000,pvalue_westfall_young,70,202
nk_cells,approx,0.05,3000,pvalue,80,7581
nk_cells,approx,0.05,3000,pvalue_bh,80,0
nk_cells,approx,0.05,3000,pvalue_westfall_young,80,181
nk_cells,approx,0.05,3000,pvalue,90,7714
nk_cells,approx,0.05,3000,pvalue_bh,90,0
nk_cells,approx,0.05,3000,pvalue_westfall_young,90,193
nk_cells,approx,0.05,3000,pvalue,100,7743
nk_cells,approx,0.05,3000,pvalue_bh,100,0
nk_cells,approx,0.05,3000,pvalue_westfall_young,100,200
nk_cells,gt,0.05,5000,pvalue,-1,7799
nk_cells,gt,0.05,5000,pvalue_bh,-1,0
nk_cells,approx,0.05,5000,pvalue,1,7642
nk_cells,approx,0.05,5000,pvalue_bh,1,0
nk_cells,approx,0.05,5000,pvalue_westfall_young,1,214
nk_cells,approx,0.05,5000,pvalue,2,7522
nk_cells,approx,0.05,5000,pvalue_bh,2,0
nk_cells,approx,0.05,5000,pvalue_westfall_young,2,205
nk_cells,approx,0.05,5000,pvalue,3,7626
nk_cells,approx,0.05,5000,pvalue_bh,3,0
nk_cells,approx,0.05,5000,pvalue_westfall_young,3,196
nk_cells,approx,0.05,5000,pvalue,4,7768
nk_cells,approx,0.05,5000,pvalue_bh,4,0
nk_cells,approx,0.05,5000,pvalue_westfall_young,4,175
nk_cells,approx,0.05,5000,pvalue,5,7709
nk_cells,approx,0.05,5000,pvalue_bh,5,0
nk_cells,approx,0.05,5000,pvalue_westfall_young,5,169
nk_cells,approx,0.05,5000,pvalue,6,7869
nk_cells,approx,0.05,5000,pvalue_bh,6,0
nk_cells,approx,0.05,5000,pvalue_westfall_young,6,181
nk_cells,approx,0.05,5000,pvalue,7,7487
nk_cells,approx,0.05,5000,pvalue_bh,7,0
nk_cells,approx,0.05,5000,pvalue_westfall_young,7,173
nk_cells,approx,0.05,5000,pvalue,8,7446
nk_cells,approx,0.05,5000,pvalue_bh,8,0
nk_cells,approx,0.05,5000,pvalue_westfall_young,8,180
nk_cells,approx,0.05,5000,pvalue,9,7653
nk_cells,approx,0.05,5000,pvalue_bh,9,0
nk_cells,approx,0.05,5000,pvalue_westfall_young,9,182
nk_cells,approx,0.05,5000,pvalue,10,7741
nk_cells,approx,0.05,5000,pvalue_bh,10,0
nk_cells,approx,0.05,5000,pvalue_westfall_young,10,176
nk_cells,approx,0.05,5000,pvalue,20,7740
nk_cells,approx,0.05,5000,pvalue_bh,20,0
nk_cells,approx,0.05,5000,pvalue_westfall_young,20,184
nk_cells,approx,0.05,5000,pvalue,30,7716
nk_cells,approx,0.05,5000,pvalue_bh,30,0
nk_cells,approx,0.05,5000,pvalue_westfall_young,30,179
nk_cells,approx,0.05,5000,pvalue,40,7616
nk_cells,approx,0.05,5000,pvalue_bh,40,0
nk_cells,approx,0.05,5000,pvalue_westfall_young,40,191
nk_cells,approx,0.05,5000,pvalue,50,7512
nk_cells,approx,0.05,5000,pvalue_bh,50,0
nk_cells,approx,0.05,5000,pvalue_westfall_young,50,200
nk_cells,approx,0.05,5000,pvalue,60,7779
nk_cells,approx,0.05,5000,pvalue_bh,60,0
nk_cells,approx,0.05,5000,pvalue_westfall_young,60,196
nk_cells,approx,0.05,5000,pvalue,70,7643
nk_cells,approx,0.05,5000,pvalue_bh,70,0
nk_cells,approx,0.05,5000,pvalue_westfall_young,70,196
nk_cells,approx,0.05,5000,pvalue,80,7660
nk_cells,approx,0.05,5000,pvalue_bh,80,0
nk_cells,approx,0.05,5000,pvalue_westfall_young,80,195
nk_cells,approx,0.05,5000,pvalue,90,7740
nk_cells,approx,0.05,5000,pvalue_bh,90,0
nk_cells,approx,0.05,5000,pvalue_westfall_young,90,190
nk_cells,approx,0.05,5000,pvalue,100,7689
nk_cells,approx,0.05,5000,pvalue_bh,100,0
nk_cells,approx,0.05,5000,pvalue_westfall_young,100,196
nk_cells,gt,0.05,7000,pvalue,-1,7750
nk_cells,gt,0.05,7000,pvalue_bh,-1,220
nk_cells,approx,0.05,7000,pvalue,1,7784
nk_cells,approx,0.05,7000,pvalue_bh,1,0
nk_cells,approx,0.05,7000,pvalue_westfall_young,1,217
nk_cells,approx,0.05,7000,pvalue,2,7635
nk_cells,approx,0.05,7000,pvalue_bh,2,0
nk_cells,approx,0.05,7000,pvalue_westfall_young,2,190
nk_cells,approx,0.05,7000,pvalue,3,7640
nk_cells,approx,0.05,7000,pvalue_bh,3,0
nk_cells,approx,0.05,7000,pvalue_westfall_young,3,189
nk_cells,approx,0.05,7000,pvalue,4,7691
nk_cells,approx,0.05,7000,pvalue_bh,4,0
nk_cells,approx,0.05,7000,pvalue_westfall_young,4,168
nk_cells,approx,0.05,7000,pvalue,5,7715
nk_cells,approx,0.05,7000,pvalue_bh,5,0
nk_cells,approx,0.05,7000,pvalue_westfall_young,5,185
nk_cells,approx,0.05,7000,pvalue,6,7734
nk_cells,approx,0.05,7000,pvalue_bh,6,0
nk_cells,approx,0.05,7000,pvalue_westfall_young,6,181
nk_cells,approx,0.05,7000,pvalue,7,7798
nk_cells,approx,0.05,7000,pvalue_bh,7,0
nk_cells,approx,0.05,7000,pvalue_westfall_young,7,195
nk_cells,approx,0.05,7000,pvalue,8,7685
nk_cells,approx,0.05,7000,pvalue_bh,8,0
nk_cells,approx,0.05,7000,pvalue_westfall_young,8,173
nk_cells,approx,0.05,7000,pvalue,9,7771
nk_cells,approx,0.05,7000,pvalue_bh,9,0
nk_cells,approx,0.05,7000,pvalue_westfall_young,9,176
nk_cells,approx,0.05,7000,pvalue,10,7634
nk_cells,approx,0.05,7000,pvalue_bh,10,0
nk_cells,approx,0.05,7000,pvalue_westfall_young,10,181
nk_cells,approx,0.05,7000,pvalue,20,7558
nk_cells,approx,0.05,7000,pvalue_bh,20,0
nk_cells,approx,0.05,7000,pvalue_westfall_young,20,197
nk_cells,approx,0.05,7000,pvalue,30,7704
nk_cells,approx,0.05,7000,pvalue_bh,30,0
nk_cells,approx,0.05,7000,pvalue_westfall_young,30,184
nk_cells,approx,0.05,7000,pvalue,40,7682
nk_cells,approx,0.05,7000,pvalue_bh,40,0
nk_cells,approx,0.05,7000,pvalue_westfall_young,40,191
nk_cells,approx,0.05,7000,pvalue,50,7595
nk_cells,approx,0.05,7000,pvalue_bh,50,0
nk_cells,approx,0.05,7000,pvalue_westfall_young,50,205
nk_cells,approx,0.05,7000,pvalue,60,7567
nk_cells,approx,0.05,7000,pvalue_bh,60,0
nk_cells,approx,0.05,7000,pvalue_westfall_young,60,203
nk_cells,approx,0.05,7000,pvalue,70,7776
nk_cells,approx,0.05,7000,pvalue_bh,70,0
nk_cells,approx,0.05,7000,pvalue_westfall_young,70,190
nk_cells,approx,0.05,7000,pvalue,80,7681
nk_cells,approx,0.05,7000,pvalue_bh,80,0
nk_cells,approx,0.05,7000,pvalue_westfall_young,80,185
nk_cells,approx,0.05,7000,pvalue,90,7588
nk_cells,approx,0.05,7000,pvalue_bh,90,0
nk_cells,approx,0.05,7000,pvalue_westfall_young,90,189
nk_cells,approx,0.05,7000,pvalue,100,7781
nk_cells,approx,0.05,7000,pvalue_bh,100,0
nk_cells,approx,0.05,7000,pvalue_westfall_young,100,206
nk_cells,gt,0.05,10000,pvalue,-1,7704
nk_cells,gt,0.05,10000,pvalue_bh,-1,187
nk_cells,approx,0.05,10000,pvalue,1,7612
nk_cells,approx,0.05,10000,pvalue_bh,1,0
nk_cells,approx,0.05,10000,pvalue_westfall_young,1,206
nk_cells,approx,0.05,10000,pvalue,2,7745
nk_cells,approx,0.05,10000,pvalue_bh,2,0
nk_cells,approx,0.05,10000,pvalue_westfall_young,2,200
nk_cells,approx,0.05,10000,pvalue,3,7656
nk_cells,approx,0.05,10000,pvalue_bh,3,0
nk_cells,approx,0.05,10000,pvalue_westfall_young,3,202
nk_cells,approx,0.05,10000,pvalue,4,7569
nk_cells,approx,0.05,10000,pvalue_bh,4,0
nk_cells,approx,0.05,10000,pvalue_westfall_young,4,172
nk_cells,approx,0.05,10000,pvalue,5,7736
nk_cells,approx,0.05,10000,pvalue_bh,5,0
nk_cells,approx,0.05,10000,pvalue_westfall_young,5,172
nk_cells,approx,0.05,10000,pvalue,6,7739
nk_cells,approx,0.05,10000,pvalue_bh,6,0
nk_cells,approx,0.05,10000,pvalue_westfall_young,6,167
nk_cells,approx,0.05,10000,pvalue,7,7724
nk_cells,approx,0.05,10000,pvalue_bh,7,0
nk_cells,approx,0.05,10000,pvalue_westfall_young,7,184
nk_cells,approx,0.05,10000,pvalue,8,7553
nk_cells,approx,0.05,10000,pvalue_bh,8,0
nk_cells,approx,0.05,10000,pvalue_westfall_young,8,177
nk_cells,approx,0.05,10000,pvalue,9,7791
nk_cells,approx,0.05,10000,pvalue_bh,9,0
nk_cells,approx,0.05,10000,pvalue_westfall_young,9,180
nk_cells,approx,0.05,10000,pvalue,10,7760
nk_cells,approx,0.05,10000,pvalue_bh,10,0
nk_cells,approx,0.05,10000,pvalue_westfall_young,10,185
nk_cells,approx,0.05,10000,pvalue,20,7657
nk_cells,approx,0.05,10000,pvalue_bh,20,0
nk_cells,approx,0.05,10000,pvalue_westfall_young,20,191
nk_cells,approx,0.05,10000,pvalue,30,7696
nk_cells,approx,0.05,10000,pvalue_bh,30,0
nk_cells,approx,0.05,10000,pvalue_westfall_young,30,173
nk_cells,approx,0.05,10000,pvalue,40,7554
nk_cells,approx,0.05,10000,pvalue_bh,40,0
nk_cells,approx,0.05,10000,pvalue_westfall_young,40,195
nk_cells,approx,0.05,10000,pvalue,50,7551
nk_cells,approx,0.05,10000,pvalue_bh,50,0
nk_cells,approx,0.05,10000,pvalue_westfall_young,50,203
nk_cells,approx,0.05,10000,pvalue,60,7595
nk_cells,approx,0.05,10000,pvalue_bh,60,0
nk_cells,approx,0.05,10000,pvalue_westfall_young,60,193
nk_cells,approx,0.05,10000,pvalue,70,7710
nk_cells,approx,0.05,10000,pvalue_bh,70,0
nk_cells,approx,0.05,10000,pvalue_westfall_young,70,198
nk_cells,approx,0.05,10000,pvalue,80,7845
nk_cells,approx,0.05,10000,pvalue_bh,80,163
nk_cells,approx,0.05,10000,pvalue_westfall_young,80,185
nk_cells,approx,0.05,10000,pvalue,90,7543
nk_cells,approx,0.05,10000,pvalue_bh,90,0
nk_cells,approx,0.05,10000,pvalue_westfall_young,90,193
nk_cells,approx,0.05,10000,pvalue,100,7617
nk_cells,approx,0.05,10000,pvalue_bh,100,0
nk_cells,approx,0.05,10000,pvalue_westfall_young,100,201
dc,gt,0.01,1000,pvalue,-1,2551
dc,gt,0.01,1000,pvalue_bh,-1,0
dc,approx,0.01,1000,pvalue,1,2493
dc,approx,0.01,1000,pvalue_bh,1,0
dc,approx,0.01,1000,pvalue_westfall_young,1,42
dc,approx,0.01,1000,pvalue,2,2414
dc,approx,0.01,1000,pvalue_bh,2,0
dc,approx,0.01,1000,pvalue_westfall_young,2,94
dc,approx,0.01,1000,pvalue,3,2414
dc,approx,0.01,1000,pvalue_bh,3,0
dc,approx,0.01,1000,pvalue_westfall_young,3,102
dc,approx,0.01,1000,pvalue,4,2616
dc,approx,0.01,1000,pvalue_bh,4,0
dc,approx,0.01,1000,pvalue_westfall_young,4,83
dc,approx,0.01,1000,pvalue,5,2490
dc,approx,0.01,1000,pvalue_bh,5,0
dc,approx,0.01,1000,pvalue_westfall_young,5,100
dc,approx,0.01,1000,pvalue,6,2545
dc,approx,0.01,1000,pvalue_bh,6,0
dc,approx,0.01,1000,pvalue_westfall_young,6,111
dc,approx,0.01,1000,pvalue,7,2552
dc,approx,0.01,1000,pvalue_bh,7,0
dc,approx,0.01,1000,pvalue_westfall_young,7,85
dc,approx,0.01,1000,pvalue,8,2588
dc,approx,0.01,1000,pvalue_bh,8,0
dc,approx,0.01,1000,pvalue_westfall_young,8,86
dc,approx,0.01,1000,pvalue,9,2652
dc,approx,0.01,1000,pvalue_bh,9,0
dc,approx,0.01,1000,pvalue_westfall_young,9,131
dc,approx,0.01,1000,pvalue,10,2709
dc,approx,0.01,1000,pvalue_bh,10,0
dc,approx,0.01,1000,pvalue_westfall_young,10,124
dc,approx,0.01,1000,pvalue,20,2485
dc,approx,0.01,1000,pvalue_bh,20,0
dc,approx,0.01,1000,pvalue_westfall_young,20,103
dc,approx,0.01,1000,pvalue,30,2573
dc,approx,0.01,1000,pvalue_bh,30,0
dc,approx,0.01,1000,pvalue_westfall_young,30,116
dc,approx,0.01,1000,pvalue,40,2640
dc,approx,0.01,1000,pvalue_bh,40,0
dc,approx,0.01,1000,pvalue_westfall_young,40,104
dc,approx,0.01,1000,pvalue,50,2580
dc,approx,0.01,1000,pvalue_bh,50,0
dc,approx,0.01,1000,pvalue_westfall_young,50,116
dc,approx,0.01,1000,pvalue,60,2439
dc,approx,0.01,1000,pvalue_bh,60,0
dc,approx,0.01,1000,pvalue_westfall_young,60,110
dc,approx,0.01,1000,pvalue,70,2550
dc,approx,0.01,1000,pvalue_bh,70,0
dc,approx,0.01,1000,pvalue_westfall_young,70,117
dc,approx,0.01,1000,pvalue,80,2604
dc,approx,0.01,1000,pvalue_bh,80,0
dc,approx,0.01,1000,pvalue_westfall_young,80,104
dc,approx,0.01,1000,pvalue,90,2577
dc,approx,0.01,1000,pvalue_bh,90,0
dc,approx,0.01,1000,pvalue_westfall_young,90,117
dc,approx,0.01,1000,pvalue,100,2686
dc,approx,0.01,1000,pvalue_bh,100,0
dc,approx,0.01,1000,pvalue_westfall_young,100,113
dc,gt,0.01,3000,pvalue,-1,2695
dc,gt,0.01,3000,pvalue_bh,-1,0
dc,approx,0.01,3000,pvalue,1,2473
dc,approx,0.01,3000,pvalue_bh,1,0
dc,approx,0.01,3000,pvalue_westfall_young,1,53
dc,approx,0.01,3000,pvalue,2,2403
dc,approx,0.01,3000,pvalue_bh,2,0
dc,approx,0.01,3000,pvalue_westfall_young,2,111
dc,approx,0.01,3000,pvalue,3,2535
dc,approx,0.01,3000,pvalue_bh,3,0
dc,approx,0.01,3000,pvalue_westfall_young,3,101
dc,approx,0.01,3000,pvalue,4,2526
dc,approx,0.01,3000,pvalue_bh,4,0
dc,approx,0.01,3000,pvalue_westfall_young,4,96
dc,approx,0.01,3000,pvalue,5,2661
dc,approx,0.01,3000,pvalue_bh,5,0
dc,approx,0.01,3000,pvalue_westfall_young,5,94
dc,approx,0.01,3000,pvalue,6,2539
dc,approx,0.01,3000,pvalue_bh,6,0
dc,approx,0.01,3000,pvalue_westfall_young,6,113
dc,approx,0.01,3000,pvalue,7,2582
dc,approx,0.01,3000,pvalue_bh,7,0
dc,approx,0.01,3000,pvalue_westfall_young,7,105
dc,approx,0.01,3000,pvalue,8,2631
dc,approx,0.01,3000,pvalue_bh,8,0
dc,approx,0.01,3000,pvalue_westfall_young,8,79
dc,approx,0.01,3000,pvalue,9,2355
dc,approx,0.01,3000,pvalue_bh,9,0
dc,approx,0.01,3000,pvalue_westfall_young,9,116
dc,approx,0.01,3000,pvalue,10,2506
dc,approx,0.01,3000,pvalue_bh,10,0
dc,approx,0.01,3000,pvalue_westfall_young,10,98
dc,approx,0.01,3000,pvalue,20,2525
dc,approx,0.01,3000,pvalue_bh,20,0
dc,approx,0.01,3000,pvalue_westfall_young,20,90
dc,approx,0.01,3000,pvalue,30,2491
dc,approx,0.01,3000,pvalue_bh,30,0
dc,approx,0.01,3000,pvalue_westfall_young,30,118
dc,approx,0.01,3000,pvalue,40,2543
dc,approx,0.01,3000,pvalue_bh,40,0
dc,approx,0.01,3000,pvalue_westfall_young,40,108
dc,approx,0.01,3000,pvalue,50,2753
dc,approx,0.01,3000,pvalue_bh,50,0
dc,approx,0.01,3000,pvalue_westfall_young,50,115
dc,approx,0.01,3000,pvalue,60,2667
dc,approx,0.01,3000,pvalue_bh,60,0
dc,approx,0.01,3000,pvalue_westfall_young,60,94
dc,approx,0.01,3000,pvalue,70,2701
dc,approx,0.01,3000,pvalue_bh,70,0
dc,approx,0.01,3000,pvalue_westfall_young,70,119
dc,approx,0.01,3000,pvalue,80,2706
dc,approx,0.01,3000,pvalue_bh,80,0
dc,approx,0.01,3000,pvalue_westfall_young,80,116
dc,approx,0.01,3000,pvalue,90,2606
dc,approx,0.01,3000,pvalue_bh,90,0
dc,approx,0.01,3000,pvalue_westfall_young,90,131
dc,approx,0.01,3000,pvalue,100,2598
dc,approx,0.01,3000,pvalue_bh,100,0
dc,approx,0.01,3000,pvalue_westfall_young,100,113
dc,gt,0.01,5000,pvalue,-1,2926
dc,gt,0.01,5000,pvalue_bh,-1,0
dc,approx,0.01,5000,pvalue,1,2592
dc,approx,0.01,5000,pvalue_bh,1,0
dc,approx,0.01,5000,pvalue_westfall_young,1,49
dc,approx,0.01,5000,pvalue,2,2478
dc,approx,0.01,5000,pvalue_bh,2,0
dc,approx,0.01,5000,pvalue_westfall_young,2,83
dc,approx,0.01,5000,pvalue,3,2510
dc,approx,0.01,5000,pvalue_bh,3,0
dc,approx,0.01,5000,pvalue_westfall_young,3,123
dc,approx,0.01,5000,pvalue,4,2788
dc,approx,0.01,5000,pvalue_bh,4,0
dc,approx,0.01,5000,pvalue_westfall_young,4,97
dc,approx,0.01,5000,pvalue,5,2635
dc,approx,0.01,5000,pvalue_bh,5,0
dc,approx,0.01,5000,pvalue_westfall_young,5,84
dc,approx,0.01,5000,pvalue,6,2664
dc,approx,0.01,5000,pvalue_bh,6,0
dc,approx,0.01,5000,pvalue_westfall_young,6,117
dc,approx,0.01,5000,pvalue,7,2637
dc,approx,0.01,5000,pvalue_bh,7,0
dc,approx,0.01,5000,pvalue_westfall_young,7,100
dc,approx,0.01,5000,pvalue,8,2584
dc,approx,0.01,5000,pvalue_bh,8,0
dc,approx,0.01,5000,pvalue_westfall_young,8,95
dc,approx,0.01,5000,pvalue,9,2612
dc,approx,0.01,5000,pvalue_bh,9,0
dc,approx,0.01,5000,pvalue_westfall_young,9,124
dc,approx,0.01,5000,pvalue,10,2758
dc,approx,0.01,5000,pvalue_bh,10,0
dc,approx,0.01,5000,pvalue_westfall_young,10,110
dc,approx,0.01,5000,pvalue,20,2539
dc,approx,0.01,5000,pvalue_bh,20,0
dc,approx,0.01,5000,pvalue_westfall_young,20,95
dc,approx,0.01,5000,pvalue,30,2428
dc,approx,0.01,5000,pvalue_bh,30,0
dc,approx,0.01,5000,pvalue_westfall_young,30,117
dc,approx,0.01,5000,pvalue,40,2601
dc,approx,0.01,5000,pvalue_bh,40,0
dc,approx,0.01,5000,pvalue_westfall_young,40,109
dc,approx,0.01,5000,pvalue,50,2571
dc,approx,0.01,5000,pvalue_bh,50,0
dc,approx,0.01,5000,pvalue_westfall_young,50,112
dc,approx,0.01,5000,pvalue,60,2633
dc,approx,0.01,5000,pvalue_bh,60,0
dc,approx,0.01,5000,pvalue_westfall_young,60,108
dc,approx,0.01,5000,pvalue,70,2563
dc,approx,0.01,5000,pvalue_bh,70,0
dc,approx,0.01,5000,pvalue_westfall_young,70,113
dc,approx,0.01,5000,pvalue,80,2626
dc,approx,0.01,5000,pvalue_bh,80,0
dc,approx,0.01,5000,pvalue_westfall_young,80,108
dc,approx,0.01,5000,pvalue,90,2482
dc,approx,0.01,5000,pvalue_bh,90,0
dc,approx,0.01,5000,pvalue_westfall_young,90,129
dc,approx,0.01,5000,pvalue,100,2647
dc,approx,0.01,5000,pvalue_bh,100,0
dc,approx,0.01,5000,pvalue_westfall_young,100,120
dc,gt,0.01,7000,pvalue,-1,2860
dc,gt,0.01,7000,pvalue_bh,-1,0
dc,approx,0.01,7000,pvalue,1,2452
dc,approx,0.01,7000,pvalue_bh,1,0
dc,approx,0.01,7000,pvalue_westfall_young,1,44
dc,approx,0.01,7000,pvalue,2,2453
dc,approx,0.01,7000,pvalue_bh,2,0
dc,approx,0.01,7000,pvalue_westfall_young,2,102
dc,approx,0.01,7000,pvalue,3,2543
dc,approx,0.01,7000,pvalue_bh,3,0
dc,approx,0.01,7000,pvalue_westfall_young,3,101
dc,approx,0.01,7000,pvalue,4,2614
dc,approx,0.01,7000,pvalue_bh,4,0
dc,approx,0.01,7000,pvalue_westfall_young,4,114
dc,approx,0.01,7000,pvalue,5,2568
dc,approx,0.01,7000,pvalue_bh,5,0
dc,approx,0.01,7000,pvalue_westfall_young,5,107
dc,approx,0.01,7000,pvalue,6,2699
dc,approx,0.01,7000,pvalue_bh,6,0
dc,approx,0.01,7000,pvalue_westfall_young,6,102
dc,approx,0.01,7000,pvalue,7,2605
dc,approx,0.01,7000,pvalue_bh,7,0
dc,approx,0.01,7000,pvalue_westfall_young,7,98
dc,approx,0.01,7000,pvalue,8,2573
dc,approx,0.01,7000,pvalue_bh,8,0
dc,approx,0.01,7000,pvalue_westfall_young,8,107
dc,approx,0.01,7000,pvalue,9,2689
dc,approx,0.01,7000,pvalue_bh,9,0
dc,approx,0.01,7000,pvalue_westfall_young,9,114
dc,approx,0.01,7000,pvalue,10,2712
dc,approx,0.01,7000,pvalue_bh,10,0
dc,approx,0.01,7000,pvalue_westfall_young,10,105
dc,approx,0.01,7000,pvalue,20,2582
dc,approx,0.01,7000,pvalue_bh,20,0
dc,approx,0.01,7000,pvalue_westfall_young,20,104
dc,approx,0.01,7000,pvalue,30,2562
dc,approx,0.01,7000,pvalue_bh,30,0
dc,approx,0.01,7000,pvalue_westfall_young,30,118
dc,approx,0.01,7000,pvalue,40,2751
dc,approx,0.01,7000,pvalue_bh,40,0
dc,approx,0.01,7000,pvalue_westfall_young,40,96
dc,approx,0.01,7000,pvalue,50,2656
dc,approx,0.01,7000,pvalue_bh,50,0
dc,approx,0.01,7000,pvalue_westfall_young,50,111
dc,approx,0.01,7000,pvalue,60,2673
dc,approx,0.01,7000,pvalue_bh,60,0
dc,approx,0.01,7000,pvalue_westfall_young,60,106
dc,approx,0.01,7000,pvalue,70,2724
dc,approx,0.01,7000,pvalue_bh,70,0
dc,approx,0.01,7000,pvalue_westfall_young,70,113
dc,approx,0.01,7000,pvalue,80,2635
dc,approx,0.01,7000,pvalue_bh,80,0
dc,approx,0.01,7000,pvalue_westfall_young,80,116
dc,approx,0.01,7000,pvalue,90,2695
dc,approx,0.01,7000,pvalue_bh,90,0
dc,approx,0.01,7000,pvalue_westfall_young,90,130
dc,approx,0.01,7000,pvalue,100,2470
dc,approx,0.01,7000,pvalue_bh,100,0
dc,approx,0.01,7000,pvalue_westfall_young,100,113
dc,gt,0.01,10000,pvalue,-1,2330
dc,gt,0.01,10000,pvalue_bh,-1,0
dc,approx,0.01,10000,pvalue,1,2525
dc,approx,0.01,10000,pvalue_bh,1,0
dc,approx,0.01,10000,pvalue_westfall_young,1,46
dc,approx,0.01,10000,pvalue,2,2639
dc,approx,0.01,10000,pvalue_bh,2,0
dc,approx,0.01,10000,pvalue_westfall_young,2,89
dc,approx,0.01,10000,pvalue,3,2565
dc,approx,0.01,10000,pvalue_bh,3,0
dc,approx,0.01,10000,pvalue_westfall_young,3,103
dc,approx,0.01,10000,pvalue,4,2555
dc,approx,0.01,10000,pvalue_bh,4,0
dc,approx,0.01,10000,pvalue_westfall_young,4,94
dc,approx,0.01,10000,pvalue,5,2620
dc,approx,0.01,10000,pvalue_bh,5,0
dc,approx,0.01,10000,pvalue_westfall_young,5,95
dc,approx,0.01,10000,pvalue,6,2731
dc,approx,0.01,10000,pvalue_bh,6,0
dc,approx,0.01,10000,pvalue_westfall_young,6,97
dc,approx,0.01,10000,pvalue,7,2519
dc,approx,0.01,10000,pvalue_bh,7,0
dc,approx,0.01,10000,pvalue_westfall_young,7,104
dc,approx,0.01,10000,pvalue,8,2533
dc,approx,0.01,10000,pvalue_bh,8,0
dc,approx,0.01,10000,pvalue_westfall_young,8,97
dc,approx,0.01,10000,pvalue,9,2964
dc,approx,0.01,10000,pvalue_bh,9,0
dc,approx,0.01,10000,pvalue_westfall_young,9,119
dc,approx,0.01,10000,pvalue,10,2636
dc,approx,0.01,10000,pvalue_bh,10,0
dc,approx,0.01,10000,pvalue_westfall_young,10,95
dc,approx,0.01,10000,pvalue,20,2306
dc,approx,0.01,10000,pvalue_bh,20,0
dc,approx,0.01,10000,pvalue_westfall_young,20,100
dc,approx,0.01,10000,pvalue,30,2692
dc,approx,0.01,10000,pvalue_bh,30,0
dc,approx,0.01,10000,pvalue_westfall_young,30,117
dc,approx,0.01,10000,pvalue,40,2348
dc,approx,0.01,10000,pvalue_bh,40,0
dc,approx,0.01,10000,pvalue_westfall_young,40,107
dc,approx,0.01,10000,pvalue,50,2475
dc,approx,0.01,10000,pvalue_bh,50,0
dc,approx,0.01,10000,pvalue_westfall_young,50,112
dc,approx,0.01,10000,pvalue,60,2477
dc,approx,0.01,10000,pvalue_bh,60,0
dc,approx,0.01,10000,pvalue_westfall_young,60,112
dc,approx,0.01,10000,pvalue,70,2869
dc,approx,0.01,10000,pvalue_bh,70,0
dc,approx,0.01,10000,pvalue_westfall_young,70,119
dc,approx,0.01,10000,pvalue,80,2571
dc,approx,0.01,10000,pvalue_bh,80,0
dc,approx,0.01,10000,pvalue_westfall_young,80,118
dc,approx,0.01,10000,pvalue,90,2578
dc,approx,0.01,10000,pvalue_bh,90,0
dc,approx,0.01,10000,pvalue_westfall_young,90,111
dc,approx,0.01,10000,pvalue,100,2800
dc,approx,0.01,10000,pvalue_bh,100,0
dc,approx,0.01,10000,pvalue_westfall_young,100,111
dc,gt,0.05,1000,pvalue,-1,8073
dc,gt,0.05,1000,pvalue_bh,-1,0
dc,approx,0.05,1000,pvalue,1,8134
dc,approx,0.05,1000,pvalue_bh,1,0
dc,approx,0.05,1000,pvalue_westfall_young,1,229
dc,approx,0.05,1000,pvalue,2,7895
dc,approx,0.05,1000,pvalue_bh,2,0
dc,approx,0.05,1000,pvalue_westfall_young,2,440
dc,approx,0.05,1000,pvalue,3,8035
dc,approx,0.05,1000,pvalue_bh,3,0
dc,approx,0.05,1000,pvalue_westfall_young,3,403
dc,approx,0.05,1000,pvalue,4,8110
dc,approx,0.05,1000,pvalue_bh,4,0
dc,approx,0.05,1000,pvalue_westfall_young,4,403
dc,approx,0.05,1000,pvalue,5,7816
dc,approx,0.05,1000,pvalue_bh,5,0
dc,approx,0.05,1000,pvalue_westfall_young,5,403
dc,approx,0.05,1000,pvalue,6,7905
dc,approx,0.05,1000,pvalue_bh,6,0
dc,approx,0.05,1000,pvalue_westfall_young,6,392
dc,approx,0.05,1000,pvalue,7,8146
dc,approx,0.05,1000,pvalue_bh,7,0
dc,approx,0.05,1000,pvalue_westfall_young,7,388
dc,approx,0.05,1000,pvalue,8,7973
dc,approx,0.05,1000,pvalue_bh,8,0
dc,approx,0.05,1000,pvalue_westfall_young,8,364
dc,approx,0.05,1000,pvalue,9,7969
dc,approx,0.05,1000,pvalue_bh,9,0
dc,approx,0.05,1000,pvalue_westfall_young,9,419
dc,approx,0.05,1000,pvalue,10,8141
dc,approx,0.05,1000,pvalue_bh,10,0
dc,approx,0.05,1000,pvalue_westfall_young,10,414
dc,approx,0.05,1000,pvalue,20,7878
dc,approx,0.05,1000,pvalue_bh,20,0
dc,approx,0.05,1000,pvalue_westfall_young,20,373
dc,approx,0.05,1000,pvalue,30,8059
dc,approx,0.05,1000,pvalue_bh,30,0
dc,approx,0.05,1000,pvalue_westfall_young,30,399
dc,approx,0.05,1000,pvalue,40,7929
dc,approx,0.05,1000,pvalue_bh,40,0
dc,approx,0.05,1000,pvalue_westfall_young,40,411
dc,approx,0.05,1000,pvalue,50,7900
dc,approx,0.05,1000,pvalue_bh,50,0
dc,approx,0.05,1000,pvalue_westfall_young,50,401
dc,approx,0.05,1000,pvalue,60,7977
dc,approx,0.05,1000,pvalue_bh,60,0
dc,approx,0.05,1000,pvalue_westfall_young,60,402
dc,approx,0.05,1000,pvalue,70,8051
dc,approx,0.05,1000,pvalue_bh,70,0
dc,approx,0.05,1000,pvalue_westfall_young,70,397
dc,approx,0.05,1000,pvalue,80,8018
dc,approx,0.05,1000,pvalue_bh,80,0
dc,approx,0.05,1000,pvalue_westfall_young,80,366
dc,approx,0.05,1000,pvalue,90,8074
dc,approx,0.05,1000,pvalue_bh,90,0
dc,approx,0.05,1000,pvalue_westfall_young,90,414
dc,approx,0.05,1000,pvalue,100,8036
dc,approx,0.05,1000,pvalue_bh,100,0
dc,approx,0.05,1000,pvalue_westfall_young,100,380
dc,gt,0.05,3000,pvalue,-1,8035
dc,gt,0.05,3000,pvalue_bh,-1,0
dc,approx,0.05,3000,pvalue,1,7949
dc,approx,0.05,3000,pvalue_bh,1,0
dc,approx,0.05,3000,pvalue_westfall_young,1,306
dc,approx,0.05,3000,pvalue,2,7911
dc,approx,0.05,3000,pvalue_bh,2,0
dc,approx,0.05,3000,pvalue_westfall_young,2,428
dc,approx,0.05,3000,pvalue,3,7935
dc,approx,0.05,3000,pvalue_bh,3,0
dc,approx,0.05,3000,pvalue_westfall_young,3,372
dc,approx,0.05,3000,pvalue,4,7915
dc,approx,0.05,3000,pvalue_bh,4,0
dc,approx,0.05,3000,pvalue_westfall_young,4,384
dc,approx,0.05,3000,pvalue,5,7888
dc,approx,0.05,3000,pvalue_bh,5,0
dc,approx,0.05,3000,pvalue_westfall_young,5,376
dc,approx,0.05,3000,pvalue,6,7943
dc,approx,0.05,3000,pvalue_bh,6,0
dc,approx,0.05,3000,pvalue_westfall_young,6,396
dc,approx,0.05,3000,pvalue,7,8132
dc,approx,0.05,3000,pvalue_bh,7,0
dc,approx,0.05,3000,pvalue_westfall_young,7,369
dc,approx,0.05,3000,pvalue,8,8021
dc,approx,0.05,3000,pvalue_bh,8,0
dc,approx,0.05,3000,pvalue_westfall_young,8,374
dc,approx,0.05,3000,pvalue,9,7872
dc,approx,0.05,3000,pvalue_bh,9,0
dc,approx,0.05,3000,pvalue_westfall_young,9,396
dc,approx,0.05,3000,pvalue,10,8012
dc,approx,0.05,3000,pvalue_bh,10,0
dc,approx,0.05,3000,pvalue_westfall_young,10,360
dc,approx,0.05,3000,pvalue,20,8108
dc,approx,0.05,3000,pvalue_bh,20,0
dc,approx,0.05,3000,pvalue_westfall_young,20,360
dc,approx,0.05,3000,pvalue,30,8028
dc,approx,0.05,3000,pvalue_bh,30,0
dc,approx,0.05,3000,pvalue_westfall_young,30,395
dc,approx,0.05,3000,pvalue,40,8101
dc,approx,0.05,3000,pvalue_bh,40,0
dc,approx,0.05,3000,pvalue_westfall_young,40,380
dc,approx,0.05,3000,pvalue,50,8224
dc,approx,0.05,3000,pvalue_bh,50,0
dc,approx,0.05,3000,pvalue_westfall_young,50,391
dc,approx,0.05,3000,pvalue,60,8158
dc,approx,0.05,3000,pvalue_bh,60,0
dc,approx,0.05,3000,pvalue_westfall_young,60,351
dc,approx,0.05,3000,pvalue,70,8223
dc,approx,0.05,3000,pvalue_bh,70,0
dc,approx,0.05,3000,pvalue_westfall_young,70,400
dc,approx,0.05,3000,pvalue,80,8314
dc,approx,0.05,3000,pvalue_bh,80,0
dc,approx,0.05,3000,pvalue_westfall_young,80,407
dc,approx,0.05,3000,pvalue,90,7940
dc,approx,0.05,3000,pvalue_bh,90,0
dc,approx,0.05,3000,pvalue_westfall_young,90,413
dc,approx,0.05,3000,pvalue,100,8247
dc,approx,0.05,3000,pvalue_bh,100,0
dc,approx,0.05,3000,pvalue_westfall_young,100,375
dc,gt,0.05,5000,pvalue,-1,8339
dc,gt,0.05,5000,pvalue_bh,-1,414
dc,approx,0.05,5000,pvalue,1,8132
dc,approx,0.05,5000,pvalue_bh,1,0
dc,approx,0.05,5000,pvalue_westfall_young,1,263
dc,approx,0.05,5000,pvalue,2,7920
dc,approx,0.05,5000,pvalue_bh,2,0
dc,approx,0.05,5000,pvalue_westfall_young,2,430
dc,approx,0.05,5000,pvalue,3,7922
dc,approx,0.05,5000,pvalue_bh,3,0
dc,approx,0.05,5000,pvalue_westfall_young,3,388
dc,approx,0.05,5000,pvalue,4,8172
dc,approx,0.05,5000,pvalue_bh,4,0
dc,approx,0.05,5000,pvalue_westfall_young,4,393
dc,approx,0.05,5000,pvalue,5,8043
dc,approx,0.05,5000,pvalue_bh,5,0
dc,approx,0.05,5000,pvalue_westfall_young,5,367
dc,approx,0.05,5000,pvalue,6,8028
dc,approx,0.05,5000,pvalue_bh,6,328
dc,approx,0.05,5000,pvalue_westfall_young,6,392
dc,approx,0.05,5000,pvalue,7,8090
dc,approx,0.05,5000,pvalue_bh,7,0
dc,approx,0.05,5000,pvalue_westfall_young,7,364
dc,approx,0.05,5000,pvalue,8,7940
dc,approx,0.05,5000,pvalue_bh,8,0
dc,approx,0.05,5000,pvalue_westfall_young,8,378
dc,approx,0.05,5000,pvalue,9,7921
dc,approx,0.05,5000,pvalue_bh,9,0
dc,approx,0.05,5000,pvalue_westfall_young,9,405
dc,approx,0.05,5000,pvalue,10,8217
dc,approx,0.05,5000,pvalue_bh,10,401
dc,approx,0.05,5000,pvalue_westfall_young,10,389
dc,approx,0.05,5000,pvalue,20,8085
dc,approx,0.05,5000,pvalue_bh,20,0
dc,approx,0.05,5000,pvalue_westfall_young,20,348
dc,approx,0.05,5000,pvalue,30,7956
dc,approx,0.05,5000,pvalue_bh,30,0
dc,approx,0.05,5000,pvalue_westfall_young,30,389
dc,approx,0.05,5000,pvalue,40,8034
dc,approx,0.05,5000,pvalue_bh,40,355
dc,approx,0.05,5000,pvalue_westfall_young,40,394
dc,approx,0.05,5000,pvalue,50,7950
dc,approx,0.05,5000,pvalue_bh,50,0
dc,approx,0.05,5000,pvalue_westfall_young,50,373
dc,approx,0.05,5000,pvalue,60,8127
dc,approx,0.05,5000,pvalue_bh,60,310
dc,approx,0.05,5000,pvalue_westfall_young,60,369
dc,approx,0.05,5000,pvalue,70,8049
dc,approx,0.05,5000,pvalue_bh,70,0
dc,approx,0.05,5000,pvalue_westfall_young,70,379
dc,approx,0.05,5000,pvalue,80,8045
dc,approx,0.05,5000,pvalue_bh,80,0
dc,approx,0.05,5000,pvalue_westfall_young,80,388
dc,approx,0.05,5000,pvalue,90,7909
dc,approx,0.05,5000,pvalue_bh,90,0
dc,approx,0.05,5000,pvalue_westfall_young,90,392
dc,approx,0.05,5000,pvalue,100,8032
dc,approx,0.05,5000,pvalue_bh,100,328
dc,approx,0.05,5000,pvalue_westfall_young,100,388
dc,gt,0.05,7000,pvalue,-1,8154
dc,gt,0.05,7000,pvalue_bh,-1,662
dc,approx,0.05,7000,pvalue,1,8042
dc,approx,0.05,7000,pvalue_bh,1,0
dc,approx,0.05,7000,pvalue_westfall_young,1,326
dc,approx,0.05,7000,pvalue,2,7925
dc,approx,0.05,7000,pvalue_bh,2,0
dc,approx,0.05,7000,pvalue_westfall_young,2,422
dc,approx,0.05,7000,pvalue,3,8076
dc,approx,0.05,7000,pvalue_bh,3,227
dc,approx,0.05,7000,pvalue_westfall_young,3,356
dc,approx,0.05,7000,pvalue,4,7914
dc,approx,0.05,7000,pvalue_bh,4,226
dc,approx,0.05,7000,pvalue_westfall_young,4,383
dc,approx,0.05,7000,pvalue,5,7913
dc,approx,0.05,7000,pvalue_bh,5,227
dc,approx,0.05,7000,pvalue_westfall_young,5,360
dc,approx,0.05,7000,pvalue,6,7983
dc,approx,0.05,7000,pvalue_bh,6,456
dc,approx,0.05,7000,pvalue_westfall_young,6,375
dc,approx,0.05,7000,pvalue,7,8194
dc,approx,0.05,7000,pvalue_bh,7,0
dc,approx,0.05,7000,pvalue_westfall_young,7,380
dc,approx,0.05,7000,pvalue,8,7930
dc,approx,0.05,7000,pvalue_bh,8,240
dc,approx,0.05,7000,pvalue_westfall_young,8,375
dc,approx,0.05,7000,pvalue,9,8164
dc,approx,0.05,7000,pvalue_bh,9,247
dc,approx,0.05,7000,pvalue_westfall_young,9,391
dc,approx,0.05,7000,pvalue,10,8106
dc,approx,0.05,7000,pvalue_bh,10,266
dc,approx,0.05,7000,pvalue_westfall_young,10,386
dc,approx,0.05,7000,pvalue,20,7916
dc,approx,0.05,7000,pvalue_bh,20,246
dc,approx,0.05,7000,pvalue_westfall_young,20,388
dc,approx,0.05,7000,pvalue,30,8079
dc,approx,0.05,7000,pvalue_bh,30,212
dc,approx,0.05,7000,pvalue_westfall_young,30,400
dc,approx,0.05,7000,pvalue,40,8196
dc,approx,0.05,7000,pvalue_bh,40,277
dc,approx,0.05,7000,pvalue_westfall_young,40,374
dc,approx,0.05,7000,pvalue,50,8111
dc,approx,0.05,7000,pvalue_bh,50,239
dc,approx,0.05,7000,pvalue_westfall_young,50,380
dc,approx,0.05,7000,pvalue,60,8123
dc,approx,0.05,7000,pvalue_bh,60,242
dc,approx,0.05,7000,pvalue_westfall_young,60,381
dc,approx,0.05,7000,pvalue,70,8150
dc,approx,0.05,7000,pvalue_bh,70,268
dc,approx,0.05,7000,pvalue_westfall_young,70,385
dc,approx,0.05,7000,pvalue,80,8051
dc,approx,0.05,7000,pvalue_bh,80,281
dc,approx,0.05,7000,pvalue_westfall_young,80,395
dc,approx,0.05,7000,pvalue,90,8007
dc,approx,0.05,7000,pvalue_bh,90,426
dc,approx,0.05,7000,pvalue_westfall_young,90,413
dc,approx,0.05,7000,pvalue,100,7980
dc,approx,0.05,7000,pvalue_bh,100,0
dc,approx,0.05,7000,pvalue_westfall_young,100,375
dc,gt,0.05,10000,pvalue,-1,7810
dc,gt,0.05,10000,pvalue_bh,-1,182
dc,approx,0.05,10000,pvalue,1,8100
dc,approx,0.05,10000,pvalue_bh,1,0
dc,approx,0.05,10000,pvalue_westfall_young,1,253
dc,approx,0.05,10000,pvalue,2,8075
dc,approx,0.05,10000,pvalue_bh,2,158
dc,approx,0.05,10000,pvalue_westfall_young,2,395
dc,approx,0.05,10000,pvalue,3,8031
dc,approx,0.05,10000,pvalue_bh,3,210
dc,approx,0.05,10000,pvalue_westfall_young,3,385
dc,approx,0.05,10000,pvalue,4,8088
dc,approx,0.05,10000,pvalue_bh,4,158
dc,approx,0.05,10000,pvalue_westfall_young,4,362
dc,approx,0.05,10000,pvalue,5,8064
dc,approx,0.05,10000,pvalue_bh,5,181
dc,approx,0.05,10000,pvalue_westfall_young,5,383
dc,approx,0.05,10000,pvalue,6,8073
dc,approx,0.05,10000,pvalue_bh,6,501
dc,approx,0.05,10000,pvalue_westfall_young,6,369
dc,approx,0.05,10000,pvalue,7,7902
dc,approx,0.05,10000,pvalue_bh,7,177
dc,approx,0.05,10000,pvalue_westfall_young,7,376
dc,approx,0.05,10000,pvalue,8,7931
dc,approx,0.05,10000,pvalue_bh,8,156
dc,approx,0.05,10000,pvalue_westfall_young,8,407
dc,approx,0.05,10000,pvalue,9,8303
dc,approx,0.05,10000,pvalue_bh,9,483
dc,approx,0.05,10000,pvalue_westfall_young,9,408
dc,approx,0.05,10000,pvalue,10,8220
dc,approx,0.05,10000,pvalue_bh,10,178
dc,approx,0.05,10000,pvalue_westfall_young,10,346
dc,approx,0.05,10000,pvalue,20,7901
dc,approx,0.05,10000,pvalue_bh,20,0
dc,approx,0.05,10000,pvalue_westfall_young,20,357
dc,approx,0.05,10000,pvalue,30,8083
dc,approx,0.05,10000,pvalue_bh,30,458
dc,approx,0.05,10000,pvalue_westfall_young,30,395
dc,approx,0.05,10000,pvalue,40,7760
dc,approx,0.05,10000,pvalue_bh,40,0
dc,approx,0.05,10000,pvalue_westfall_young,40,385
dc,approx,0.05,10000,pvalue,50,8068
dc,approx,0.05,10000,pvalue_bh,50,168
dc,approx,0.05,10000,pvalue_westfall_young,50,384
dc,approx,0.05,10000,pvalue,60,7933
dc,approx,0.05,10000,pvalue_bh,60,193
dc,approx,0.05,10000,pvalue_westfall_young,60,389
dc,approx,0.05,10000,pvalue,70,8239
dc,approx,0.05,10000,pvalue_bh,70,455
dc,approx,0.05,10000,pvalue_westfall_young,70,427
dc,approx,0.05,10000,pvalue,80,8051
dc,approx,0.05,10000,pvalue_bh,80,325
dc,approx,0.05,10000,pvalue_westfall_young,80,394
dc,approx,0.05,10000,pvalue,90,7947
dc,approx,0.05,10000,pvalue_bh,90,326
dc,approx,0.05,10000,pvalue_westfall_young,90,378
dc,approx,0.05,10000,pvalue,100,8111
dc,approx,0.05,10000,pvalue_bh,100,447
dc,approx,0.05,10000,pvalue_westfall_young,100,366
cd8+_tcells,gt,0.01,1000,pvalue,-1,2039
cd8+_tcells,gt,0.01,1000,pvalue_bh,-1,0
cd8+_tcells,approx,0.01,1000,pvalue,1,1939
cd8+_tcells,approx,0.01,1000,pvalue_bh,1,0
cd8+_tcells,approx,0.01,1000,pvalue_westfall_young,1,32
cd8+_tcells,approx,0.01,1000,pvalue,2,1981
cd8+_tcells,approx,0.01,1000,pvalue_bh,2,0
cd8+_tcells,approx,0.01,1000,pvalue_westfall_young,2,52
cd8+_tcells,approx,0.01,1000,pvalue,3,1894
cd8+_tcells,approx,0.01,1000,pvalue_bh,3,0
cd8+_tcells,approx,0.01,1000,pvalue_westfall_young,3,54
cd8+_tcells,approx,0.01,1000,pvalue,4,2001
cd8+_tcells,approx,0.01,1000,pvalue_bh,4,0
cd8+_tcells,approx,0.01,1000,pvalue_westfall_young,4,60
cd8+_tcells,approx,0.01,1000,pvalue,5,1933
cd8+_tcells,approx,0.01,1000,pvalue_bh,5,0
cd8+_tcells,approx,0.01,1000,pvalue_westfall_young,5,53
cd8+_tcells,approx,0.01,1000,pvalue,6,2049
cd8+_tcells,approx,0.01,1000,pvalue_bh,6,0
cd8+_tcells,approx,0.01,1000,pvalue_westfall_young,6,57
cd8+_tcells,approx,0.01,1000,pvalue,7,1710
cd8+_tcells,approx,0.01,1000,pvalue_bh,7,0
cd8+_tcells,approx,0.01,1000,pvalue_westfall_young,7,56
cd8+_tcells,approx,0.01,1000,pvalue,8,1934
cd8+_tcells,approx,0.01,1000,pvalue_bh,8,0
cd8+_tcells,approx,0.01,1000,pvalue_westfall_young,8,62
cd8+_tcells,approx,0.01,1000,pvalue,9,1899
cd8+_tcells,approx,0.01,1000,pvalue_bh,9,0
cd8+_tcells,approx,0.01,1000,pvalue_westfall_young,9,51
cd8+_tcells,approx,0.01,1000,pvalue,10,2003
cd8+_tcells,approx,0.01,1000,pvalue_bh,10,0
cd8+_tcells,approx,0.01,1000,pvalue_westfall_young,10,53
cd8+_tcells,approx,0.01,1000,pvalue,20,2006
cd8+_tcells,approx,0.01,1000,pvalue_bh,20,0
cd8+_tcells,approx,0.01,1000,pvalue_westfall_young,20,60
cd8+_tcells,approx,0.01,1000,pvalue,30,1991
cd8+_tcells,approx,0.01,1000,pvalue_bh,30,0
cd8+_tcells,approx,0.01,1000,pvalue_westfall_young,30,59
cd8+_tcells,approx,0.01,1000,pvalue,40,1951
cd8+_tcells,approx,0.01,1000,pvalue_bh,40,0
cd8+_tcells,approx,0.01,1000,pvalue_westfall_young,40,54
cd8+_tcells,approx,0.01,1000,pvalue,50,1974
cd8+_tcells,approx,0.01,1000,pvalue_bh,50,0
cd8+_tcells,approx,0.01,1000,pvalue_westfall_young,50,45
cd8+_tcells,approx,0.01,1000,pvalue,60,2010
cd8+_tcells,approx,0.01,1000,pvalue_bh,60,0
cd8+_tcells,approx,0.01,1000,pvalue_westfall_young,60,52
cd8+_tcells,approx,0.01,1000,pvalue,70,2073
cd8+_tcells,approx,0.01,1000,pvalue_bh,70,0
cd8+_tcells,approx,0.01,1000,pvalue_westfall_young,70,56
cd8+_tcells,approx,0.01,1000,pvalue,80,2009
cd8+_tcells,approx,0.01,1000,pvalue_bh,80,0
cd8+_tcells,approx,0.01,1000,pvalue_westfall_young,80,51
cd8+_tcells,approx,0.01,1000,pvalue,90,2058
cd8+_tcells,approx,0.01,1000,pvalue_bh,90,0
cd8+_tcells,approx,0.01,1000,pvalue_westfall_young,90,55
cd8+_tcells,approx,0.01,1000,pvalue,100,1977
cd8+_tcells,approx,0.01,1000,pvalue_bh,100,0
cd8+_tcells,approx,0.01,1000,pvalue_westfall_young,100,61
cd8+_tcells,gt,0.01,3000,pvalue,-1,2031
cd8+_tcells,gt,0.01,3000,pvalue_bh,-1,0
cd8+_tcells,approx,0.01,3000,pvalue,1,1967
cd8+_tcells,approx,0.01,3000,pvalue_bh,1,0
cd8+_tcells,approx,0.01,3000,pvalue_westfall_young,1,29
cd8+_tcells,approx,0.01,3000,pvalue,2,2046
cd8+_tcells,approx,0.01,3000,pvalue_bh,2,0
cd8+_tcells,approx,0.01,3000,pvalue_westfall_young,2,56
cd8+_tcells,approx,0.01,3000,pvalue,3,1824
cd8+_tcells,approx,0.01,3000,pvalue_bh,3,0
cd8+_tcells,approx,0.01,3000,pvalue_westfall_young,3,61
cd8+_tcells,approx,0.01,3000,pvalue,4,1945
cd8+_tcells,approx,0.01,3000,pvalue_bh,4,0
cd8+_tcells,approx,0.01,3000,pvalue_westfall_young,4,55
cd8+_tcells,approx,0.01,3000,pvalue,5,1958
cd8+_tcells,approx,0.01,3000,pvalue_bh,5,0
cd8+_tcells,approx,0.01,3000,pvalue_westfall_young,5,54
cd8+_tcells,approx,0.01,3000,pvalue,6,1972
cd8+_tcells,approx,0.01,3000,pvalue_bh,6,0
cd8+_tcells,approx,0.01,3000,pvalue_westfall_young,6,55
cd8+_tcells,approx,0.01,3000,pvalue,7,1916
cd8+_tcells,approx,0.01,3000,pvalue_bh,7,0
cd8+_tcells,approx,0.01,3000,pvalue_westfall_young,7,53
cd8+_tcells,approx,0.01,3000,pvalue,8,2019
cd8+_tcells,approx,0.01,3000,pvalue_bh,8,0
cd8+_tcells,approx,0.01,3000,pvalue_westfall_young,8,54
cd8+_tcells,approx,0.01,3000,pvalue,9,2030
cd8+_tcells,approx,0.01,3000,pvalue_bh,9,0
cd8+_tcells,approx,0.01,3000,pvalue_westfall_young,9,56
cd8+_tcells,approx,0.01,3000,pvalue,10,2085
cd8+_tcells,approx,0.01,3000,pvalue_bh,10,0
cd8+_tcells,approx,0.01,3000,pvalue_westfall_young,10,54
cd8+_tcells,approx,0.01,3000,pvalue,20,2036
cd8+_tcells,approx,0.01,3000,pvalue_bh,20,0
cd8+_tcells,approx,0.01,3000,pvalue_westfall_young,20,56
cd8+_tcells,approx,0.01,3000,pvalue,30,2042
cd8+_tcells,approx,0.01,3000,pvalue_bh,30,0
cd8+_tcells,approx,0.01,3000,pvalue_westfall_young,30,53
cd8+_tcells,approx,0.01,3000,pvalue,40,2075
cd8+_tcells,approx,0.01,3000,pvalue_bh,40,0
cd8+_tcells,approx,0.01,3000,pvalue_westfall_young,40,55
cd8+_tcells,approx,0.01,3000,pvalue,50,2028
cd8+_tcells,approx,0.01,3000,pvalue_bh,50,0
cd8+_tcells,approx,0.01,3000,pvalue_westfall_young,50,47
cd8+_tcells,approx,0.01,3000,pvalue,60,1915
cd8+_tcells,approx,0.01,3000,pvalue_bh,60,0
cd8+_tcells,approx,0.01,3000,pvalue_westfall_young,60,58
cd8+_tcells,approx,0.01,3000,pvalue,70,1871
cd8+_tcells,approx,0.01,3000,pvalue_bh,70,0
cd8+_tcells,approx,0.01,3000,pvalue_westfall_young,70,61
cd8+_tcells,approx,0.01,3000,pvalue,80,2010
cd8+_tcells,approx,0.01,3000,pvalue_bh,80,0
cd8+_tcells,approx,0.01,3000,pvalue_westfall_young,80,53
cd8+_tcells,approx,0.01,3000,pvalue,90,2012
cd8+_tcells,approx,0.01,3000,pvalue_bh,90,0
cd8+_tcells,approx,0.01,3000,pvalue_westfall_young,90,51
cd8+_tcells,approx,0.01,3000,pvalue,100,2021
cd8+_tcells,approx,0.01,3000,pvalue_bh,100,0
cd8+_tcells,approx,0.01,3000,pvalue_westfall_young,100,55
cd8+_tcells,gt,0.01,5000,pvalue,-1,2009
cd8+_tcells,gt,0.01,5000,pvalue_bh,-1,0
cd8+_tcells,approx,0.01,5000,pvalue,1,2044
cd8+_tcells,approx,0.01,5000,pvalue_bh,1,0
cd8+_tcells,approx,0.01,5000,pvalue_westfall_young,1,29
cd8+_tcells,approx,0.01,5000,pvalue,2,2020
cd8+_tcells,approx,0.01,5000,pvalue_bh,2,0
cd8+_tcells,approx,0.01,5000,pvalue_westfall_young,2,56
cd8+_tcells,approx,0.01,5000,pvalue,3,1831
cd8+_tcells,approx,0.01,5000,pvalue_bh,3,0
cd8+_tcells,approx,0.01,5000,pvalue_westfall_young,3,59
cd8+_tcells,approx,0.01,5000,pvalue,4,2015
cd8+_tcells,approx,0.01,5000,pvalue_bh,4,0
cd8+_tcells,approx,0.01,5000,pvalue_westfall_young,4,54
cd8+_tcells,approx,0.01,5000,pvalue,5,1875
cd8+_tcells,approx,0.01,5000,pvalue_bh,5,0
cd8+_tcells,approx,0.01,5000,pvalue_westfall_young,5,56
cd8+_tcells,approx,0.01,5000,pvalue,6,1994
cd8+_tcells,approx,0.01,5000,pvalue_bh,6,0
cd8+_tcells,approx,0.01,5000,pvalue_westfall_young,6,56
cd8+_tcells,approx,0.01,5000,pvalue,7,1847
cd8+_tcells,approx,0.01,5000,pvalue_bh,7,0
cd8+_tcells,approx,0.01,5000,pvalue_westfall_young,7,56
cd8+_tcells,approx,0.01,5000,pvalue,8,1961
cd8+_tcells,approx,0.01,5000,pvalue_bh,8,0
cd8+_tcells,approx,0.01,5000,pvalue_westfall_young,8,55
cd8+_tcells,approx,0.01,5000,pvalue,9,2054
cd8+_tcells,approx,0.01,5000,pvalue_bh,9,0
cd8+_tcells,approx,0.01,5000,pvalue_westfall_young,9,56
cd8+_tcells,approx,0.01,5000,pvalue,10,1978
cd8+_tcells,approx,0.01,5000,pvalue_bh,10,0
cd8+_tcells,approx,0.01,5000,pvalue_westfall_young,10,55
cd8+_tcells,approx,0.01,5000,pvalue,20,2047
cd8+_tcells,approx,0.01,5000,pvalue_bh,20,0
cd8+_tcells,approx,0.01,5000,pvalue_westfall_young,20,53
cd8+_tcells,approx,0.01,5000,pvalue,30,2042
cd8+_tcells,approx,0.01,5000,pvalue_bh,30,0
cd8+_tcells,approx,0.01,5000,pvalue_westfall_young,30,51
cd8+_tcells,approx,0.01,5000,pvalue,40,2002
cd8+_tcells,approx,0.01,5000,pvalue_bh,40,0
cd8+_tcells,approx,0.01,5000,pvalue_westfall_young,40,58
cd8+_tcells,approx,0.01,5000,pvalue,50,1949
cd8+_tcells,approx,0.01,5000,pvalue_bh,50,0
cd8+_tcells,approx,0.01,5000,pvalue_westfall_young,50,50
cd8+_tcells,approx,0.01,5000,pvalue,60,2005
cd8+_tcells,approx,0.01,5000,pvalue_bh,60,0
cd8+_tcells,approx,0.01,5000,pvalue_westfall_young,60,52
cd8+_tcells,approx,0.01,5000,pvalue,70,1880
cd8+_tcells,approx,0.01,5000,pvalue_bh,70,0
cd8+_tcells,approx,0.01,5000,pvalue_westfall_young,70,62
cd8+_tcells,approx,0.01,5000,pvalue,80,1981
cd8+_tcells,approx,0.01,5000,pvalue_bh,80,0
cd8+_tcells,approx,0.01,5000,pvalue_westfall_young,80,57
cd8+_tcells,approx,0.01,5000,pvalue,90,2075
cd8+_tcells,approx,0.01,5000,pvalue_bh,90,0
cd8+_tcells,approx,0.01,5000,pvalue_westfall_young,90,49
cd8+_tcells,approx,0.01,5000,pvalue,100,2066
cd8+_tcells,approx,0.01,5000,pvalue_bh,100,0
cd8+_tcells,approx,0.01,5000,pvalue_westfall_young,100,56
cd8+_tcells,gt,0.01,7000,pvalue,-1,1977
cd8+_tcells,gt,0.01,7000,pvalue_bh,-1,0
cd8+_tcells,approx,0.01,7000,pvalue,1,1949
cd8+_tcells,approx,0.01,7000,pvalue_bh,1,0
cd8+_tcells,approx,0.01,7000,pvalue_westfall_young,1,35
cd8+_tcells,approx,0.01,7000,pvalue,2,1969
cd8+_tcells,approx,0.01,7000,pvalue_bh,2,0
cd8+_tcells,approx,0.01,7000,pvalue_westfall_young,2,55
cd8+_tcells,approx,0.01,7000,pvalue,3,1908
cd8+_tcells,approx,0.01,7000,pvalue_bh,3,0
cd8+_tcells,approx,0.01,7000,pvalue_westfall_young,3,58
cd8+_tcells,approx,0.01,7000,pvalue,4,2016
cd8+_tcells,approx,0.01,7000,pvalue_bh,4,0
cd8+_tcells,approx,0.01,7000,pvalue_westfall_young,4,52
cd8+_tcells,approx,0.01,7000,pvalue,5,1914
cd8+_tcells,approx,0.01,7000,pvalue_bh,5,0
cd8+_tcells,approx,0.01,7000,pvalue_westfall_young,5,52
cd8+_tcells,approx,0.01,7000,pvalue,6,1885
cd8+_tcells,approx,0.01,7000,pvalue_bh,6,0
cd8+_tcells,approx,0.01,7000,pvalue_westfall_young,6,57
cd8+_tcells,approx,0.01,7000,pvalue,7,1872
cd8+_tcells,approx,0.01,7000,pvalue_bh,7,0
cd8+_tcells,approx,0.01,7000,pvalue_westfall_young,7,58
cd8+_tcells,approx,0.01,7000,pvalue,8,1946
cd8+_tcells,approx,0.01,7000,pvalue_bh,8,0
cd8+_tcells,approx,0.01,7000,pvalue_westfall_young,8,62
cd8+_tcells,approx,0.01,7000,pvalue,9,2001
cd8+_tcells,approx,0.01,7000,pvalue_bh,9,0
cd8+_tcells,approx,0.01,7000,pvalue_westfall_young,9,54
cd8+_tcells,approx,0.01,7000,pvalue,10,1909
cd8+_tcells,approx,0.01,7000,pvalue_bh,10,0
cd8+_tcells,approx,0.01,7000,pvalue_westfall_young,10,55
cd8+_tcells,approx,0.01,7000,pvalue,20,1959
cd8+_tcells,approx,0.01,7000,pvalue_bh,20,0
cd8+_tcells,approx,0.01,7000,pvalue_westfall_young,20,56
cd8+_tcells,approx,0.01,7000,pvalue,30,1951
cd8+_tcells,approx,0.01,7000,pvalue_bh,30,0
cd8+_tcells,approx,0.01,7000,pvalue_westfall_young,30,54
cd8+_tcells,approx,0.01,7000,pvalue,40,1862
cd8+_tcells,approx,0.01,7000,pvalue_bh,40,0
cd8+_tcells,approx,0.01,7000,pvalue_westfall_young,40,55
cd8+_tcells,approx,0.01,7000,pvalue,50,1963
cd8+_tcells,approx,0.01,7000,pvalue_bh,50,0
cd8+_tcells,approx,0.01,7000,pvalue_westfall_young,50,51
cd8+_tcells,approx,0.01,7000,pvalue,60,1888
cd8+_tcells,approx,0.01,7000,pvalue_bh,60,0
cd8+_tcells,approx,0.01,7000,pvalue_westfall_young,60,53
cd8+_tcells,approx,0.01,7000,pvalue,70,1926
cd8+_tcells,approx,0.01,7000,pvalue_bh,70,0
cd8+_tcells,approx,0.01,7000,pvalue_westfall_young,70,62
cd8+_tcells,approx,0.01,7000,pvalue,80,2032
cd8+_tcells,approx,0.01,7000,pvalue_bh,80,0
cd8+_tcells,approx,0.01,7000,pvalue_westfall_young,80,55
cd8+_tcells,approx,0.01,7000,pvalue,90,2083
cd8+_tcells,approx,0.01,7000,pvalue_bh,90,0
cd8+_tcells,approx,0.01,7000,pvalue_westfall_young,90,56
cd8+_tcells,approx,0.01,7000,pvalue,100,2029
cd8+_tcells,approx,0.01,7000,pvalue_bh,100,0
cd8+_tcells,approx,0.01,7000,pvalue_westfall_young,100,55
cd8+_tcells,gt,0.01,10000,pvalue,-1,1999
cd8+_tcells,gt,0.01,10000,pvalue_bh,-1,0
cd8+_tcells,approx,0.01,10000,pvalue,1,2045
cd8+_tcells,approx,0.01,10000,pvalue_bh,1,0
cd8+_tcells,approx,0.01,10000,pvalue_westfall_young,1,32
cd8+_tcells,approx,0.01,10000,pvalue,2,1939
cd8+_tcells,approx,0.01,10000,pvalue_bh,2,0
cd8+_tcells,approx,0.01,10000,pvalue_westfall_young,2,57
cd8+_tcells,approx,0.01,10000,pvalue,3,1835
cd8+_tcells,approx,0.01,10000,pvalue_bh,3,0
cd8+_tcells,approx,0.01,10000,pvalue_westfall_young,3,61
cd8+_tcells,approx,0.01,10000,pvalue,4,2008
cd8+_tcells,approx,0.01,10000,pvalue_bh,4,0
cd8+_tcells,approx,0.01,10000,pvalue_westfall_young,4,49
cd8+_tcells,approx,0.01,10000,pvalue,5,1875
cd8+_tcells,approx,0.01,10000,pvalue_bh,5,0
cd8+_tcells,approx,0.01,10000,pvalue_westfall_young,5,57
cd8+_tcells,approx,0.01,10000,pvalue,6,2087
cd8+_tcells,approx,0.01,10000,pvalue_bh,6,0
cd8+_tcells,approx,0.01,10000,pvalue_westfall_young,6,58
cd8+_tcells,approx,0.01,10000,pvalue,7,1778
cd8+_tcells,approx,0.01,10000,pvalue_bh,7,0
cd8+_tcells,approx,0.01,10000,pvalue_westfall_young,7,56
cd8+_tcells,approx,0.01,10000,pvalue,8,1888
cd8+_tcells,approx,0.01,10000,pvalue_bh,8,0
cd8+_tcells,approx,0.01,10000,pvalue_westfall_young,8,56
cd8+_tcells,approx,0.01,10000,pvalue,9,1964
cd8+_tcells,approx,0.01,10000,pvalue_bh,9,0
cd8+_tcells,approx,0.01,10000,pvalue_westfall_young,9,54
cd8+_tcells,approx,0.01,10000,pvalue,10,1933
cd8+_tcells,approx,0.01,10000,pvalue_bh,10,0
cd8+_tcells,approx,0.01,10000,pvalue_westfall_young,10,59
cd8+_tcells,approx,0.01,10000,pvalue,20,1989
cd8+_tcells,approx,0.01,10000,pvalue_bh,20,0
cd8+_tcells,approx,0.01,10000,pvalue_westfall_young,20,54
cd8+_tcells,approx,0.01,10000,pvalue,30,2015
cd8+_tcells,approx,0.01,10000,pvalue_bh,30,0
cd8+_tcells,approx,0.01,10000,pvalue_westfall_young,30,59
cd8+_tcells,approx,0.01,10000,pvalue,40,2050
cd8+_tcells,approx,0.01,10000,pvalue_bh,40,0
cd8+_tcells,approx,0.01,10000,pvalue_westfall_young,40,51
cd8+_tcells,approx,0.01,10000,pvalue,50,1979
cd8+_tcells,approx,0.01,10000,pvalue_bh,50,0
cd8+_tcells,approx,0.01,10000,pvalue_westfall_young,50,50
cd8+_tcells,approx,0.01,10000,pvalue,60,1893
cd8+_tcells,approx,0.01,10000,pvalue_bh,60,0
cd8+_tcells,approx,0.01,10000,pvalue_westfall_young,60,52
cd8+_tcells,approx,0.01,10000,pvalue,70,1937
cd8+_tcells,approx,0.01,10000,pvalue_bh,70,0
cd8+_tcells,approx,0.01,10000,pvalue_westfall_young,70,57
cd8+_tcells,approx,0.01,10000,pvalue,80,2011
cd8+_tcells,approx,0.01,10000,pvalue_bh,80,0
cd8+_tcells,approx,0.01,10000,pvalue_westfall_young,80,53
cd8+_tcells,approx,0.01,10000,pvalue,90,1950
cd8+_tcells,approx,0.01,10000,pvalue_bh,90,0
cd8+_tcells,approx,0.01,10000,pvalue_westfall_young,90,52
cd8+_tcells,approx,0.01,10000,pvalue,100,1995
cd8+_tcells,approx,0.01,10000,pvalue_bh,100,0
cd8+_tcells,approx,0.01,10000,pvalue_westfall_young,100,56
cd8+_tcells,gt,0.05,1000,pvalue,-1,7457
cd8+_tcells,gt,0.05,1000,pvalue_bh,-1,0
cd8+_tcells,approx,0.05,1000,pvalue,1,7525
cd8+_tcells,approx,0.05,1000,pvalue_bh,1,0
cd8+_tcells,approx,0.05,1000,pvalue_westfall_young,1,234
cd8+_tcells,approx,0.05,1000,pvalue,2,7570
cd8+_tcells,approx,0.05,1000,pvalue_bh,2,0
cd8+_tcells,approx,0.05,1000,pvalue_westfall_young,2,179
cd8+_tcells,approx,0.05,1000,pvalue,3,7380
cd8+_tcells,approx,0.05,1000,pvalue_bh,3,0
cd8+_tcells,approx,0.05,1000,pvalue_westfall_young,3,185
cd8+_tcells,approx,0.05,1000,pvalue,4,7543
cd8+_tcells,approx,0.05,1000,pvalue_bh,4,0
cd8+_tcells,approx,0.05,1000,pvalue_westfall_young,4,179
cd8+_tcells,approx,0.05,1000,pvalue,5,7479
cd8+_tcells,approx,0.05,1000,pvalue_bh,5,0
cd8+_tcells,approx,0.05,1000,pvalue_westfall_young,5,191
cd8+_tcells,approx,0.05,1000,pvalue,6,7591
cd8+_tcells,approx,0.05,1000,pvalue_bh,6,0
cd8+_tcells,approx,0.05,1000,pvalue_westfall_young,6,171
cd8+_tcells,approx,0.05,1000,pvalue,7,7357
cd8+_tcells,approx,0.05,1000,pvalue_bh,7,0
cd8+_tcells,approx,0.05,1000,pvalue_westfall_young,7,177
cd8+_tcells,approx,0.05,1000,pvalue,8,7497
cd8+_tcells,approx,0.05,1000,pvalue_bh,8,0
cd8+_tcells,approx,0.05,1000,pvalue_westfall_young,8,202
cd8+_tcells,approx,0.05,1000,pvalue,9,7404
cd8+_tcells,approx,0.05,1000,pvalue_bh,9,0
cd8+_tcells,approx,0.05,1000,pvalue_westfall_young,9,180
cd8+_tcells,approx,0.05,1000,pvalue,10,7531
cd8+_tcells,approx,0.05,1000,pvalue_bh,10,0
cd8+_tcells,approx,0.05,1000,pvalue_westfall_young,10,189
cd8+_tcells,approx,0.05,1000,pvalue,20,7589
cd8+_tcells,approx,0.05,1000,pvalue_bh,20,0
cd8+_tcells,approx,0.05,1000,pvalue_westfall_young,20,207
cd8+_tcells,approx,0.05,1000,pvalue,30,7425
cd8+_tcells,approx,0.05,1000,pvalue_bh,30,0
cd8+_tcells,approx,0.05,1000,pvalue_westfall_young,30,198
cd8+_tcells,approx,0.05,1000,pvalue,40,7480
cd8+_tcells,approx,0.05,1000,pvalue_bh,40,0
cd8+_tcells,approx,0.05,1000,pvalue_westfall_young,40,194
cd8+_tcells,approx,0.05,1000,pvalue,50,7544
cd8+_tcells,approx,0.05,1000,pvalue_bh,50,0
cd8+_tcells,approx,0.05,1000,pvalue_westfall_young,50,177
cd8+_tcells,approx,0.05,1000,pvalue,60,7389
cd8+_tcells,approx,0.05,1000,pvalue_bh,60,0
cd8+_tcells,approx,0.05,1000,pvalue_westfall_young,60,189
cd8+_tcells,approx,0.05,1000,pvalue,70,7561
cd8+_tcells,approx,0.05,1000,pvalue_bh,70,0
cd8+_tcells,approx,0.05,1000,pvalue_westfall_young,70,194
cd8+_tcells,approx,0.05,1000,pvalue,80,7559
cd8+_tcells,approx,0.05,1000,pvalue_bh,80,0
cd8+_tcells,approx,0.05,1000,pvalue_westfall_young,80,175
cd8+_tcells,approx,0.05,1000,pvalue,90,7672
cd8+_tcells,approx,0.05,1000,pvalue_bh,90,0
cd8+_tcells,approx,0.05,1000,pvalue_westfall_young,90,195
cd8+_tcells,approx,0.05,1000,pvalue,100,7453
cd8+_tcells,approx,0.05,1000,pvalue_bh,100,0
cd8+_tcells,approx,0.05,1000,pvalue_westfall_young,100,200
cd8+_tcells,gt,0.05,3000,pvalue,-1,7559
cd8+_tcells,gt,0.05,3000,pvalue_bh,-1,0
cd8+_tcells,approx,0.05,3000,pvalue,1,7681
cd8+_tcells,approx,0.05,3000,pvalue_bh,1,0
cd8+_tcells,approx,0.05,3000,pvalue_westfall_young,1,179
cd8+_tcells,approx,0.05,3000,pvalue,2,7541
cd8+_tcells,approx,0.05,3000,pvalue_bh,2,0
cd8+_tcells,approx,0.05,3000,pvalue_westfall_young,2,178
cd8+_tcells,approx,0.05,3000,pvalue,3,7300
cd8+_tcells,approx,0.05,3000,pvalue_bh,3,0
cd8+_tcells,approx,0.05,3000,pvalue_westfall_young,3,218
cd8+_tcells,approx,0.05,3000,pvalue,4,7496
cd8+_tcells,approx,0.05,3000,pvalue_bh,4,0
cd8+_tcells,approx,0.05,3000,pvalue_westfall_young,4,172
cd8+_tcells,approx,0.05,3000,pvalue,5,7496
cd8+_tcells,approx,0.05,3000,pvalue_bh,5,0
cd8+_tcells,approx,0.05,3000,pvalue_westfall_young,5,180
cd8+_tcells,approx,0.05,3000,pvalue,6,7522
cd8+_tcells,approx,0.05,3000,pvalue_bh,6,0
cd8+_tcells,approx,0.05,3000,pvalue_westfall_young,6,190
cd8+_tcells,approx,0.05,3000,pvalue,7,7408
cd8+_tcells,approx,0.05,3000,pvalue_bh,7,0
cd8+_tcells,approx,0.05,3000,pvalue_westfall_young,7,178
cd8+_tcells,approx,0.05,3000,pvalue,8,7516
cd8+_tcells,approx,0.05,3000,pvalue_bh,8,0
cd8+_tcells,approx,0.05,3000,pvalue_westfall_young,8,189
cd8+_tcells,approx,0.05,3000,pvalue,9,7547
cd8+_tcells,approx,0.05,3000,pvalue_bh,9,0
cd8+_tcells,approx,0.05,3000,pvalue_westfall_young,9,182
cd8+_tcells,approx,0.05,3000,pvalue,10,7521
cd8+_tcells,approx,0.05,3000,pvalue_bh,10,0
cd8+_tcells,approx,0.05,3000,pvalue_westfall_young,10,182
cd8+_tcells,approx,0.05,3000,pvalue,20,7606
cd8+_tcells,approx,0.05,3000,pvalue_bh,20,0
cd8+_tcells,approx,0.05,3000,pvalue_westfall_young,20,193
cd8+_tcells,approx,0.05,3000,pvalue,30,7528
cd8+_tcells,approx,0.05,3000,pvalue_bh,30,0
cd8+_tcells,approx,0.05,3000,pvalue_westfall_young,30,185
cd8+_tcells,approx,0.05,3000,pvalue,40,7525
cd8+_tcells,approx,0.05,3000,pvalue_bh,40,0
cd8+_tcells,approx,0.05,3000,pvalue_westfall_young,40,188
cd8+_tcells,approx,0.05,3000,pvalue,50,7579
cd8+_tcells,approx,0.05,3000,pvalue_bh,50,0
cd8+_tcells,approx,0.05,3000,pvalue_westfall_young,50,174
cd8+_tcells,approx,0.05,3000,pvalue,60,7470
cd8+_tcells,approx,0.05,3000,pvalue_bh,60,0
cd8+_tcells,approx,0.05,3000,pvalue_westfall_young,60,204
cd8+_tcells,approx,0.05,3000,pvalue,70,7461
cd8+_tcells,approx,0.05,3000,pvalue_bh,70,0
cd8+_tcells,approx,0.05,3000,pvalue_westfall_young,70,202
cd8+_tcells,approx,0.05,3000,pvalue,80,7562
cd8+_tcells,approx,0.05,3000,pvalue_bh,80,0
cd8+_tcells,approx,0.05,3000,pvalue_westfall_young,80,190
cd8+_tcells,approx,0.05,3000,pvalue,90,7600
cd8+_tcells,approx,0.05,3000,pvalue_bh,90,0
cd8+_tcells,approx,0.05,3000,pvalue_westfall_young,90,173
cd8+_tcells,approx,0.05,3000,pvalue,100,7438
cd8+_tcells,approx,0.05,3000,pvalue_bh,100,0
cd8+_tcells,approx,0.05,3000,pvalue_westfall_young,100,194
cd8+_tcells,gt,0.05,5000,pvalue,-1,7466
cd8+_tcells,gt,0.05,5000,pvalue_bh,-1,0
cd8+_tcells,approx,0.05,5000,pvalue,1,7635
cd8+_tcells,approx,0.05,5000,pvalue_bh,1,0
cd8+_tcells,approx,0.05,5000,pvalue_westfall_young,1,193
cd8+_tcells,approx,0.05,5000,pvalue,2,7519
cd8+_tcells,approx,0.05,5000,pvalue_bh,2,0
cd8+_tcells,approx,0.05,5000,pvalue_westfall_young,2,188
cd8+_tcells,approx,0.05,5000,pvalue,3,7336
cd8+_tcells,approx,0.05,5000,pvalue_bh,3,0
cd8+_tcells,approx,0.05,5000,pvalue_westfall_young,3,187
cd8+_tcells,approx,0.05,5000,pvalue,4,7634
cd8+_tcells,approx,0.05,5000,pvalue_bh,4,0
cd8+_tcells,approx,0.05,5000,pvalue_westfall_young,4,193
cd8+_tcells,approx,0.05,5000,pvalue,5,7302
cd8+_tcells,approx,0.05,5000,pvalue_bh,5,0
cd8+_tcells,approx,0.05,5000,pvalue_westfall_young,5,186
cd8+_tcells,approx,0.05,5000,pvalue,6,7548
cd8+_tcells,approx,0.05,5000,pvalue_bh,6,0
cd8+_tcells,approx,0.05,5000,pvalue_westfall_young,6,183
cd8+_tcells,approx,0.05,5000,pvalue,7,7434
cd8+_tcells,approx,0.05,5000,pvalue_bh,7,0
cd8+_tcells,approx,0.05,5000,pvalue_westfall_young,7,186
cd8+_tcells,approx,0.05,5000,pvalue,8,7463
cd8+_tcells,approx,0.05,5000,pvalue_bh,8,0
cd8+_tcells,approx,0.05,5000,pvalue_westfall_young,8,186
cd8+_tcells,approx,0.05,5000,pvalue,9,7557
cd8+_tcells,approx,0.05,5000,pvalue_bh,9,0
cd8+_tcells,approx,0.05,5000,pvalue_westfall_young,9,192
cd8+_tcells,approx,0.05,5000,pvalue,10,7398
cd8+_tcells,approx,0.05,5000,pvalue_bh,10,0
cd8+_tcells,approx,0.05,5000,pvalue_westfall_young,10,184
cd8+_tcells,approx,0.05,5000,pvalue,20,7486
cd8+_tcells,approx,0.05,5000,pvalue_bh,20,0
cd8+_tcells,approx,0.05,5000,pvalue_westfall_young,20,189
cd8+_tcells,approx,0.05,5000,pvalue,30,7673
cd8+_tcells,approx,0.05,5000,pvalue_bh,30,0
cd8+_tcells,approx,0.05,5000,pvalue_westfall_young,30,176
cd8+_tcells,approx,0.05,5000,pvalue,40,7493
cd8+_tcells,approx,0.05,5000,pvalue_bh,40,0
cd8+_tcells,approx,0.05,5000,pvalue_westfall_young,40,186
cd8+_tcells,approx,0.05,5000,pvalue,50,7513
cd8+_tcells,approx,0.05,5000,pvalue_bh,50,0
cd8+_tcells,approx,0.05,5000,pvalue_westfall_young,50,171
cd8+_tcells,approx,0.05,5000,pvalue,60,7572
cd8+_tcells,approx,0.05,5000,pvalue_bh,60,0
cd8+_tcells,approx,0.05,5000,pvalue_westfall_young,60,174
cd8+_tcells,approx,0.05,5000,pvalue,70,7321
cd8+_tcells,approx,0.05,5000,pvalue_bh,70,0
cd8+_tcells,approx,0.05,5000,pvalue_westfall_young,70,211
cd8+_tcells,approx,0.05,5000,pvalue,80,7545
cd8+_tcells,approx,0.05,5000,pvalue_bh,80,0
cd8+_tcells,approx,0.05,5000,pvalue_westfall_young,80,197
cd8+_tcells,approx,0.05,5000,pvalue,90,7665
cd8+_tcells,approx,0.05,5000,pvalue_bh,90,0
cd8+_tcells,approx,0.05,5000,pvalue_westfall_young,90,176
cd8+_tcells,approx,0.05,5000,pvalue,100,7531
cd8+_tcells,approx,0.05,5000,pvalue_bh,100,0
cd8+_tcells,approx,0.05,5000,pvalue_westfall_young,100,195
cd8+_tcells,gt,0.05,7000,pvalue,-1,7505
cd8+_tcells,gt,0.05,7000,pvalue_bh,-1,0
cd8+_tcells,approx,0.05,7000,pvalue,1,7559
cd8+_tcells,approx,0.05,7000,pvalue_bh,1,0
cd8+_tcells,approx,0.05,7000,pvalue_westfall_young,1,203
cd8+_tcells,approx,0.05,7000,pvalue,2,7538
cd8+_tcells,approx,0.05,7000,pvalue_bh,2,0
cd8+_tcells,approx,0.05,7000,pvalue_westfall_young,2,177
cd8+_tcells,approx,0.05,7000,pvalue,3,7377
cd8+_tcells,approx,0.05,7000,pvalue_bh,3,0
cd8+_tcells,approx,0.05,7000,pvalue_westfall_young,3,190
cd8+_tcells,approx,0.05,7000,pvalue,4,7467
cd8+_tcells,approx,0.05,7000,pvalue_bh,4,0
cd8+_tcells,approx,0.05,7000,pvalue_westfall_young,4,194
cd8+_tcells,approx,0.05,7000,pvalue,5,7431
cd8+_tcells,approx,0.05,7000,pvalue_bh,5,0
cd8+_tcells,approx,0.05,7000,pvalue_westfall_young,5,188
cd8+_tcells,approx,0.05,7000,pvalue,6,7539
cd8+_tcells,approx,0.05,7000,pvalue_bh,6,0
cd8+_tcells,approx,0.05,7000,pvalue_westfall_young,6,184
cd8+_tcells,approx,0.05,7000,pvalue,7,7357
cd8+_tcells,approx,0.05,7000,pvalue_bh,7,0
cd8+_tcells,approx,0.05,7000,pvalue_westfall_young,7,201
cd8+_tcells,approx,0.05,7000,pvalue,8,7379
cd8+_tcells,approx,0.05,7000,pvalue_bh,8,0
cd8+_tcells,approx,0.05,7000,pvalue_westfall_young,8,193
cd8+_tcells,approx,0.05,7000,pvalue,9,7548
cd8+_tcells,approx,0.05,7000,pvalue_bh,9,0
cd8+_tcells,approx,0.05,7000,pvalue_westfall_young,9,187
cd8+_tcells,approx,0.05,7000,pvalue,10,7418
cd8+_tcells,approx,0.05,7000,pvalue_bh,10,0
cd8+_tcells,approx,0.05,7000,pvalue_westfall_young,10,179
cd8+_tcells,approx,0.05,7000,pvalue,20,7460
cd8+_tcells,approx,0.05,7000,pvalue_bh,20,0
cd8+_tcells,approx,0.05,7000,pvalue_westfall_young,20,187
cd8+_tcells,approx,0.05,7000,pvalue,30,7485
cd8+_tcells,approx,0.05,7000,pvalue_bh,30,0
cd8+_tcells,approx,0.05,7000,pvalue_westfall_young,30,185
cd8+_tcells,approx,0.05,7000,pvalue,40,7416
cd8+_tcells,approx,0.05,7000,pvalue_bh,40,0
cd8+_tcells,approx,0.05,7000,pvalue_westfall_young,40,192
cd8+_tcells,approx,0.05,7000,pvalue,50,7447
cd8+_tcells,approx,0.05,7000,pvalue_bh,50,0
cd8+_tcells,approx,0.05,7000,pvalue_westfall_young,50,183
cd8+_tcells,approx,0.05,7000,pvalue,60,7406
cd8+_tcells,approx,0.05,7000,pvalue_bh,60,0
cd8+_tcells,approx,0.05,7000,pvalue_westfall_young,60,191
cd8+_tcells,approx,0.05,7000,pvalue,70,7445
cd8+_tcells,approx,0.05,7000,pvalue_bh,70,0
cd8+_tcells,approx,0.05,7000,pvalue_westfall_young,70,200
cd8+_tcells,approx,0.05,7000,pvalue,80,7549
cd8+_tcells,approx,0.05,7000,pvalue_bh,80,0
cd8+_tcells,approx,0.05,7000,pvalue_westfall_young,80,187
cd8+_tcells,approx,0.05,7000,pvalue,90,7643
cd8+_tcells,approx,0.05,7000,pvalue_bh,90,0
cd8+_tcells,approx,0.05,7000,pvalue_westfall_young,90,183
cd8+_tcells,approx,0.05,7000,pvalue,100,7546
cd8+_tcells,approx,0.05,7000,pvalue_bh,100,0
cd8+_tcells,approx,0.05,7000,pvalue_westfall_young,100,192
cd8+_tcells,gt,0.05,10000,pvalue,-1,7525
cd8+_tcells,gt,0.05,10000,pvalue_bh,-1,0
cd8+_tcells,approx,0.05,10000,pvalue,1,7556
cd8+_tcells,approx,0.05,10000,pvalue_bh,1,0
cd8+_tcells,approx,0.05,10000,pvalue_westfall_young,1,198
cd8+_tcells,approx,0.05,10000,pvalue,2,7497
cd8+_tcells,approx,0.05,10000,pvalue_bh,2,0
cd8+_tcells,approx,0.05,10000,pvalue_westfall_young,2,181
cd8+_tcells,approx,0.05,10000,pvalue,3,7292
cd8+_tcells,approx,0.05,10000,pvalue_bh,3,0
cd8+_tcells,approx,0.05,10000,pvalue_westfall_young,3,197
cd8+_tcells,approx,0.05,10000,pvalue,4,7616
cd8+_tcells,approx,0.05,10000,pvalue_bh,4,0
cd8+_tcells,approx,0.05,10000,pvalue_westfall_young,4,159
cd8+_tcells,approx,0.05,10000,pvalue,5,7417
cd8+_tcells,approx,0.05,10000,pvalue_bh,5,0
cd8+_tcells,approx,0.05,10000,pvalue_westfall_young,5,191
cd8+_tcells,approx,0.05,10000,pvalue,6,7648
cd8+_tcells,approx,0.05,10000,pvalue_bh,6,0
cd8+_tcells,approx,0.05,10000,pvalue_westfall_young,6,184
cd8+_tcells,approx,0.05,10000,pvalue,7,7353
cd8+_tcells,approx,0.05,10000,pvalue_bh,7,0
cd8+_tcells,approx,0.05,10000,pvalue_westfall_young,7,178
cd8+_tcells,approx,0.05,10000,pvalue,8,7461
cd8+_tcells,approx,0.05,10000,pvalue_bh,8,0
cd8+_tcells,approx,0.05,10000,pvalue_westfall_young,8,179
cd8+_tcells,approx,0.05,10000,pvalue,9,7545
cd8+_tcells,approx,0.05,10000,pvalue_bh,9,0
cd8+_tcells,approx,0.05,10000,pvalue_westfall_young,9,179
cd8+_tcells,approx,0.05,10000,pvalue,10,7475
cd8+_tcells,approx,0.05,10000,pvalue_bh,10,0
cd8+_tcells,approx,0.05,10000,pvalue_westfall_young,10,204
cd8+_tcells,approx,0.05,10000,pvalue,20,7451
cd8+_tcells,approx,0.05,10000,pvalue_bh,20,0
cd8+_tcells,approx,0.05,10000,pvalue_westfall_young,20,180
cd8+_tcells,approx,0.05,10000,pvalue,30,7492
cd8+_tcells,approx,0.05,10000,pvalue_bh,30,0
cd8+_tcells,approx,0.05,10000,pvalue_westfall_young,30,203
cd8+_tcells,approx,0.05,10000,pvalue,40,7514
cd8+_tcells,approx,0.05,10000,pvalue_bh,40,0
cd8+_tcells,approx,0.05,10000,pvalue_westfall_young,40,191
cd8+_tcells,approx,0.05,10000,pvalue,50,7431
cd8+_tcells,approx,0.05,10000,pvalue_bh,50,0
cd8+_tcells,approx,0.05,10000,pvalue_westfall_young,50,180
cd8+_tcells,approx,0.05,10000,pvalue,60,7463
cd8+_tcells,approx,0.05,10000,pvalue_bh,60,0
cd8+_tcells,approx,0.05,10000,pvalue_westfall_young,60,193
cd8+_tcells,approx,0.05,10000,pvalue,70,7415
cd8+_tcells,approx,0.05,10000,pvalue_bh,70,0
cd8+_tcells,approx,0.05,10000,pvalue_westfall_young,70,222
cd8+_tcells,approx,0.05,10000,pvalue,80,7590
cd8+_tcells,approx,0.05,10000,pvalue_bh,80,0
cd8+_tcells,approx,0.05,10000,pvalue_westfall_young,80,181
cd8+_tcells,approx,0.05,10000,pvalue,90,7589
cd8+_tcells,approx,0.05,10000,pvalue_bh,90,0
cd8+_tcells,approx,0.05,10000,pvalue_westfall_young,90,181
cd8+_tcells,approx,0.05,10000,pvalue,100,7500
cd8+_tcells,approx,0.05,10000,pvalue_bh,100,0
cd8+_tcells,approx,0.05,10000,pvalue_westfall_young,100,198
