dataset,num_clusters,num_permutations,wall_time,mem_peak,mem_avg,num_samples,wall_time_gt,time_diff_abs,time_speedup,mem_peak_gt,peak_mem_diff_abs,peak_mem_ratio,emissions_gt,emissions_diff_abs,emission_ratio
nk_cells,1,1000,86.40235692402348,1055.9921875,993.6651085003782,661,1257.7079610677902,1171.3056041437667,14.556408017593032,14553.98828125,13497.99609375,13.782287836528146,0.0551765860320026,0.0534372973486254,31.72365034012956
nk_cells,2,1000,72.35480776196346,1406.0703125,1332.3188295717594,540,1257.7079610677902,1185.3531533058267,17.38250711971293,14553.98828125,13147.91796875,10.350825383243414,0.0551765860320026,0.053749536418539905,38.66479869478259
nk_cells,3,1000,66.29720579902641,1746.7734375,1671.975014437885,487,1257.7079610677902,1191.4107552687638,18.970753682748118,14553.98828125,12807.21484375,8.331926722036613,0.0551765860320026,0.0538382603374176,41.228070457925604
nk_cells,4,1000,71.08864495507441,2104.1796875,2023.3043316981589,516,1257.7079610677902,1186.6193161127158,17.692107675742285,14553.98828125,12449.80859375,6.9167041045538085,0.0551765860320026,0.0537727777039428,39.304928549798554
nk_cells,5,1000,65.26561017008498,2454.26953125,2369.031084129512,471,1257.7079610677902,1192.4423508977052,19.27060756484386,14553.98828125,12099.71875,5.930069251129648,0.0551765860320026,0.0538899027978139,42.88280484729672
nk_cells,6,1000,69.81686016311869,2800.4765625,2699.809546685988,496,1257.7079610677902,1187.8911009046715,18.01438732892466,14553.98828125,11753.51171875,5.196968428922533,0.0551765860320026,0.053759754819203504,38.94365506177367
nk_cells,7,1000,73.69835588592105,3164.42578125,3063.459593572779,529,1257.7079610677902,1184.0096051818691,17.065617624016173,14553.98828125,11389.5625,4.599250950199545,0.0551765860320026,0.0536876523472644,37.057786117387984
nk_cells,8,1000,66.85019257687964,3499.3359375,3388.6049567256878,473,1257.7079610677902,1190.8577684909105,18.813827045021448,14553.98828125,11054.65234375,4.159071475614793,0.0551765860320026,0.0537485063850896,38.636910869274516
nk_cells,9,1000,69.50940774893388,3846.16796875,3728.313563864345,481,1257.7079610677902,1188.1985533188563,18.094068152768582,14553.98828125,10707.8203125,3.7840230586653316,0.0551765860320026,0.0535417705831151,33.75095706952766
nk_cells,10,1000,69.16155978199095,4215.6640625,4074.379649511099,473,1257.7079610677902,1188.5464012857992,18.185072242909218,14553.98828125,10338.32421875,3.4523595963714198,0.0551765860320026,0.0538088015868054,40.34011808348028
nk_cells,20,1000,129.74597021006048,7823.96875,7650.428383923452,872,1257.7079610677902,1127.9619908577297,9.693618684507458,14553.98828125,6730.01953125,1.8601797561180187,0.0551765860320026,0.0526544267157378,21.87672510462842
nk_cells,30,1000,76.31674870685674,11276.80078125,10969.945124624248,499,1257.7079610677902,1181.3912123609334,16.480104071241577,14553.98828125,3277.1875,1.2906132300793145,0.0551765860320026,0.053045873628424604,25.895839316158902
nk_cells,40,1000,115.53792071412316,11341.0546875,11103.40596195828,773,1257.7079610677902,1142.170040353667,10.88567245536426,14553.98828125,3212.93359375,1.2833011287117118,0.0551765860320026,0.0523386289687603,19.442361107805002
nk_cells,50,1000,174.59264896903187,11455.8046875,11238.054191782994,1182,1257.7079610677902,1083.1153120987583,7.203670764459702,14553.98828125,3098.18359375,1.2704466144687838,0.0551765860320026,0.0514982630459299,15.000473379015029
nk_cells,60,1000,105.9506575188134,11572.18359375,11247.257630578912,773,1257.7079610677902,1151.7573035489768,11.870695194548103,14553.98828125,2981.8046875,1.2576700121756137,0.0551765860320026,0.052117970784921204,18.039727646245584
nk_cells,70,1000,148.4551920380909,11616.22265625,11288.518436621369,1067,1257.7079610677902,1109.2527690296993,8.471970187105919,14553.98828125,2937.765625,1.2529019726924193,0.0551765860320026,0.0511773442143906,13.796761623419227
nk_cells,80,1000,188.38854664587416,11679.35546875,11372.995809865552,1376,1257.7079610677902,1069.319414421916,6.676138138227603,14553.98828125,2874.6328125,1.2461294050165306,0.0551765860320026,0.0500238857953173,10.708285655580335
nk_cells,90,1000,144.7865666730795,11706.5859375,11339.67476891598,1092,1257.7079610677902,1112.9213943947107,8.686634333333071,14553.98828125,2847.40234375,1.2432308069109068,0.0551765860320026,0.050244668662638804,11.18765419200853
nk_cells,100,1000,175.78248789696954,11782.82421875,11416.440510884831,1335,1257.7079610677902,1081.9254731708206,7.1549104584579775,14553.98828125,2771.1640625,1.2351867439463493,0.0551765860320026,0.0497319599142773,10.134136823899071
nk_cells,1,3000,188.9663507819641,1050.7890625,1007.3703450945242,1534,3798.511874032905,3609.5455232509407,20.101525262641914,14680.8359375,13630.046875,13.971249284391938,0.1666429586528567,0.1630932160249447,46.94508197369735
nk_cells,2,3000,164.94298227899708,1420.8125,1364.8726285631742,1298,3798.511874032905,3633.568891753908,23.029242114755835,14680.8359375,13260.0234375,10.332704658426076,0.1666429586528567,0.1633556949955163,50.693517777543036
nk_cells,3,3000,147.87524786195718,1777.32421875,1722.8115301262842,1168,3798.511874032905,3650.6366261709477,25.6872730829087,14680.8359375,12903.51171875,8.260077583270146,0.1666429586528567,0.1631143528948861,47.22628995218149
nk_cells,4,3000,149.12565148202702,2134.484375,2069.4773626566557,1157,3798.511874032905,3649.386222550878,25.47188787631691,14680.8359375,12546.3515625,6.877930852738147,0.1666429586528567,0.1631113938797125,47.18672015308732
nk_cells,5,3000,135.80779731203802,2485.4921875,2418.4887342561788,1052,3798.511874032905,3662.704076720867,27.969762776619337,14680.8359375,12195.34375,5.9066111779922865,0.1666429586528567,0.16329259050083,49.73870067146241
nk_cells,6,3000,134.47865509900294,2841.23828125,2764.063466143308,1031,3798.511874032905,3664.033218933902,28.246206591198042,14680.8359375,11839.59765625,5.167055517441916,0.1666429586528567,0.1632371507356806,48.9290537532802
nk_cells,7,3000,137.72639414598234,3192.703125,3113.2014397321427,1050,3798.511874032905,3660.7854798869225,27.58013013835745,14680.8359375,11488.1328125,4.598246489798515,0.1666429586528567,0.1635769308445905,54.351417884592244
nk_cells,8,3000,135.5976042940747,3567.85546875,3465.6040801119943,1038,3798.511874032905,3662.91426973883,28.01311936009544,14680.8359375,11112.98046875,4.1147507420314415,0.1666429586528567,0.163501080696113,53.03928444934523
nk_cells,9,3000,132.65737286908552,3910.37109375,3810.167182784205,994,3798.511874032905,3665.8545011638194,28.63400496994246,14680.8359375,10770.46484375,3.754333178496686,0.1666429586528567,0.1631265753596316,47.39044204137876
nk_cells,10,3000,134.28869144106284,4276.84375,4173.365506769288,1011,3798.511874032905,3664.223182591842,28.286163438415894,14680.8359375,10403.9921875,3.432633221052324,0.1666429586528567,0.1629781999504204,45.471741029518235
nk_cells,20,3000,303.3185774299782,8148.3125,7872.990176235465,2150,3798.511874032905,3495.1932966029267,12.52317581803838,14680.8359375,6532.5234375,1.8017026148052127,0.1666429586528567,0.1607755548716621,28.40148127983929
nk_cells,30,3000,149.90961832087487,11509.69140625,11240.800224686676,1137,3798.511874032905,3648.60225571203,25.33868017662722,14680.8359375,3171.14453125,1.2755195095437575,0.1666429586528567,0.16158155337421248,32.9242472156854
nk_cells,40,3000,251.1112615650054,11594.41796875,11385.57062255332,1852,3798.511874032905,3547.4006124678995,15.126808134208591,14680.8359375,3086.41796875,1.266198611872429,0.1666429586528567,0.1587122759253845,21.012435420673036
nk_cells,50,3000,446.203858943074,12101.5859375,11675.89342948718,3159,3798.511874032905,3352.308015089831,8.512951642844293,14680.8359375,2579.25,1.2131332218207453,0.1666429586528567,0.1554644211531347,14.907402570059004
nk_cells,60,3000,237.12971768016,11995.90625,11576.890723764836,1938,3798.511874032905,3561.382156352745,16.018708710126027,14680.8359375,2684.9296875,1.2238204960546437,0.1666429586528567,0.1586219811792855,20.77589161694302
nk_cells,70,3000,358.2439274508506,12057.171875,11658.34074274158,2820,3798.511874032905,3440.2679465820543,10.60314378826154,14680.8359375,2623.6640625,1.2176019459372598,0.1666429586528567,0.1553810822783456,14.797086481078601
nk_cells,80,3000,540.0346562429331,12451.0234375,11904.790503026954,4016,3798.511874032905,3258.4772177899717,7.033829829477008,14680.8359375,2229.8125,1.1790866840138017,0.1666429586528567,0.1513120138242785,10.869712239927958
nk_cells,90,3000,344.1806100939866,12279.15625,11787.684393937778,2929,3798.511874032905,3454.3312639389183,11.036391251080738,14680.8359375,2401.6796875,1.1955899606294202,0.1666429586528567,0.1540376386618641,13.220049849740821
nk_cells,100,3000,447.7637706780806,12373.41796875,11886.91811853773,3651,3798.511874032905,3350.7481033548243,8.483294368100722,14680.8359375,2307.41796875,1.1864818576869833,0.1666429586528567,0.15168756187885118,11.142663827047683
nk_cells,1,5000,290.5723731860053,1069.01171875,1020.0236732502096,2386,6365.735543781193,6075.163170595188,21.90757322860239,14712.4921875,13643.48046875,13.76270430852094,0.2688777236713072,0.2623219067065895,41.0136105260964
nk_cells,2,5000,261.1626408100128,1438.78125,1385.1148782601033,2128,6365.735543781193,6104.57290297118,24.374602447109023,14712.4921875,13273.7109375,10.225662996025282,0.2688777236713072,0.2635382442163859,50.35654241978355
nk_cells,3,5000,219.1974417129968,1801.8828125,1739.025656055351,1766,6365.735543781193,6146.538102068196,29.041103281287754,14712.4921875,12910.609375,8.165066055037917,0.2688777236713072,0.263539301044509,50.36651132144828
nk_cells,4,5000,211.72890957305208,2158.57421875,2087.46584854351,1695,6365.735543781193,6154.006634208141,30.065500061458756,14712.4921875,12553.91796875,6.815838000705761,0.2688777236713072,0.2641161852097805,56.4686657146305
nk_cells,5,5000,207.87149214406963,2513.59765625,2434.529314641449,1649,6365.735543781193,6157.864051637123,30.62341775739642,14712.4921875,12198.89453125,5.853161165597741,0.2688777236713072,0.2639638594127825,54.71818298701497
nk_cells,6,5000,206.42139738588597,2851.7109375,2781.234000460971,1627,6365.735543781193,6159.314146395307,30.838544958985192,14712.4921875,11860.78125,5.159180754974399,0.2688777236713072,0.2635142110628812,50.130901761823814
nk_cells,7,5000,204.53616658900864,3237.7734375,3144.3788770443925,1605,6365.735543781193,6161.199377192184,31.122786986481415,14712.4921875,11474.71875,4.544015346194216,0.2688777236713072,0.2639964628673991,55.08366269961128
nk_cells,8,5000,199.11288454011083,3601.4609375,3506.849787161072,1549,6365.735543781193,6166.622659241082,31.970485277655804,14712.4921875,11111.03125,4.08514556809628,0.2688777236713072,0.2635378700399025,50.353013814833034
nk_cells,9,5000,213.0761725010816,3940.7421875,3840.534171807107,1611,6365.735543781193,6152.659371280111,29.87539840358677,14712.4921875,10771.75,3.733431797230455,0.2688777236713072,0.2636136832207172,51.078202417910944
nk_cells,10,5000,206.8267703289166,4317.97265625,4211.248266327248,1602,6365.735543781193,6158.908773452276,30.778102533138064,14712.4921875,10394.51953125,3.4072684935150233,0.2688777236713072,0.2637685265587118,52.62621851258369
nk_cells,20,5000,518.2307118820027,8566.125,8090.016909571136,3792,6365.735543781193,5847.50483189919,12.283593769777628,14712.4921875,6146.3671875,1.7175201374600535,0.2688777236713072,0.25923335283570687,27.87923942936722
nk_cells,30,5000,210.93474075896663,11740.8828125,11385.80126084297,1686,6365.735543781193,6154.800803022226,30.178696600079103,14712.4921875,2971.609375,1.2530993130973302,0.2688777236713072,0.26093012075267846,33.83129811896793
nk_cells,40,5000,375.8869802178815,11905.97265625,11609.18613741765,2884,6365.735543781193,5989.8485635633115,16.935238193382805,14712.4921875,2806.51953125,1.2357236667914508,0.2688777236713072,0.2558768999245073,20.681591328971777
nk_cells,50,5000,704.9216185270343,12695.15234375,11989.796016189906,5117,6365.735543781193,5660.813925254159,9.030416115032315,14712.4921875,2017.33984375,1.158906312356556,0.2688777236713072,0.253462831183766,17.44272455280649
nk_cells,60,5000,381.2316365579609,12439.51953125,11845.84070629452,3229,6365.735543781193,5984.503907223232,16.69781553612845,14712.4921875,2272.97265625,1.1827219009978593,0.2688777236713072,0.2559539674048359,20.804920653670106
nk_cells,70,5000,556.1357623578515,12522.1171875,11995.23616408185,4441,6365.735543781193,5809.5997814233415,11.446369707987044,14712.4921875,2190.375,1.1749205000402414,0.2688777236713072,0.24912072921721878,13.609242250694017
nk_cells,80,5000,857.8876197349746,13314.5625,12368.001661119566,6488,6365.735543781193,5507.847924046218,7.420244094148073,14712.4921875,1397.9296875,1.104992536367605,0.2688777236713072,0.2440649684563793,10.8362703513693
nk_cells,90,5000,552.2692812408786,13009.05078125,12160.633604352206,4716,6365.735543781193,5813.466262540314,11.526506651751836,14712.4921875,1703.44140625,1.1309427901307894,0.2688777236713072,0.2466598305515636,12.101855122904206
nk_cells,100,5000,702.3053575018421,13006.62890625,12302.517533137476,5861,6365.735543781193,5663.430186279351,9.064056646847517,14712.4921875,1705.86328125,1.1311533752170242,0.2688777236713072,0.24508269252958198,11.299742457568092
nk_cells,1,7000,380.1966873500496,1078.4375,1030.9689738148938,3159,8761.026425841963,8380.829738491913,23.04340547232498,14726.58984375,13648.15234375,13.655487539843524,0.3869947206333881,0.37835281113435737,44.78115868683819
nk_cells,2,7000,343.8665103071835,1446.59765625,1390.4743724656205,2836,8761.026425841963,8417.15991553478,25.477986844416883,14726.58984375,13279.9921875,10.180156023427816,0.3869947206333881,0.3797170289041445,53.175475828186805
nk_cells,3,7000,287.50557923084125,1813.98828125,1743.6380219457496,2341,8761.026425841963,8473.520846611122,30.472544043424087,14726.58984375,12912.6015625,8.118348941924841,0.3869947206333881,0.38052279206219286,59.79588871790037
nk_cells,4,7000,296.19606553879566,2199.38671875,2113.4689199079885,2391,8761.026425841963,8464.830360303167,29.578469956733596,14726.58984375,12527.203125,6.695771015712832,0.3869947206333881,0.3794824709054741,51.515156530991504
nk_cells,5,7000,273.0496564328205,2542.8359375,2454.9344695348173,2190,8761.026425841963,8487.976769409142,32.08583574247226,14726.58984375,12183.75390625,5.791403852121309,0.3869947206333881,0.38055623029131896,60.10643801152644
nk_cells,6,7000,290.0124704360496,2905.7109375,2812.349084341398,2325,8761.026425841963,8471.013955405913,30.209136912868885,14726.58984375,11820.87890625,5.068153770457424,0.3869947206333881,0.38004085321285086,55.651725468687744
nk_cells,7,7000,278.811677044956,3279.50390625,3171.640749704924,2224,8761.026425841963,8482.214748797007,31.422738526225075,14726.58984375,11447.0859375,4.490493155286206,0.3869947206333881,0.3802188042496705,57.11326685838821
nk_cells,8,7000,274.2016674717888,3645.3046875,3531.181338129912,2163,8761.026425841963,8486.824758370174,31.951032634560253,14726.58984375,11081.28515625,4.039878996740241,0.3869947206333881,0.38041568614514626,58.822418597293236
nk_cells,9,7000,277.6473716089968,4003.9296875,3883.0589500086367,2171,8761.026425841963,8483.379054232966,31.55450878238414,14726.58984375,10722.66015625,3.6780340798005087,0.3869947206333881,0.3802652289768453,57.507274008896275
nk_cells,10,7000,287.54264689423144,4374.69921875,4250.170251464844,2240,8761.026425841963,8473.483778947731,30.468615770461987,14726.58984375,10351.890625,3.366309112322901,0.3869947206333881,0.3796936316959102,53.0050686887088
nk_cells,20,7000,675.6461481819861,8873.51953125,8262.587277443828,4918,8761.026425841963,8085.380277659977,12.966885772110064,14726.58984375,5853.0703125,1.6596109122076261,0.3869947206333881,0.37323358017464836,28.122285488889673
nk_cells,30,7000,292.45443016896024,11928.43359375,11501.956461454029,2420,8761.026425841963,8468.571995673003,29.956894210084076,14726.58984375,2798.15625,1.234578683614093,0.3869947206333881,0.37751429938234715,40.820414028638034
nk_cells,40,7000,521.3081705309451,12142.8515625,11749.559536102484,4025,8761.026425841963,8239.718255311018,16.805849056459216,14726.58984375,2583.73828125,1.212778544475434,0.3869947206333881,0.36934002482261347,21.92021458660344
nk_cells,50,7000,987.842035960988,13413.21875,12395.728248706111,7149,8761.026425841963,7773.184389880975,8.868853629334675,14726.58984375,1313.37109375,1.0979161764397527,0.3869947206333881,0.3619885502613307,15.475969125837313
nk_cells,60,7000,509.8091677969787,12929.24609375,12100.841501546318,4345,8761.026425841963,8251.217258044984,17.184913452421213,14726.58984375,1797.34375,1.1390138092327624,0.3869947206333881,0.36682474928755815,19.186676768055914
nk_cells,70,7000,753.5315781421959,12944.0234375,12299.962379983355,6158,8761.026425841963,8007.494847699767,11.62662147144775,14726.58984375,1782.56640625,1.137713471769971,0.3869947206333881,0.3640114071053241,16.8380734205642
nk_cells,80,7000,1197.12945721508,13910.953125,12825.374503184428,9097,8761.026425841963,7563.896968626883,7.318361746960111,14726.58984375,815.63671875,1.0586326983795369,0.3869947206333881,0.35270405641784147,11.285716666227001
nk_cells,90,7000,763.0782863490749,13656.640625,12512.47287793542,6643,8761.026425841963,7997.948139492888,11.481163312559751,14726.58984375,1069.94921875,1.0783464431795429,0.3869947206333881,0.3597545388478879,14.20675984032468
nk_cells,100,7000,981.2461246368476,13811.0,12780.980281111437,8119,8761.026425841963,7779.780301205115,8.928469836336278,14726.58984375,915.58984375,1.0662942468865397,0.3869947206333881,0.3493616626931616,10.283371636927862
nk_cells,1,10000,544.6749441940337,1087.44921875,1038.6431554961623,4560,12464.677189634182,11920.002245440148,22.884616453357168,14622.4296875,13534.98046875,13.446540247928244,0.4690420259782428,0.4579936993191638,42.45367108084245
nk_cells,2,10000,503.67305497895,1460.7734375,1400.3914763741343,4189,12464.677189634182,11961.004134655232,24.747556110888475,14622.4296875,13161.65625,10.010059953256782,0.4690420259782428,0.4590520661304758,46.9513424604089
nk_cells,3,10000,396.1824327670038,1846.86328125,1768.0945857724978,3267,12464.677189634182,12068.494756867178,31.461963375253188,14622.4296875,12775.56640625,7.91744025448554,0.4690420259782428,0.460147357609321,52.73294141208093
nk_cells,4,10000,405.67378403106704,2233.5546875,2134.64773583484,3318,12464.677189634182,12059.003405603115,30.72586319425467,14622.4296875,12388.875,6.546707707375085,0.4690420259782428,0.458286466986663,43.60926534319988
nk_cells,5,10000,394.4882201978471,2588.49609375,2487.304680200872,3211,12464.677189634182,12070.188969436334,31.59708338916379,14622.4296875,12033.93359375,5.649005892960892,0.4690420259782428,0.45959097436933427,49.62855408980381
nk_cells,6,10000,393.6496763880059,2992.82421875,2864.495462759271,3182,12464.677189634182,12071.027513246176,31.664390795404113,14622.4296875,11629.60546875,4.885829777736591,0.4690420259782428,0.4586471678675905,45.122503932745786
nk_cells,7,10000,386.9114786699647,3348.8828125,3210.260892137097,3100,12464.677189634182,12077.765710964217,32.21583715345531,14622.4296875,11273.546875,4.3663605166835024,0.4690420259782428,0.4585851079657074,44.854710098708914
nk_cells,8,10000,383.81357465405017,3703.77734375,3562.8599967956543,3072,12464.677189634182,12080.863614980131,32.475863316895975,14622.4296875,10918.65234375,3.947977518728241,0.4690420259782428,0.459568810901315,49.512443470285376
nk_cells,9,10000,376.2754121909384,4083.16796875,3923.0612823996657,2990,12464.677189634182,12088.401777443243,33.12647275317863,14622.4296875,10539.26171875,3.5811482161426818,0.4690420259782428,0.4596564895067263,49.97498303924397
nk_cells,10,10000,397.92059934698045,4460.28515625,4292.616840718136,3154,12464.677189634182,12066.756590287201,31.324533613212573,14622.4296875,10162.14453125,3.278362072211961,0.4690420259782428,0.4587992618984395,45.7925245884654
nk_cells,20,10000,927.0945598729886,9297.24609375,8525.404444302223,6836,12464.677189634182,11537.582629761193,13.444882247331744,14622.4296875,5325.18359375,1.5727699944750104,0.4690420259782428,0.4501837555830289,24.871953585800874
nk_cells,30,10000,404.082260025898,12302.22265625,11712.002454146512,3411,12464.677189634182,12060.594929608284,30.846880506051686,14622.4296875,2320.20703125,1.188600637143504,0.4690420259782428,0.4553520329215174,34.26167011442123
nk_cells,40,10000,716.3136172359809,12620.796875,12064.81330526038,5564,12464.677189634182,11748.3635723982,17.401145098610968,14622.4296875,2001.6328125,1.1585979738303964,0.4690420259782428,0.4443771177477925,19.016572921977566
nk_cells,50,10000,1388.1754382690417,13747.11328125,12838.1196163986,10111,12464.677189634182,11076.50175136514,8.979180041664451,14622.4296875,875.31640625,1.0636727426581887,0.4690420259782428,0.4331936405326415,13.08404883924265
nk_cells,60,10000,720.9068199780304,13611.43359375,12472.092205375846,6206,12464.677189634182,11743.770369656151,17.290275031680295,14622.4296875,1010.99609375,1.0742755042506487,0.4690420259782428,0.4401229445821712,16.219119119114136
nk_cells,70,10000,1049.5699534090236,13638.01171875,12733.832877325009,8629,12464.677189634182,11415.107236225158,11.875985158634418,14622.4296875,984.41796875,1.0721819271790616,0.4690420259782428,0.43448211293064437,13.57185202787531
nk_cells,80,10000,1640.7285561971366,14149.66796875,13244.762623615508,12640,12464.677189634182,10823.948633437045,7.597038000316566,14622.4296875,472.76171875,1.0334115061776792,0.4690420259782428,0.4246656005236774,10.569621621697973
nk_cells,90,10000,1042.7866961270338,14693.8359375,13050.8464956385,9121,12464.677189634182,11421.890493507148,11.953237642874297,14622.4296875,-71.40625,0.9951403942235557,0.4690420259782428,0.42527136198903037,10.715899262890817
nk_cells,100,10000,1420.897354702931,14787.20703125,13446.07407356078,11838,12464.677189634182,11043.77983493125,8.77239805421426,14622.4296875,-164.77734375,0.9888567635928966,0.4690420259782428,0.4149400939733809,8.669598452345326
dc,1,1000,68.46039291098714,1061.71484375,996.0776884191176,510,1060.0132746669697,991.5528817559825,15.483599050405818,14311.76171875,13250.046875,13.479854598434873,0.0458272606649193,0.044509625285564604,34.77992575409048
dc,2,1000,72.53241711901501,1401.3125,1331.1095695917898,542,1060.0132746669697,987.4808575479547,14.614338205876196,14311.76171875,12910.44921875,10.213112149324294,0.0458272606649193,0.0443545435877225,31.117491183131964
dc,3,1000,63.57213151617907,1748.17578125,1655.5849181058113,456,1060.0132746669697,996.4411431507906,16.674181742627223,14311.76171875,12563.5859375,8.186683440103858,0.0458272606649193,0.044577629942265704,36.672642432801894
dc,4,1000,61.84896968700923,2084.52734375,1992.5930454480597,438,1060.0132746669697,998.1643049799604,17.138737800018923,14311.76171875,12227.234375,6.865710714546726,0.0458272606649193,0.0444656657467425,33.65704443600805
dc,5,1000,59.16438425495289,2436.9375,2331.448046875,400,1060.0132746669697,1000.8488904120168,17.916408461197356,14311.76171875,11874.82421875,5.872847259624016,0.0458272606649193,0.044538950982775105,35.57161861008965
dc,6,1000,67.8319389850003,2799.203125,2697.4054800959543,482,1060.0132746669697,992.1813356819694,15.627052543807876,14311.76171875,11512.55859375,5.112798564323552,0.0458272606649193,0.0444086767718379,32.30493514583397
dc,7,1000,67.37399485288188,3128.1484375,3025.4225926409185,479,1060.0132746669697,992.6392798140878,15.733270336449825,14311.76171875,11183.61328125,4.575154282060824,0.0458272606649193,0.0445281363318977,35.27550019660617
dc,8,1000,64.35716823511757,3496.08984375,3368.559587751116,448,1060.0132746669697,995.6561064318521,16.470788005997996,14311.76171875,10815.671875,4.093648149327541,0.0458272606649193,0.0445465165369997,35.78174567886534
dc,9,1000,58.4003033018671,3835.73828125,3702.325570154672,396,1060.0132746669697,1001.6129713651026,18.150817970719004,14311.76171875,10476.0234375,3.731162209035296,0.0458272606649193,0.0444682851899803,33.72191883519925
dc,10,1000,66.29844355094247,4186.2109375,4043.2450367647057,425,1060.0132746669697,993.7148311160272,15.988509200106268,14311.76171875,10125.55078125,3.41878656676029,0.0458272606649193,0.04455751355453,36.09164398954121
dc,20,1000,109.91067494498566,7753.05078125,7580.099304855511,744,1060.0132746669697,950.102599721984,9.644315942901319,14311.76171875,6558.7109375,1.845952273827692,0.0458272606649193,0.043840445980972004,23.065694568892596
dc,30,1000,63.15754736796953,11167.25390625,10896.585037579114,395,1060.0132746669697,996.8557272990001,16.783635825677383,14311.76171875,3144.5078125,1.2815829064959388,0.0458272606649193,0.0440350117899589,25.56969699084446
dc,40,1000,101.6066824591253,11201.609375,10999.621154500388,643,1060.0132746669697,958.4065922078444,10.432515352456228,14311.76171875,3110.15234375,1.277652276528345,0.0458272606649193,0.0429229516979384,15.7790583529265
dc,50,1000,151.7723235921003,11341.671875,11129.710334443476,1004,1060.0132746669697,908.2409510748694,6.9842330246971525,14311.76171875,2970.08984375,1.2618740761048512,0.0458272606649193,0.0425566344636117,14.01176956467771
dc,60,1000,92.55043949000536,11391.71875,11107.176651956106,655,1060.0132746669697,967.4628351769643,11.453357547604535,14311.76171875,2920.04296875,1.2563303249345057,0.0458272606649193,0.0429062081853891,15.688612575796586
dc,70,1000,128.28894706792198,11416.734375,11121.006122378589,906,1060.0132746669697,931.7243275990477,8.262701494507946,14311.76171875,2895.02734375,1.2535775335274015,0.0458272606649193,0.0423507487853456,13.181965789956907
dc,80,1000,175.50823763781227,11479.31640625,11250.61369343547,1232,1060.0132746669697,884.5050370291574,6.039678187951878,14311.76171875,2832.4453125,1.2467433784609208,0.0458272606649193,0.0417099004625167,11.130252980581528
dc,90,1000,124.95786557497922,11514.59765625,11184.489448969414,940,1060.0132746669697,935.0554090919904,8.482965596358746,14311.76171875,2797.1640625,1.2429233001451623,0.0458272606649193,0.042156623899831505,12.484825821174145
dc,100,1000,153.86736303195357,11521.92578125,11237.216829455663,1139,1060.0132746669697,906.1459116350161,6.889136550984091,14311.76171875,2789.8359375,1.2421327814869272,0.0458272606649193,0.0409247765373852,9.347763189591387
dc,1,3000,155.46951648406684,1056.72265625,1011.33557841227,1251,3077.2894984311424,2921.8199819470756,19.793523309416837,14364.29296875,13307.5703125,13.593247843975144,0.1159242611921148,0.11279519958236729,37.04761223971851
dc,2,3000,139.64315909496509,1421.82421875,1364.8996135752689,1116,3077.2894984311424,2937.6463393361773,22.036808092678676,14364.29296875,12942.46875,10.102720701563518,0.1159242611921148,0.1130307640715764,40.06372094489746
dc,3,3000,129.42030773404986,1749.38671875,1686.720555572813,1006,3077.2894984311424,2947.8691906970926,23.777485560880972,14364.29296875,12614.90625,8.21104494208908,0.1159242611921148,0.1132000224315736,42.55290060151893
dc,4,3000,125.36538583086804,2099.26171875,2042.1441236068893,987,3077.2894984311424,2951.9241126002744,24.546564253252097,14364.29296875,12265.03125,6.842545091187192,0.1159242611921148,0.11315728531030479,41.89565292353891
dc,5,3000,124.16642817296088,2471.28515625,2394.549277911048,964,3077.2894984311424,2953.1230702581815,24.78358718787136,14364.29296875,11893.0078125,5.812478957526211,0.1159242611921148,0.1131679497944309,42.057751997660624
dc,6,3000,121.12553803899937,2826.234375,2742.3769552364865,925,3077.2894984311424,2956.163960392143,25.405785998988364,14364.29296875,11538.05859375,5.082484699716385,0.1159242611921148,0.1129767298150053,39.32927129881686
dc,7,3000,121.96871800813824,3180.515625,3080.8152203482045,919,3077.2894984311424,2955.320780423004,25.23015367125375,14364.29296875,11183.77734375,4.516340952970479,0.1159242611921148,0.113171758761218,42.11595233881236
dc,8,3000,117.4828388809692,3519.4453125,3421.9269447197057,883,3077.2894984311424,2959.806659550173,26.19352347749256,14364.29296875,10844.84765625,4.08140820308598,0.1159242611921148,0.1132936573840074,44.06754861178318
dc,9,3000,122.41360121080652,3877.48828125,3760.017912326389,900,3077.2894984311424,2954.875897220336,25.138460661179234,14364.29296875,10486.8046875,3.70453549484857,0.1159242611921148,0.1126883236573905,35.82401080000807
dc,10,3000,116.2463551349938,4244.82421875,4128.847940174384,853,3077.2894984311424,2961.0431432961486,26.47213751224774,14364.29296875,10119.46875,3.383954724273587,0.1159242611921148,0.1127784043898067,36.84982136092836
dc,20,3000,264.86687316186726,8063.23046875,7795.980093667109,1885,3077.2894984311424,2812.422625269275,11.618249808652093,14364.29296875,6301.0625,1.7814563312335558,0.1159242611921148,0.11106947826577519,23.87836139143695
dc,30,3000,124.52774403896184,11356.2421875,11134.993226396276,940,3077.2894984311424,2952.7617543921806,24.711677884956543,14364.29296875,3008.05078125,1.26488082339077,0.1159242611921148,0.111606623405406,26.84900098590258
dc,40,3000,215.08929095813076,11433.62890625,11243.595226572375,1582,3077.2894984311424,2862.2002074730117,14.307032603637003,14364.29296875,2930.6640625,1.2563196765025322,0.1159242611921148,0.1099918769815305,19.540922684219915
dc,50,3000,373.75327447406016,11934.6796875,11497.770971101509,2618,3077.2894984311424,2703.5362239570823,8.23347836286239,14364.29296875,2429.61328125,1.2035759102772317,0.1159242611921148,0.10772707302184989,14.141954385361949
dc,60,3000,220.0517194090644,11730.5546875,11385.29258256392,1760,3077.2894984311424,2857.237779022078,13.984391972464554,14364.29296875,2633.73828125,1.2245195006896386,0.1159242611921148,0.1078330025360011,14.327098677598597
dc,70,3000,295.26872843597084,11798.92578125,11474.009072248462,2276,3077.2894984311424,2782.0207699951716,10.42199597204705,14364.29296875,2565.3671875,1.217423792221551,0.1159242611921148,0.1057929188277232,11.442142316654028
dc,80,3000,445.3555566829164,12161.17578125,11665.523904462136,3321,3077.2894984311424,2631.933941748226,6.90973639433471,14364.29296875,2203.1171875,1.1811598834790915,0.1159242611921148,0.1053690526867983,10.982659521479418
dc,90,3000,295.14900360815227,11943.73828125,11532.447225601947,2440,3077.2894984311424,2782.14049482299,10.426223571185199,14364.29296875,2420.5546875,1.2026630716866873,0.1159242611921148,0.1060840564479071,11.780675728353314
dc,100,3000,363.8926046187989,11982.0546875,11598.68667196538,2939,3077.2894984311424,2713.3968938123435,8.456587079187287,14364.29296875,2382.23828125,1.1988171764676734,0.1159242611921148,0.1048150064570042,10.434926910599884
dc,1,5000,249.6134218389634,1054.91796875,1014.7040034756247,2041,5095.312717495952,4845.699295656988,20.412815464639404,14474.47265625,13419.5546875,13.720946163616098,0.1928329745734495,0.187915434828755,39.213302705178066
dc,2,5000,225.8649436749984,1419.640625,1367.47105247317,1817,5095.312717495952,4869.447773820953,22.55911269182038,14474.47265625,13054.83203125,10.195870984073874,0.1928329745734495,0.1876631923597661,37.300018956902754
dc,3,5000,203.83679980086163,1772.43359375,1718.855548076923,1625,5095.312717495952,4891.47591769509,24.997020765994254,14474.47265625,12702.0390625,8.166440033234672,0.1928329745734495,0.188327995035546,42.80440631328349
dc,4,5000,189.9107385489988,2124.79296875,2064.771175986842,1520,5095.312717495952,4905.401978946953,26.830040030523666,14474.47265625,12349.6796875,6.812180230794544,0.1928329745734495,0.1881352347676798,41.04803214869727
dc,5,5000,178.22321196109988,2487.3125,2409.0792354630294,1393,5095.312717495952,4917.089505534852,28.589501117329693,14474.47265625,11987.16015625,5.819322122270523,0.1928329745734495,0.1882302670551152,41.89555252105937
dc,6,5000,173.79922364791855,2857.8828125,2767.9720113906137,1369,5095.312717495952,4921.513493848033,29.317235201337876,14474.47265625,11616.58984375,5.064753737606237,0.1928329745734495,0.1886876204685458,46.517853407345804
dc,7,5000,178.74177942611277,3214.77734375,3115.670308548591,1384,5095.312717495952,4916.570938069839,28.506556966454628,14474.47265625,11259.6953125,4.502480610170562,0.1928329745734495,0.188598477720066,45.53858020212477
dc,8,5000,185.7548029939644,3573.234375,3476.7482838650626,1434,5095.312717495952,4909.557914501987,27.430314777171656,14474.47265625,10901.23828125,4.050804155898674,0.1928329745734495,0.1879343257441211,39.36452301274405
dc,9,5000,184.41707337088883,3933.01171875,3831.8795395483926,1431,5095.312717495952,4910.895644125063,27.629289546573364,14474.47265625,10541.4609375,3.680251596313655,0.1928329745734495,0.188358037968234,43.09177795920156
dc,10,5000,190.0858535880689,4283.58984375,4174.427761653282,1432,5095.312717495952,4905.226863907883,26.80532307542411,14474.47265625,10190.8828125,3.379051959740981,0.1928329745734495,0.1875473292235401,36.48238990850091
dc,20,5000,415.0588408579352,8349.99609375,7963.784984202953,2997,5095.312717495952,4680.253876638017,12.276121397544106,14474.47265625,6124.4765625,1.733470590134071,0.1928329745734495,0.184423001565555,22.929083647763893
dc,30,5000,191.4860987450229,11530.48046875,11262.583517238509,1501,5095.312717495952,4903.826618750929,26.609308722095363,14474.47265625,2943.9921875,1.255322594360125,0.1928329745734495,0.1861728933648442,28.95354704148285
dc,40,5000,316.37179758795537,11683.2421875,11409.460205387297,2369,5095.312717495952,4778.940919907996,16.105458060241258,14474.47265625,2791.23046875,1.2389088939486645,0.1928329745734495,0.1821218507995614,18.003057255630218
dc,50,5000,602.8801115050446,12414.59375,11767.118892826838,4272,5095.312717495952,4492.432605990907,8.451618522919738,14474.47265625,2059.87890625,1.1659239881490282,0.1928329745734495,0.1781283900533362,13.113799598328516
dc,60,5000,317.18903458700515,12081.421875,11609.330290034615,2636,5095.312717495952,4778.123682908947,16.063962375402685,14474.47265625,2393.05078125,1.1980769156155306,0.1928329745734495,0.1806557869258777,15.835591940796073
dc,70,5000,465.3092869760003,12157.23046875,11757.352960226506,3703,5095.312717495952,4630.0034305199515,10.950378297003038,14474.47265625,2317.2421875,1.1906060918608428,0.1928329745734495,0.1765782253281185,11.863177442053662
dc,80,5000,722.9872050329577,12831.91015625,12031.35507819666,5451,5095.312717495952,4372.325512462994,7.047583528485376,14474.47265625,1642.5625,1.1280060785961754,0.1928329745734495,0.1747446288048555,10.660619663090305
dc,90,5000,448.01187210693024,12465.52734375,11808.79294515038,3807,5095.312717495952,4647.300845389022,11.373164495694025,14474.47265625,2008.9453125,1.1611600742673154,0.1928329745734495,0.1769965389394364,12.176538902433808
dc,100,5000,596.1652557959314,12557.36328125,11961.437568572668,4899,5095.312717495952,4499.14746170002,8.546812595935794,14474.47265625,1917.109375,1.1526681463347108,0.1928329745734495,0.1737512480355912,10.105635577098713
dc,1,7000,337.2322142389603,1057.94921875,1015.8698429038808,2770,7036.49638166884,6699.264167429879,20.865433622787975,14487.1953125,13429.24609375,13.693658500563073,0.2590392665870427,0.2522085707585735,37.92282266579786
dc,2,7000,304.8739305608906,1443.94140625,1392.9083576888488,2502,7036.49638166884,6731.622451107949,23.080019891249716,14487.1953125,13043.25390625,10.033090851050591,0.2590392665870427,0.2527188765216239,40.984696182652186
dc,3,7000,277.4838399661239,1789.16796875,1727.451280237461,2253,7036.49638166884,6759.012541702716,25.35822043736989,14487.1953125,12698.02734375,8.09716894418888,0.2590392665870427,0.2535215300126905,46.94665341421355
dc,4,7000,261.62153156101704,2160.33203125,2086.9460080075364,2123,7036.49638166884,6774.874850107823,26.895708238095622,14487.1953125,12326.86328125,6.7060040322216095,0.2590392665870427,0.25311434368056057,43.72027631003324
dc,5,7000,236.83113977196624,2513.8125,2431.887548854001,1887,7036.49638166884,6799.665241896873,29.711026972398802,14487.1953125,11973.3828125,5.7630373436761895,0.2590392665870427,0.2529539089639001,42.56763244314796
dc,6,7000,249.1677882571239,2892.859375,2789.781386679133,1972,7036.49638166884,6787.328593411716,28.23999213898252,14487.1953125,11594.3359375,5.007915503151618,0.2590392665870427,0.2530799754832772,43.468134393260875
dc,7,7000,236.36532101104967,3232.6953125,3134.394253883136,1859,7036.49638166884,6800.13106065779,29.76958020563387,14487.1953125,11254.5,4.481460178595164,0.2590392665870427,0.25279812844299027,41.50513265499477
dc,8,7000,242.2724587318953,3613.5234375,3502.01164021164,1890,7036.49638166884,6794.223922936944,29.0437320795741,14487.1953125,10873.671875,4.009160467082206,0.2590392665870427,0.2526214655135486,40.36262009691922
dc,9,7000,242.1395562850012,3975.4609375,3855.38439404478,1887,7036.49638166884,6794.356825383838,29.05967322987409,14487.1953125,10511.734375,3.644154864117565,0.2590392665870427,0.25238197746943497,38.91062292937168
dc,10,7000,250.2594617740251,4327.38671875,4208.067019193423,1931,7036.49638166884,6786.2369198948145,28.116804582687593,14487.1953125,10159.80859375,3.347793080227584,0.2590392665870427,0.2527277757913775,41.04248504409666
dc,20,7000,573.5248858809937,8624.26953125,8123.81429572859,4157,7036.49638166884,6462.971495787846,12.268859738945855,14487.1953125,5862.92578125,1.679817085957914,0.2590392665870427,0.24692794726749398,21.388195600534722
dc,30,7000,251.4852376410272,11738.6796875,11371.675059527515,2008,7036.49638166884,6785.011144027812,27.979759160705935,14487.1953125,2748.515625,1.2341418028406357,0.2590392665870427,0.24987808681936208,28.275754122945834
dc,40,7000,444.5956084348727,11917.90234375,11577.10299083674,3424,7036.49638166884,6591.900773233967,15.826733886193102,14487.1953125,2569.29296875,1.2155826499197144,0.2590392665870427,0.2460040737875639,19.872300361940187
dc,50,7000,837.144808967947,12958.8203125,12080.0575196932,6030,7036.49638166884,6199.351572700893,8.405351507039276,14487.1953125,1528.375,1.1179409053558478,0.2590392665870427,0.23818970981538448,12.424209752946267
dc,60,7000,427.41412496601697,12427.0703125,11798.08952021295,3610,7036.49638166884,6609.082256702823,16.462947690903526,14487.1953125,2060.125,1.165777206388523,0.2590392665870427,0.2421324045184743,15.321546099830282
dc,70,7000,641.4749728499446,12483.57421875,11981.758043567565,5173,7036.49638166884,6395.021408818895,10.969245378985088,14487.1953125,2003.62109375,1.1605005953135292,0.2590392665870427,0.240229054372617,13.771203835137142
dc,80,7000,994.1127851810306,13568.7890625,12435.27588563981,7469,7036.49638166884,6042.383596487809,7.0781670717447565,14487.1953125,918.40625,1.067685203577834,0.2590392665870427,0.2315562123367315,9.425417722053563
dc,90,7000,623.3190042348579,13033.9765625,12125.15640861831,5344,7036.49638166884,6413.177377433982,11.288756373321783,14487.1953125,1453.21875,1.1114946572929285,0.2590392665870427,0.2340273844793916,10.356648311076237
dc,100,7000,815.5188820699695,13104.171875,12297.314488898632,6770,7036.49638166884,6220.97749959887,8.628244589271356,14487.1953125,1383.0234375,1.1055406973208675,0.2590392665870427,0.232221032300942,9.659072399158548
dc,1,10000,471.30638172803447,1072.1953125,1019.9190022287194,3912,10636.966638961005,10165.66025723297,22.569112261881116,14541.8828125,13469.6875,13.562718138165708,0.4625037646349797,0.4517450360317307,42.988700774114655
dc,2,10000,445.543955178,1461.765625,1404.6718792505442,3676,10636.966638961005,10191.422683783005,23.87411279031137,14541.8828125,13080.1171875,9.948163073338108,0.4625037646349797,0.4519476611526133,43.813871795362374
dc,3,10000,372.7449806050863,1825.1640625,1749.56758105246,3069,10636.966638961005,10264.221658355918,28.53684742231471,14541.8828125,12716.71875,7.96743871484156,0.4625037646349797,0.45428689269191463,56.28708440872381
dc,4,10000,370.5474936058745,2191.70703125,2110.143629308555,3010,10636.966638961005,10266.41914535513,28.706081737189685,14541.8828125,12350.17578125,6.634957412262488,0.4625037646349797,0.4538595612649175,53.50449831349257
dc,5,10000,327.20638254401274,2553.02734375,2457.4711779706936,2653,10636.966638961005,10309.760256416992,32.508432617539846,14541.8828125,11988.85546875,5.6959369620931035,0.4625037646349797,0.4539101159045581,53.819254096075845
dc,6,10000,329.76894152502064,2923.26953125,2810.6540091939605,2641,10636.966638961005,10307.197697435984,32.25581702682557,14541.8828125,11618.61328125,4.974526863515675,0.4625037646349797,0.453658377673966,52.28756714358326
dc,7,10000,340.4160959389992,3288.19921875,3175.157727962827,2717,10636.966638961005,10296.550543022006,31.246955610662706,14541.8828125,11253.68359375,4.42244579634322,0.4625037646349797,0.4532178754636882,49.80715967027353
dc,8,10000,323.0559117299272,3674.98046875,3542.1985206633644,2574,10636.966638961005,10313.910727231078,32.926085710678606,14541.8828125,10866.90234375,3.956995944918925,0.4625037646349797,0.4535629473857538,51.72947301601803
dc,9,10000,336.4875916119199,4046.72265625,3898.045397995283,2650,10636.966638961005,10300.479047349085,31.61176490344078,14541.8828125,10495.16015625,3.5934962802653767,0.4625037646349797,0.45324416819718233,49.948587688665675
dc,10,10000,343.19479137903545,4408.93359375,4257.698808178811,2683,10636.966638961005,10293.77184758197,30.99396292181251,14541.8828125,10132.94921875,3.2982766701485886,0.4625037646349797,0.4527068450808302,47.20910099124837
dc,20,10000,829.8568737029564,9125.9296875,8393.840755420399,6140,10636.966638961005,9807.109765258048,12.817832780606045,14541.8828125,5415.953125,1.5934686448897757,0.4625037646349797,0.446899895554327,29.640325886125257
dc,30,10000,344.1571377399377,11980.6015625,11513.721559564428,2821,10636.966638961005,10292.809501221067,30.907296326362488,14541.8828125,2561.28125,1.2137856965393927,0.4625037646349797,0.4511866162792466,40.8675180440382
dc,40,10000,594.9700573598966,12284.8359375,11807.63858842253,4634,10636.966638961005,10041.996581601108,17.878154551442776,14541.8828125,2257.046875,1.1837262529579469,0.4625037646349797,0.4423065244385244,22.8993545720247
dc,50,10000,1159.19499147404,13555.73828125,12485.666196135206,8537,10636.966638961005,9477.771647486965,9.176166837500709,14541.8828125,986.14453125,1.0727473864418002,0.4625037646349797,0.43606374167291084,17.492562895973723
dc,60,10000,596.8186516780406,12879.68359375,12059.231782470371,5147,10636.966638961005,10040.147987282964,17.822778509106005,14541.8828125,1662.19921875,1.1290559047239794,0.4625037646349797,0.4424337200634537,23.044481191195175
dc,70,10000,853.7197391919326,13112.3828125,12317.969691540757,6999,10636.966638961005,9783.246899769072,12.45955335298814,14541.8828125,1429.5,1.1090190868007042,0.4625037646349797,0.43442796936058564,16.473398531182337
dc,80,10000,1415.3184443090577,13944.69140625,12923.601452975585,10771,10636.966638961005,9221.648194651947,7.515599532905014,14541.8828125,597.19140625,1.042825716887671,0.4625037646349797,0.42267747753812535,11.613027433619582
dc,90,10000,861.4105915159453,13735.36328125,12469.176308110536,7518,10636.966638961005,9775.55604744506,12.348311877895116,14541.8828125,806.51953125,1.0587184710542727,0.4625037646349797,0.4314432247273897,14.890396818954251
dc,100,10000,1087.1682217179332,14003.7890625,12790.941740912878,9151,10636.966638961005,9549.798417243072,9.784103716858619,14541.8828125,538.09375,1.0384248682694694,0.4625037646349797,0.42074271748544784,11.075004009811183
cd8+_tcells,1,1000,65.25436920602806,1038.47265625,975.5021402994792,480,918.7943374440074,853.5399682379793,14.080196446970346,14109.6875,13071.21484375,13.5869610192252,0.0385265240508559,0.0373257831695961,32.085627009246515
cd8+_tcells,2,1000,60.42226921906695,1386.9375,1314.660129310345,435,918.7943374440074,858.3720682249404,15.206220311137722,14109.6875,12722.75,10.173268442161236,0.0385265240508559,0.037250687503644804,30.197068844808143
cd8+_tcells,3,1000,60.053442420001375,1745.14453125,1662.4360589472158,431,918.7943374440074,858.740895024006,15.2996114863516,14109.6875,12364.54296875,8.085111145432528,0.0385265240508559,0.0371907192358124,28.84143223394602
cd8+_tcells,4,1000,56.05402373499237,2094.09375,2002.344580078125,400,918.7943374440074,862.740313709015,16.39122896489658,14109.6875,12015.59375,6.737849009864052,0.0385265240508559,0.037429724242178705,35.12630449609668
cd8+_tcells,5,1000,60.00847986410372,2445.55859375,2353.896963443396,424,918.7943374440074,858.7858575799037,15.311075026808304,14109.6875,11664.12890625,5.769515208533327,0.0385265240508559,0.0373633902444006,33.12303695158439
cd8+_tcells,6,1000,63.81408963701688,2794.66015625,2701.6451315423164,449,918.7943374440074,854.9802478069905,14.397985502421692,14109.6875,11315.02734375,5.04880261324261,0.0385265240508559,0.037286326181970704,31.06482039473827
cd8+_tcells,7,1000,58.25849044788629,3123.73828125,3014.3830729166666,405,918.7943374440074,860.5358469961211,15.770994586031927,14109.6875,10985.94921875,4.516923707947083,0.0385265240508559,0.0373813540626608,33.64262463040747
cd8+_tcells,8,1000,59.571427852031775,3480.80859375,3360.056955030488,410,918.7943374440074,859.2229095919756,15.42340633040023,14109.6875,10628.87890625,4.053566037884067,0.0385265240508559,0.0372305423825377,29.727676704603322
cd8+_tcells,9,1000,53.769279276020825,3830.4609375,3705.032766672486,358,918.7943374440074,865.0250581679866,17.087719043572093,14109.6875,10279.2265625,3.683548202219462,0.0385265240508559,0.037449981919555904,35.78728870028749
cd8+_tcells,10,1000,56.68521936004981,4178.02734375,4051.6211674528304,371,918.7943374440074,862.1091180839576,16.208710979983408,14109.6875,9931.66015625,3.3771170792137064,0.0385265240508559,0.0372464024396843,30.095987533243377
cd8+_tcells,20,1000,114.95510238478892,7761.60546875,7570.147016561648,734,918.7943374440074,803.8392350592185,7.992636415289593,14109.6875,6348.08203125,1.8178825961727676,0.0385265240508559,0.036321833436645204,17.474798415036915
cd8+_tcells,30,1000,61.57274596812204,11138.09375,10853.815929383118,385,918.7943374440074,857.2215914758854,14.922094556570423,14109.6875,2971.59375,1.2667955412029102,0.0385265240508559,0.0368661654315637,23.20373659232697
cd8+_tcells,40,1000,91.65518193086608,11186.7578125,10987.979531777872,592,918.7943374440074,827.1391555131413,10.024466899613358,14109.6875,2922.9296875,1.2612847919380126,0.0385265240508559,0.0364075669667209,18.181833100495844
cd8+_tcells,50,1000,143.83074572798796,11394.87109375,11143.394480298914,920,918.7943374440074,774.9635917160194,6.388024568694283,14109.6875,2714.81640625,1.2382489792042541,0.0385265240508559,0.035468991372765706,12.600527322874074
cd8+_tcells,60,1000,88.23052531096619,11334.1484375,11055.121961091694,608,918.7943374440074,830.5638121330412,10.4135653075366,14109.6875,2775.5390625,1.2448828933029403,0.0385265240508559,0.035834325791726705,14.31043346091362
cd8+_tcells,70,1000,120.36504569195677,11375.3203125,11117.558655080013,828,918.7943374440074,798.4292917520506,7.633398318939072,14109.6875,2734.3671875,1.2403771597091016,0.0385265240508559,0.0348997919426847,10.622930754674108
cd8+_tcells,80,1000,167.6390819180524,11436.078125,11186.952379637807,1132,918.7943374440074,751.155255525955,5.480788411219914,14109.6875,2673.609375,1.2337872604381146,0.0385265240508559,0.0342042246248963,8.913432470565727
cd8+_tcells,90,1000,120.1849404249806,11419.34765625,11140.94522599796,858,918.7943374440074,798.6093970190268,7.644837482925063,14109.6875,2690.33984375,1.2355948802624932,0.0385265240508559,0.0345442214796215,9.674434165084994
cd8+_tcells,100,1000,148.97735220892355,11430.2265625,11195.633449507966,1067,918.7943374440074,769.8169852350838,6.167342376682225,14109.6875,2679.4609375,1.2344188824997318,0.0385265240508559,0.0347417495889354,10.179344750520873
cd8+_tcells,1,3000,153.95852873194963,1042.328125,995.283267965587,1235,2709.2345732010435,2555.276044469094,17.59717110520049,14641.80078125,13599.47265625,14.047208772429506,0.1159636244771713,0.1129326364240838,38.25934726435017
cd8+_tcells,2,3000,122.07333146897145,1405.3203125,1350.037193402413,953,2709.2345732010435,2587.161241732072,22.19350074745585,14641.80078125,13236.48046875,10.418835229957583,0.1159636244771713,0.1131298465780112,40.92191717337538
cd8+_tcells,3,3000,116.46515406901015,1751.48046875,1699.964432793466,903,2709.2345732010435,2592.7694191320334,23.262190265044566,14641.80078125,12890.3203125,8.35967117104057,0.1159636244771713,0.1132070747287673,42.06839529898289
cd8+_tcells,4,3000,118.74951770389453,2107.30859375,2043.684662162162,925,2709.2345732010435,2590.485055497149,22.814699592773092,14641.80078125,12534.4921875,6.948104717399081,0.1159636244771713,0.11340739571849791,45.365120036186696
cd8+_tcells,5,3000,123.13447861303575,2470.54296875,2395.45297318146,952,2709.2345732010435,2586.100094588008,22.00224180682264,14641.80078125,12171.2578125,5.92655176066749,0.1159636244771713,0.1133398353472642,44.197006213406034
cd8+_tcells,6,3000,108.33986649592408,2818.01953125,2728.9131770833333,825,2709.2345732010435,2600.8947067051195,25.00681107358545,14641.80078125,11823.78125,5.195776898946928,0.1159636244771713,0.1134899629281282,46.87934148551169
cd8+_tcells,7,3000,106.10336630698292,3177.2734375,3081.913724741541,798,2709.2345732010435,2603.1312068940606,25.53391723088754,14641.80078125,11464.52734375,4.608291061272563,0.1159636244771713,0.1132713815360587,43.073239307760254
cd8+_tcells,8,3000,112.6700923270546,3517.33203125,3405.816055748229,847,2709.2345732010435,2596.564480873989,24.045729591991254,14641.80078125,11124.46875,4.162757638790943,0.1159636244771713,0.1134549688483487,46.22540580892607
cd8+_tcells,9,3000,111.52764475799631,3870.91015625,3767.361007746051,823,2709.2345732010435,2597.706928443047,24.292045071693284,14641.80078125,10770.890625,3.782521471754967,0.1159636244771713,0.1130660989603649,40.02160595465068
cd8+_tcells,10,3000,116.82513749902137,4223.4921875,4116.584221117424,858,2709.2345732010435,2592.409435702022,23.190510460334263,14641.80078125,10418.30859375,3.466752187818508,0.1159636244771713,0.1132888547385275,43.35461957782162
cd8+_tcells,20,3000,267.1472191240028,8068.41015625,7780.395670659079,1889,2709.2345732010435,2442.087354077041,10.141354201944687,14641.80078125,6573.390625,1.8147070485637224,0.1159636244771713,0.11073676034141271,22.186079734467967
cd8+_tcells,30,3000,120.7480055099586,11329.58984375,11085.702775987971,873,2709.2345732010435,2588.486567691085,22.437095848987763,14641.80078125,3312.2109375,1.2923504719217342,0.1159636244771713,0.11199329107228351,29.20752809686228
cd8+_tcells,40,3000,202.3189887139015,11392.25390625,11194.76486260776,1450,2709.2345732010435,2506.915584487142,13.390906065827375,14641.80078125,3249.546875,1.285241788125635,0.1159636244771713,0.1106957887144198,22.013523143060386
cd8+_tcells,50,3000,351.3764241829049,11855.75,11460.889849506242,2443,2709.2345732010435,2357.8581490181386,7.710348181444249,14641.80078125,2786.05078125,1.23499574309934,0.1159636244771713,0.1074389929698292,13.603359204124434
cd8+_tcells,60,3000,189.985268753022,11644.68359375,11322.201867454727,1491,2709.2345732010435,2519.2493044480216,14.260234969707087,14641.80078125,2997.1171875,1.2573807320199435,0.1159636244771713,0.1091686476314756,17.06608088747629
cd8+_tcells,70,3000,254.4873533139471,11668.015625,11390.300075012769,1958,2709.2345732010435,2454.7472198870964,10.645851504686794,14641.80078125,2973.78515625,1.2548664016080284,0.1159636244771713,0.1079334583792564,14.44099948409314
cd8+_tcells,80,3000,421.0220276321052,12103.55859375,11611.856837214053,3060,2709.2345732010435,2288.2125455689384,6.434899828016622,14641.80078125,2538.2421875,1.209710406062783,0.1159636244771713,0.1042108590125001,9.86692237037809
cd8+_tcells,90,3000,257.015364946099,11911.3515625,11474.114342046802,2110,2709.2345732010435,2452.2192082549445,10.541138557102302,14641.80078125,2730.44921875,1.2292308479372027,0.1159636244771713,0.105906745392622,11.530776446873054
cd8+_tcells,100,3000,339.29350217897445,11896.1640625,11540.069790413272,2701,2709.2345732010435,2369.941071022069,7.98492914188479,14641.80078125,2745.63671875,1.2308001725871456,0.1159636244771713,0.1052665222922389,10.840657822313226
cd8+_tcells,1,5000,234.0337693230249,1074.546875,1026.6108735095904,1929,4476.4368233629975,4242.403054039973,19.12731156837627,14660.1953125,13585.6484375,13.643141731253,0.1895489799686939,0.184975793510003,41.44790108185384
cd8+_tcells,2,5000,190.25767440418716,1413.5078125,1363.226687357306,1533,4476.4368233629975,4286.17914895881,23.528285192076755,14660.1953125,13246.6875,10.371499317411802,0.1895489799686939,0.18519313552283861,43.51601218199028
cd8+_tcells,3,5000,190.58685001614504,1757.82421875,1700.6105479083994,1512,4476.4368233629975,4285.8499733468525,23.487647878034547,14660.1953125,12902.37109375,8.33996662244474,0.1895489799686939,0.1855926522494862,47.91033337517683
cd8+_tcells,4,5000,168.66436539310962,2127.91796875,2066.093161427099,1334,4476.4368233629975,4307.772457969888,26.540501385278812,14660.1953125,12532.27734375,6.889455104846837,0.1895489799686939,0.18533439820776482,44.97456467113549
cd8+_tcells,5,5000,169.85061754500202,2506.671875,2428.537992374626,1336,4476.4368233629975,4306.5862058179955,26.3551401111448,14660.1953125,12153.5234375,5.848470020632437,0.1895489799686939,0.1850373942054137,42.01382616095503
cd8+_tcells,6,5000,187.5230814188253,2847.484375,2765.5261111824093,1461,4476.4368233629975,4288.913741944172,23.87139113486011,14660.1953125,11812.7109375,5.1484726101438225,0.1895489799686939,0.1852636862544984,44.23243600334613
cd8+_tcells,7,5000,168.6349330979865,3202.73828125,3101.4144069929066,1304,4476.4368233629975,4307.801890265011,26.545133568273975,14660.1953125,11457.45703125,4.577394100019393,0.1895489799686939,0.1856274377710522,48.33531565277637
cd8+_tcells,8,5000,175.98011606791988,3548.859375,3457.2197755346606,1356,4476.4368233629975,4300.456707295078,25.43717394546613,14660.1953125,11111.3359375,4.130959771405426,0.1895489799686939,0.18551004619617892,46.93045012487636
cd8+_tcells,9,5000,176.5507351178676,3905.01953125,3812.904999769543,1356,4476.4368233629975,4299.88608824513,25.354959980055984,14660.1953125,10755.17578125,3.754192570659758,0.1895489799686939,0.1853837766304063,45.507737455771206
cd8+_tcells,10,5000,163.72907557804135,4278.06640625,4162.809886397947,1242,4476.4368233629975,4312.707747784956,27.34051241393168,14660.1953125,10382.12890625,3.42682743098198,0.1895489799686939,0.18489662472158702,40.742585185550105
cd8+_tcells,20,5000,415.9823174518533,8345.85546875,7938.94821870767,2953,4476.4368233629975,4060.454505911144,10.76112285441342,14660.1953125,6314.33984375,1.7565838957304314,0.1895489799686939,0.18096966168957482,22.093711155352572
cd8+_tcells,30,5000,173.51751466800488,11489.51953125,11206.401113412136,1343,4476.4368233629975,4302.919308694993,25.798184303918074,14660.1953125,3170.67578125,1.2759624345148788,0.1895489799686939,0.1836463935699621,32.11286835367957
cd8+_tcells,40,5000,302.5754721642006,11624.890625,11375.846314709595,2277,4476.4368233629975,4173.861351198797,14.794447122051388,14660.1953125,3035.3046875,1.2611039351176692,0.1895489799686939,0.18081990635528442,21.714673098587575
cd8+_tcells,50,5000,557.536808763165,12320.828125,11721.046659462396,3969,4476.4368233629975,3918.9000145998325,8.028952982124153,14660.1953125,2339.3671875,1.1898709375511234,0.1895489799686939,0.1769706001907177,15.069427328039495
cd8+_tcells,60,5000,280.22521247994155,11940.04296875,11497.193752009216,2333,4476.4368233629975,4196.211610883056,15.974425654805845,14660.1953125,2720.15234375,1.2278176343979081,0.1895489799686939,0.18014145946095822,20.148665082667627
cd8+_tcells,70,5000,414.5487293869956,12046.01171875,11651.518565418955,3276,4476.4368233629975,4061.888093976002,10.79833685651968,14660.1953125,2614.18359375,1.217016524206177,0.1895489799686939,0.17433723865870382,12.460702302648958
cd8+_tcells,80,5000,665.6972607430071,12733.9765625,11960.085862516418,4949,4476.4368233629975,3810.7395626199905,6.724433293246086,14660.1953125,1926.21875,1.1512660825584113,0.1895489799686939,0.1741735731964251,12.328062780788725
cd8+_tcells,90,5000,403.40456621395424,12398.32421875,11750.04196700066,3412,4476.4368233629975,4073.0322571490433,11.096643911037992,14660.1953125,2261.87109375,1.1824336139177074,0.1895489799686939,0.1735644818376994,11.858300361720573
cd8+_tcells,100,5000,533.4562828489579,12449.6171875,11877.683696311358,4380,4476.4368233629975,3942.9805405140396,8.391384575051392,14660.1953125,2210.578125,1.1775619355765834,0.1895489799686939,0.1729527099133939,11.421179538360287
cd8+_tcells,1,7000,342.32649071188644,1056.38671875,1011.1462002840908,2860,6376.0075024811085,6033.681011769222,18.625515919676143,14716.4609375,13660.07421875,13.930940891526614,0.2821473318531148,0.2757261669786788,43.94020981713183
cd8+_tcells,2,7000,252.4718396659009,1415.6171875,1367.378859027442,2068,6376.0075024811085,6123.535662815208,25.254331377782798,14716.4609375,13300.84375,10.395791367502028,0.2821473318531148,0.2769140602489508,53.914138839768285
cd8+_tcells,3,7000,253.4391579879448,1794.68359375,1728.085341988358,2040,6376.0075024811085,6122.568344493164,25.157941468478175,14716.4609375,12921.77734375,8.200030907258634,0.2821473318531148,0.2766813695647709,51.61896789057448
cd8+_tcells,4,7000,222.9524816838093,2159.96484375,2086.7551491477275,1804,6376.0075024811085,6153.055020797299,28.59805575756518,14716.4609375,12556.49609375,6.813287253300925,0.2821473318531148,0.2770725062724694,55.59744416225478
cd8+_tcells,5,7000,220.2368751689792,2516.8125,2427.4713712699886,1751,6376.0075024811085,6155.770627312129,28.950680932014887,14716.4609375,12199.6484375,5.847261541135861,0.2821473318531148,0.2768641361058329,53.40467121595373
cd8+_tcells,6,7000,227.43046979303472,2872.8359375,2782.225659371493,1782,6376.0075024811085,6148.577032688074,28.034974857517444,14716.4609375,11843.625,5.122624910598467,0.2821473318531148,0.27619592710969293,47.40852689694359
cd8+_tcells,7,7000,209.6638360270299,3236.21484375,3131.5445128064466,1652,6376.0075024811085,6166.343666454079,30.41062122730175,14716.4609375,11480.24609375,4.547430145412452,0.2821473318531148,0.277091637860587,55.80783415098344
cd8+_tcells,8,7000,222.14810649305585,3585.21484375,3469.818128602305,1735,6376.0075024811085,6153.859395988053,28.70160634333571,14716.4609375,11131.24609375,4.1047640319672265,0.2821473318531148,0.2768350914440677,53.11268130346643
cd8+_tcells,9,7000,231.3180360738188,3943.59765625,3829.4935725232526,1774,6376.0075024811085,6144.68946640729,27.56381478375677,14716.4609375,10772.86328125,3.731734882785686,0.2821473318531148,0.2765793299708217,50.67299505597806
cd8+_tcells,10,7000,214.745755410986,4314.47265625,4194.469101017001,1647,6376.0075024811085,6161.2617470701225,29.690959387199715,14716.4609375,10401.98828125,3.4109524175988337,0.2821473318531148,0.2759741367257762,45.70523465289436
cd8+_tcells,20,7000,542.2828049680684,8608.2578125,8109.554755770327,3948,6376.0075024811085,5833.72469751304,11.757716534745281,14716.4609375,6108.203125,1.7095748359360607,0.2821473318531148,0.27058982575111,24.412475266110622
cd8+_tcells,30,7000,235.06848380493463,11647.375,11300.819493345689,1855,6376.0075024811085,6140.939018676174,27.12404231854437,14716.4609375,3069.0859375,1.2635002253726697,0.2821473318531148,0.2738006074350475,33.80336018311319
cd8+_tcells,40,7000,394.37739374290686,11846.84375,11518.601267244983,2990,6376.0075024811085,5981.630108738202,16.167274300305365,14716.4609375,2869.6171875,1.2422263050021234,0.2821473318531148,0.2684797616055307,20.64356185789406
cd8+_tcells,50,7000,771.8568464939017,12841.53515625,11997.545768755615,5565,6376.0075024811085,5604.150655987207,8.260608856996754,14716.4609375,1874.92578125,1.1460048007062045,0.2821473318531148,0.26510239532359603,16.55314652327897
cd8+_tcells,60,7000,382.15827939799055,12240.45703125,11691.196864396978,3242,6376.0075024811085,5993.849223083118,16.68420611618086,14716.4609375,2476.00390625,1.202280347860275,0.2821473318531148,0.268598907621339,20.825103128331374
cd8+_tcells,70,7000,545.9875228148885,12371.796875,11862.177063899251,4422,6376.0075024811085,5830.01997966622,11.677936282516164,14716.4609375,2344.6640625,1.1895168572673482,0.2821473318531148,0.2647046453972058,16.175680997667232
cd8+_tcells,80,7000,905.8349679221864,13347.53125,12282.903883218136,6818,6376.0075024811085,5470.172534558922,7.0388180278649,14716.4609375,1368.9296875,1.1025605156384257,0.2821473318531148,0.2590864399105116,12.234883739768522
cd8+_tcells,90,7000,552.4400576232001,12859.12109375,12014.6465235447,4737,6376.0075024811085,5823.567444857908,11.541537248245598,14716.4609375,1857.33984375,1.1444375420535338,0.2821473318531148,0.2593569827666475,12.380123304941007
cd8+_tcells,100,7000,714.6027885980438,12927.35546875,12160.71121007534,5890,6376.0075024811085,5661.404713883065,8.922449791988626,14716.4609375,1789.10546875,1.1383968649330407,0.2821473318531148,0.258438255949739,11.900393461262716
cd8+_tcells,1,10000,461.08196869306266,1089.2421875,1040.74255212396,3846,8952.89575508202,8491.813786388957,19.417145676850065,14589.4296875,13500.1875,13.394110010543454,0.3388433321567309,0.3298851146955532,37.8248612098533
cd8+_tcells,2,10000,352.89411512599327,1448.8984375,1388.16428667311,2910,8952.89575508202,8600.001639956026,25.369920810058225,14589.4296875,13140.53125,10.0693252956179,0.3388433321567309,0.3318030209935708,48.12902786595563
cd8+_tcells,3,10000,347.06892105494626,1808.91796875,1744.343146920162,2837,8952.89575508202,8605.826834027073,25.795728778793883,14589.4296875,12780.51171875,8.065279874234209,0.3388433321567309,0.3313202379727279,45.040421383696426
cd8+_tcells,4,10000,322.6569583590608,2179.15234375,2099.6769229389824,2614,8952.89575508202,8630.238796722959,27.747412610017264,14589.4296875,12410.27734375,6.695002177954086,0.3388433321567309,0.3314259738509362,45.68248130766646
cd8+_tcells,5,10000,316.5596629080828,2562.58203125,2456.207769402876,2556,8952.89575508202,8636.336092173937,28.281859011461002,14589.4296875,12026.84765625,5.693253722060727,0.3388433321567309,0.3314607855681408,45.89789283286357
cd8+_tcells,6,10000,306.54709590389393,2904.0703125,2804.495685420069,2449,8952.89575508202,8646.348659178126,29.205612692833522,14589.4296875,11685.359375,5.023786657197199,0.3388433321567309,0.3307823579908934,42.03503511929771
cd8+_tcells,7,10000,301.5489293570863,3280.26953125,3157.906728883368,2390,8952.89575508202,8651.346825724933,29.689695049390263,14589.4296875,11309.16015625,4.447631375565794,0.3388433321567309,0.3304337007945741,40.29229315348116
cd8+_tcells,8,10000,296.38124362612143,3661.87890625,3535.003287190303,2341,8952.89575508202,8656.514511455898,30.20736280591327,14589.4296875,10927.55078125,3.9841376683972647,0.3388433321567309,0.3314076429003883,45.569861848072726
cd8+_tcells,9,10000,318.6298123479355,4018.8359375,3891.016031868812,2525,8952.89575508202,8634.265942734084,28.098110748361766,14589.4296875,10570.59375,3.630262572145619,0.3388433321567309,0.3311806842057874,44.22013569278088
cd8+_tcells,10,10000,301.95256197988056,4389.046875,4231.524321335009,2338,8952.89575508202,8650.943193102139,29.650007591850013,14589.4296875,10200.3828125,3.324054197416153,0.3388433321567309,0.3313190410849046,45.033256810795685
cd8+_tcells,20,10000,797.9973857710138,9136.375,8378.910957275099,5847,8952.89575508202,8154.898369311006,11.219204366730924,14589.4296875,5453.0546875,1.596851014488788,0.3388433321567309,0.32247347226470663,20.699220053912722
cd8+_tcells,30,10000,312.0303843729198,11933.32421875,11470.799914570129,2524,8952.89575508202,8640.8653707091,28.69238447106504,14589.4296875,2656.10546875,1.222578840569558,0.3388433321567309,0.327550338096903,30.004738368019183
cd8+_tcells,40,10000,571.4201241990086,12201.6640625,11752.94631719393,4374,8952.89575508202,8381.475630883011,15.667799183012312,14589.4296875,2387.765625,1.1956918017714029,0.3388433321567309,0.3189567894906694,17.03882559410405
cd8+_tcells,50,10000,1069.0868999741506,13550.08984375,12395.09721334617,7726,8952.89575508202,7883.808855107869,8.374338657875699,14589.4296875,1039.33984375,1.0767035389237214,0.3388433321567309,0.3141388806861238,13.71588163209697
cd8+_tcells,60,10000,538.4582306239754,12780.7421875,11978.80267307378,4588,8952.89575508202,8414.437524458044,16.626908543504364,14589.4296875,1808.6875,1.1415166250492836,0.3388433321567309,0.31738346038611953,15.789625202736108
cd8+_tcells,70,10000,784.282926902175,13009.140625,12250.271117894592,6342,8952.89575508202,8168.612828179845,11.415390349557782,14589.4296875,1580.2890625,1.1214752848057556,0.3388433321567309,0.3095144579781877,11.553233516362736
cd8+_tcells,80,10000,1290.9035292919723,13972.60546875,12847.21460428794,9706,8952.89575508202,7661.992225790047,6.935371661732503,14589.4296875,616.82421875,1.0441452540923408,0.3388433321567309,0.30301142593407193,9.456469607035775
cd8+_tcells,90,10000,777.3978529300002,13608.1796875,12405.604928134757,6727,8952.89575508202,8175.497902152019,11.516491486744782,14589.4296875,981.25,1.0721073664908571,0.3388433321567309,0.3075352113560435,10.822857568292354
cd8+_tcells,100,10000,1021.7940906480652,13867.42578125,12714.668302621469,8459,8952.89575508202,7931.101664433954,8.761937299327807,14589.4296875,722.00390625,1.0520647391692706,0.3388433321567309,0.299944306581375,8.71084370739101
